"dataset","backend","graph_mode","knn_recall_at_k","affinity_edge_jaccard","affinity_weight_pearson","affinity_weight_spearman","affinity_weight_l1_similarity","umap_graph_edge_jaccard","umap_graph_weight_pearson","umap_graph_weight_spearman","umap_graph_weight_l1_similarity","validation_sample_n","suite","profile","source_file"
"COIL20","cpu","fuzzy",0.999675925925926,0.999037604705044,0.997998934534299,0.999928166237892,0.999675925925926,0.999037604705044,0.999959808105784,0.999989134409032,0.043940142262727,1440,"landmark","cpu1","/Users/stefano/Documents/fastEmbedR-results/COIL20/landmark/cpu1/20260726_110344_1117497/knn_affinity_umap_graph_agreement.csv"
"COIL20","cpu","binary",0.999675925925926,0.999037604705044,0.997998934534299,0.999928166237892,0.999675925925926,0.999037604705044,-0.000481098998462159,,0,1440,"landmark","cpu1","/Users/stefano/Documents/fastEmbedR-results/COIL20/landmark/cpu1/20260726_110344_1117497/knn_affinity_umap_graph_agreement.csv"
"COIL20","cpu","fuzzy",0.999675925925926,0.999037604705044,0.997998934534299,0.999928166237892,0.999675925925926,0.999037604705044,0.999959808105784,0.999989134409032,0.043940142262727,1440,"landmark","cpu4","/Users/stefano/Documents/fastEmbedR-results/COIL20/landmark/cpu4/20260726_105406_1117508/knn_affinity_umap_graph_agreement.csv"
"COIL20","cpu","binary",0.999675925925926,0.999037604705044,0.997998934534299,0.999928166237892,0.999675925925926,0.999037604705044,-0.000481098998462159,,0,1440,"landmark","cpu4","/Users/stefano/Documents/fastEmbedR-results/COIL20/landmark/cpu4/20260726_105406_1117508/knn_affinity_umap_graph_agreement.csv"
"COIL20","cuda","fuzzy",1,1,1,1,1,1,0.999999970682086,0.999984777448444,0.79597947948605,1440,"landmark","cuda","/Users/stefano/Documents/fastEmbedR-results/COIL20/landmark/cuda/20260726_111014_1117519/knn_affinity_umap_graph_agreement.csv"
"COIL20","cuda","binary",1,1,1,1,1,1,,,1,1440,"landmark","cuda","/Users/stefano/Documents/fastEmbedR-results/COIL20/landmark/cuda/20260726_111014_1117519/knn_affinity_umap_graph_agreement.csv"
"COIL20","cpu","fuzzy",0.999675925925926,0.999037604705044,0.997998934534299,0.999928166237892,0.999675925925926,0.999037604705044,0.999959808105784,0.999989134409032,0.043940142262727,1440,"standard","cpu1","/Users/stefano/Documents/fastEmbedR-results/COIL20/standard/cpu1/20260721_084502_1071167/knn_affinity_umap_graph_agreement.csv"
"COIL20","cpu","binary",0.999675925925926,0.999037604705044,0.997998934534299,0.999928166237892,0.999675925925926,0.999037604705044,-0.000481098998462159,,0,1440,"standard","cpu1","/Users/stefano/Documents/fastEmbedR-results/COIL20/standard/cpu1/20260721_084502_1071167/knn_affinity_umap_graph_agreement.csv"
"COIL20","cpu","fuzzy",0.999675925925926,0.999037604705044,0.997998934534299,0.999928166237892,0.999675925925926,0.999037604705044,0.999959808105784,0.999989134409032,0.043940142262727,1440,"standard","cpu4","/Users/stefano/Documents/fastEmbedR-results/COIL20/standard/cpu4/20260721_084502_1071178/knn_affinity_umap_graph_agreement.csv"
"COIL20","cpu","binary",0.999675925925926,0.999037604705044,0.997998934534299,0.999928166237892,0.999675925925926,0.999037604705044,-0.000481098998462159,,0,1440,"standard","cpu4","/Users/stefano/Documents/fastEmbedR-results/COIL20/standard/cpu4/20260721_084502_1071178/knn_affinity_umap_graph_agreement.csv"
"COIL20","cuda","fuzzy",1,1,1,1,1,1,0.999999970682086,0.999984777448444,0.79597947948605,1440,"standard","cuda","/Users/stefano/Documents/fastEmbedR-results/COIL20/standard/cuda/20260721_192838_1071189/knn_affinity_umap_graph_agreement.csv"
"COIL20","cuda","binary",1,1,1,1,1,1,,,1,1440,"standard","cuda","/Users/stefano/Documents/fastEmbedR-results/COIL20/standard/cuda/20260721_192838_1071189/knn_affinity_umap_graph_agreement.csv"
"FashionMNIST","cpu","fuzzy",0.999966666666667,0.999908846451848,0.999803956292645,1,0.999966666666667,0.999908846451848,0.99998922025927,0.999998732740387,0.707352356985211,2000,"landmark","cpu1","/Users/stefano/Documents/fastEmbedR-results/FashionMNIST/landmark/cpu1/20260726_110344_1117498/knn_affinity_umap_graph_agreement.csv"
"FashionMNIST","cpu","binary",0.999966666666667,0.999908846451848,0.999803956292645,1,0.999966666666667,0.999908846451848,-4.55788514129444e-05,,0,2000,"landmark","cpu1","/Users/stefano/Documents/fastEmbedR-results/FashionMNIST/landmark/cpu1/20260726_110344_1117498/knn_affinity_umap_graph_agreement.csv"
"FashionMNIST","cpu","fuzzy",0.999966666666667,0.999908846451848,0.999803956292645,1,0.999966666666667,0.999908846451848,0.99998922025927,0.999998732740387,0.707352356985211,2000,"landmark","cpu4","/Users/stefano/Documents/fastEmbedR-results/FashionMNIST/landmark/cpu4/20260726_105406_1117509/knn_affinity_umap_graph_agreement.csv"
"FashionMNIST","cpu","binary",0.999966666666667,0.999908846451848,0.999803956292645,1,0.999966666666667,0.999908846451848,-4.55788514129444e-05,,0,2000,"landmark","cpu4","/Users/stefano/Documents/fastEmbedR-results/FashionMNIST/landmark/cpu4/20260726_105406_1117509/knn_affinity_umap_graph_agreement.csv"
"FashionMNIST","cuda","fuzzy",1,1,1,1,1,1,0.999999999956214,0.999991247274111,0.987945877855964,2000,"landmark","cuda","/Users/stefano/Documents/fastEmbedR-results/FashionMNIST/landmark/cuda/20260726_111014_1117520/knn_affinity_umap_graph_agreement.csv"
"FashionMNIST","cuda","binary",1,1,1,1,1,1,,,1,2000,"landmark","cuda","/Users/stefano/Documents/fastEmbedR-results/FashionMNIST/landmark/cuda/20260726_111014_1117520/knn_affinity_umap_graph_agreement.csv"
"FashionMNIST","cpu","fuzzy",0.999966666666667,0.999908846451848,0.999803956292645,1,0.999966666666667,0.999908846451848,0.99998922025927,0.999998732740387,0.707352356985211,2000,"standard","cpu1","/Users/stefano/Documents/fastEmbedR-results/FashionMNIST/standard/cpu1/20260721_084502_1071168/knn_affinity_umap_graph_agreement.csv"
"FashionMNIST","cpu","binary",0.999966666666667,0.999908846451848,0.999803956292645,1,0.999966666666667,0.999908846451848,-4.55788514129444e-05,,0,2000,"standard","cpu1","/Users/stefano/Documents/fastEmbedR-results/FashionMNIST/standard/cpu1/20260721_084502_1071168/knn_affinity_umap_graph_agreement.csv"
"FashionMNIST","cpu","fuzzy",0.999966666666667,0.999908846451848,0.999803956292645,1,0.999966666666667,0.999908846451848,0.99998922025927,0.999998732740387,0.707352356985211,2000,"standard","cpu4","/Users/stefano/Documents/fastEmbedR-results/FashionMNIST/standard/cpu4/20260721_084502_1071179/knn_affinity_umap_graph_agreement.csv"
"FashionMNIST","cpu","binary",0.999966666666667,0.999908846451848,0.999803956292645,1,0.999966666666667,0.999908846451848,-4.55788514129444e-05,,0,2000,"standard","cpu4","/Users/stefano/Documents/fastEmbedR-results/FashionMNIST/standard/cpu4/20260721_084502_1071179/knn_affinity_umap_graph_agreement.csv"
"FashionMNIST","cuda","fuzzy",1,1,1,1,1,1,0.999999999956214,0.999991247274111,0.987945877855964,2000,"standard","cuda","/Users/stefano/Documents/fastEmbedR-results/FashionMNIST/standard/cuda/20260721_193104_1071190/knn_affinity_umap_graph_agreement.csv"
"FashionMNIST","cuda","binary",1,1,1,1,1,1,,,1,2000,"standard","cuda","/Users/stefano/Documents/fastEmbedR-results/FashionMNIST/standard/cuda/20260721_193104_1071190/knn_affinity_umap_graph_agreement.csv"
"FlowRepository_FR-FCM-ZYRM_files","cuda","fuzzy",1,1,0.999999999999994,0.999999999662407,0.999999988315004,1,0.999999999923857,0.999981986792142,0.973405789609615,2000,"landmark","cuda","/Users/stefano/Documents/fastEmbedR-results/FlowRepository_FR-FCM-ZYRM_files/landmark/cuda/20260726_111146_1117522/knn_affinity_umap_graph_agreement.csv"
"FlowRepository_FR-FCM-ZYRM_files","cuda","binary",1,1,0.999999999999994,0.999999999662407,0.999999988315004,1,,,1,2000,"landmark","cuda","/Users/stefano/Documents/fastEmbedR-results/FlowRepository_FR-FCM-ZYRM_files/landmark/cuda/20260726_111146_1117522/knn_affinity_umap_graph_agreement.csv"
"FlowRepository_FR-FCM-ZYRM_files","cuda","fuzzy",1,1,0.999999999999994,0.999999999662407,0.999999988315004,1,0.999999999923857,0.999981986792142,0.973405789609615,2000,"standard","cuda","/Users/stefano/Documents/fastEmbedR-results/FlowRepository_FR-FCM-ZYRM_files/standard/cuda/20260721_193418_1071192/knn_affinity_umap_graph_agreement.csv"
"FlowRepository_FR-FCM-ZYRM_files","cuda","binary",1,1,0.999999999999994,0.999999999662407,0.999999988315004,1,,,1,2000,"standard","cuda","/Users/stefano/Documents/fastEmbedR-results/FlowRepository_FR-FCM-ZYRM_files/standard/cuda/20260721_193418_1071192/knn_affinity_umap_graph_agreement.csv"
"MNIST","cpu","fuzzy",0.999683333333333,0.999154035953472,0.998160643655527,0.999902830191502,0.999683333333333,0.999154035953472,0.999940905094897,0.999971325965246,0,2000,"landmark","cpu1","/Users/stefano/Documents/fastEmbedR-results/MNIST/landmark/cpu1/20260726_110549_1117505/knn_affinity_umap_graph_agreement.csv"
"MNIST","cpu","binary",0.999683333333333,0.999154035953472,0.998160643655527,0.999902830191502,0.999683333333333,0.999154035953472,-0.000422507481970468,,0,2000,"landmark","cpu1","/Users/stefano/Documents/fastEmbedR-results/MNIST/landmark/cpu1/20260726_110549_1117505/knn_affinity_umap_graph_agreement.csv"
"MNIST","cpu","fuzzy",0.999683333333333,0.999154035953472,0.998160643655527,0.999902830191502,0.999683333333333,0.999154035953472,0.999940905094897,0.999971325965246,0,2000,"landmark","cpu4","/Users/stefano/Documents/fastEmbedR-results/MNIST/landmark/cpu4/20260726_110110_1117516/knn_affinity_umap_graph_agreement.csv"
"MNIST","cpu","binary",0.999683333333333,0.999154035953472,0.998160643655527,0.999902830191502,0.999683333333333,0.999154035953472,-0.000422507481970468,,0,2000,"landmark","cpu4","/Users/stefano/Documents/fastEmbedR-results/MNIST/landmark/cpu4/20260726_110110_1117516/knn_affinity_umap_graph_agreement.csv"
"MNIST","cuda","fuzzy",1,1,1,1,1,1,0.999999999999873,0.999998430890001,0.999539908138104,2000,"landmark","cuda","/Users/stefano/Documents/fastEmbedR-results/MNIST/landmark/cuda/20260726_111421_1117527/knn_affinity_umap_graph_agreement.csv"
"MNIST","cuda","binary",1,1,1,1,1,1,,,1,2000,"landmark","cuda","/Users/stefano/Documents/fastEmbedR-results/MNIST/landmark/cuda/20260726_111421_1117527/knn_affinity_umap_graph_agreement.csv"
"MNIST","cpu","fuzzy",0.999683333333333,0.999154035953472,0.998160643655527,0.999902830191502,0.999683333333333,0.999154035953472,0.999940905094897,0.999971325965246,0,2000,"standard","cpu1","/Users/stefano/Documents/fastEmbedR-results/MNIST/standard/cpu1/20260721_084502_1071175/knn_affinity_umap_graph_agreement.csv"
"MNIST","cpu","binary",0.999683333333333,0.999154035953472,0.998160643655527,0.999902830191502,0.999683333333333,0.999154035953472,-0.000422507481970468,,0,2000,"standard","cpu1","/Users/stefano/Documents/fastEmbedR-results/MNIST/standard/cpu1/20260721_084502_1071175/knn_affinity_umap_graph_agreement.csv"
"MNIST","cpu","fuzzy",0.999683333333333,0.999154035953472,0.998160643655527,0.999902830191502,0.999683333333333,0.999154035953472,0.999940905094897,0.999971325965246,0,2000,"standard","cpu4","/Users/stefano/Documents/fastEmbedR-results/MNIST/standard/cpu4/20260721_084502_1071186/knn_affinity_umap_graph_agreement.csv"
"MNIST","cpu","binary",0.999683333333333,0.999154035953472,0.998160643655527,0.999902830191502,0.999683333333333,0.999154035953472,-0.000422507481970468,,0,2000,"standard","cpu4","/Users/stefano/Documents/fastEmbedR-results/MNIST/standard/cpu4/20260721_084502_1071186/knn_affinity_umap_graph_agreement.csv"
"MNIST","cuda","fuzzy",1,1,1,1,1,1,0.999999999999873,0.999998430890001,0.999539908138104,2000,"standard","cuda","/Users/stefano/Documents/fastEmbedR-results/MNIST/standard/cuda/20260722_125640_1071197/knn_affinity_umap_graph_agreement.csv"
"MNIST","cuda","binary",1,1,1,1,1,1,,,1,2000,"standard","cuda","/Users/stefano/Documents/fastEmbedR-results/MNIST/standard/cuda/20260722_125640_1071197/knn_affinity_umap_graph_agreement.csv"
"Macosko2015_retina","cpu","fuzzy",0.99795,0.995014871601525,0.986944966750025,0.999745055375788,0.997948880119176,0.995014349456397,0.99847144475113,0.999754924530074,0,2000,"landmark","cpu1","/Users/stefano/Documents/fastEmbedR-results/Macosko2015_retina/landmark/cpu1/20260726_110400_1117502/knn_affinity_umap_graph_agreement.csv"
"Macosko2015_retina","cpu","binary",0.99795,0.995014871601525,0.986944966750025,0.999745055375788,0.997948880119176,0.995014871601525,-0.00249843966560774,,0,2000,"landmark","cpu1","/Users/stefano/Documents/fastEmbedR-results/Macosko2015_retina/landmark/cpu1/20260726_110400_1117502/knn_affinity_umap_graph_agreement.csv"
"Macosko2015_retina","cpu","fuzzy",0.99795,0.995014871601525,0.986944966750025,0.999745055375788,0.997948880119176,0.995014349456397,0.99847144475113,0.999754924530074,0,2000,"landmark","cpu4","/Users/stefano/Documents/fastEmbedR-results/Macosko2015_retina/landmark/cpu4/20260726_105707_1117513/knn_affinity_umap_graph_agreement.csv"
"Macosko2015_retina","cpu","binary",0.99795,0.995014871601525,0.986944966750025,0.999745055375788,0.997948880119176,0.995014871601525,-0.00249843966560774,,0,2000,"landmark","cpu4","/Users/stefano/Documents/fastEmbedR-results/Macosko2015_retina/landmark/cpu4/20260726_105707_1117513/knn_affinity_umap_graph_agreement.csv"
"Macosko2015_retina","cuda","fuzzy",0.999983333333333,0.999958002603839,0.999892382890923,0.999999999128483,0.999983370693233,0.999957998193922,0.999999482760652,0.999986836684928,0.901561935322775,2000,"landmark","cuda","/Users/stefano/Documents/fastEmbedR-results/Macosko2015_retina/landmark/cuda/20260726_111229_1117524/knn_affinity_umap_graph_agreement.csv"
"Macosko2015_retina","cuda","binary",0.999983333333333,0.999958002603839,0.999892382890923,0.999999999128483,0.999983370693233,0.999958002603839,-2.09991390352995e-05,,0,2000,"landmark","cuda","/Users/stefano/Documents/fastEmbedR-results/Macosko2015_retina/landmark/cuda/20260726_111229_1117524/knn_affinity_umap_graph_agreement.csv"
"Macosko2015_retina","cpu","fuzzy",0.99795,0.995014871601525,0.986944966750025,0.999745055375788,0.997948880119176,0.995014349456397,0.99847144475113,0.999754924530074,0,2000,"standard","cpu1","/Users/stefano/Documents/fastEmbedR-results/Macosko2015_retina/standard/cpu1/20260721_084502_1071172/knn_affinity_umap_graph_agreement.csv"
"Macosko2015_retina","cpu","binary",0.99795,0.995014871601525,0.986944966750025,0.999745055375788,0.997948880119176,0.995014871601525,-0.00249843966560774,,0,2000,"standard","cpu1","/Users/stefano/Documents/fastEmbedR-results/Macosko2015_retina/standard/cpu1/20260721_084502_1071172/knn_affinity_umap_graph_agreement.csv"
"Macosko2015_retina","cpu","fuzzy",0.99795,0.995014871601525,0.986944966750025,0.999745055375788,0.997948880119176,0.995014349456397,0.99847144475113,0.999754924530074,0,2000,"standard","cpu4","/Users/stefano/Documents/fastEmbedR-results/Macosko2015_retina/standard/cpu4/20260721_084502_1071183/knn_affinity_umap_graph_agreement.csv"
"Macosko2015_retina","cpu","binary",0.99795,0.995014871601525,0.986944966750025,0.999745055375788,0.997948880119176,0.995014871601525,-0.00249843966560774,,0,2000,"standard","cpu4","/Users/stefano/Documents/fastEmbedR-results/Macosko2015_retina/standard/cpu4/20260721_084502_1071183/knn_affinity_umap_graph_agreement.csv"
"Macosko2015_retina","cuda","fuzzy",0.999983333333333,0.999958002603839,0.999892382890923,0.999999999128483,0.999983370693233,0.999957998193922,0.999999482760652,0.999986836684928,0.901561935322775,2000,"standard","cuda","/Users/stefano/Documents/fastEmbedR-results/Macosko2015_retina/standard/cuda/20260722_125341_1071194/knn_affinity_umap_graph_agreement.csv"
"Macosko2015_retina","cuda","binary",0.999983333333333,0.999958002603839,0.999892382890923,0.999999999128483,0.999983370693233,0.999958002603839,-2.09991390352995e-05,,0,2000,"standard","cuda","/Users/stefano/Documents/fastEmbedR-results/Macosko2015_retina/standard/cuda/20260722_125341_1071194/knn_affinity_umap_graph_agreement.csv"
"MetRef","cpu","fuzzy",0.999503627338679,0.998766837412256,0.996702095586042,0.999999037634426,0.999504451140095,0.998766837412256,0.999931726447371,0.999990908731033,0.0373311952062068,873,"landmark","cpu1","/Users/stefano/Documents/fastEmbedR-results/MetRef/landmark/cpu1/20260726_110549_1117504/knn_affinity_umap_graph_agreement.csv"
"MetRef","cpu","binary",0.999503627338679,0.998766837412256,0.996702095586042,0.999999037634426,0.999504451140095,0.998766837412256,-0.000616961700915951,,0,873,"landmark","cpu1","/Users/stefano/Documents/fastEmbedR-results/MetRef/landmark/cpu1/20260726_110549_1117504/knn_affinity_umap_graph_agreement.csv"
"MetRef","cpu","fuzzy",0.999503627338679,0.998766837412256,0.996702095586042,0.999999037634426,0.999504451140095,0.998766837412256,0.999931726447371,0.999990908731033,0.0373311952062068,873,"landmark","cpu4","/Users/stefano/Documents/fastEmbedR-results/MetRef/landmark/cpu4/20260726_110110_1117515/knn_affinity_umap_graph_agreement.csv"
"MetRef","cpu","binary",0.999503627338679,0.998766837412256,0.996702095586042,0.999999037634426,0.999504451140095,0.998766837412256,-0.000616961700915951,,0,873,"landmark","cpu4","/Users/stefano/Documents/fastEmbedR-results/MetRef/landmark/cpu4/20260726_110110_1117515/knn_affinity_umap_graph_agreement.csv"
"MetRef","cuda","fuzzy",1,1,1,0.999999999926885,0.999999998961253,1,0.999999999998932,0.999990182887465,0.998173436120851,873,"landmark","cuda","/Users/stefano/Documents/fastEmbedR-results/MetRef/landmark/cuda/20260726_111333_1117526/knn_affinity_umap_graph_agreement.csv"
"MetRef","cuda","binary",1,1,1,0.999999999926885,0.999999998961253,1,,,1,873,"landmark","cuda","/Users/stefano/Documents/fastEmbedR-results/MetRef/landmark/cuda/20260726_111333_1117526/knn_affinity_umap_graph_agreement.csv"
"MetRef","cpu","fuzzy",0.999503627338679,0.998766837412256,0.996702095586042,0.999999037634426,0.999504451140095,0.998766837412256,0.999931726447371,0.999990908731033,0.0373311952062068,873,"standard","cpu1","/Users/stefano/Documents/fastEmbedR-results/MetRef/standard/cpu1/20260721_084502_1071174/knn_affinity_umap_graph_agreement.csv"
"MetRef","cpu","binary",0.999503627338679,0.998766837412256,0.996702095586042,0.999999037634426,0.999504451140095,0.998766837412256,-0.000616961700915951,,0,873,"standard","cpu1","/Users/stefano/Documents/fastEmbedR-results/MetRef/standard/cpu1/20260721_084502_1071174/knn_affinity_umap_graph_agreement.csv"
"MetRef","cpu","fuzzy",0.999503627338679,0.998766837412256,0.996702095586042,0.999999037634426,0.999504451140095,0.998766837412256,0.999931726447371,0.999990908731033,0.0373311952062068,873,"standard","cpu4","/Users/stefano/Documents/fastEmbedR-results/MetRef/standard/cpu4/20260721_084502_1071185/knn_affinity_umap_graph_agreement.csv"
"MetRef","cpu","binary",0.999503627338679,0.998766837412256,0.996702095586042,0.999999037634426,0.999504451140095,0.998766837412256,-0.000616961700915951,,0,873,"standard","cpu4","/Users/stefano/Documents/fastEmbedR-results/MetRef/standard/cpu4/20260721_084502_1071185/knn_affinity_umap_graph_agreement.csv"
"MetRef","cuda","fuzzy",1,1,1,0.999999999926885,0.999999998961253,1,0.999999999998932,0.999990182887465,0.998173436120851,873,"standard","cuda","/Users/stefano/Documents/fastEmbedR-results/MetRef/standard/cuda/20260722_125527_1071196/knn_affinity_umap_graph_agreement.csv"
"MetRef","cuda","binary",1,1,1,0.999999999926885,0.999999998961253,1,,,1,873,"standard","cuda","/Users/stefano/Documents/fastEmbedR-results/MetRef/standard/cuda/20260722_125527_1071196/knn_affinity_umap_graph_agreement.csv"
"TabulaMuris","cpu","fuzzy",0.999966666666667,0.999897920122496,0.999797710545833,0.999999991902225,0.999966738111742,0.999897546232263,0.999998149455853,0.999990128560883,0.898649121410983,2000,"landmark","cpu1","/Users/stefano/Documents/fastEmbedR-results/TabulaMuris/landmark/cpu1/20260726_110549_1117506/knn_affinity_umap_graph_agreement.csv"
"TabulaMuris","cpu","binary",0.999966666666667,0.999897920122496,0.999797710545833,0.999999991902225,0.999966738111742,0.999897920122496,-5.1042543960391e-05,,0,2000,"landmark","cpu1","/Users/stefano/Documents/fastEmbedR-results/TabulaMuris/landmark/cpu1/20260726_110549_1117506/knn_affinity_umap_graph_agreement.csv"
"TabulaMuris","cpu","fuzzy",0.999966666666667,0.999897920122496,0.999797710545833,0.999999991902225,0.999966738111742,0.999897546232263,0.999998149455853,0.999990128560883,0.898649121410983,2000,"landmark","cpu4","/Users/stefano/Documents/fastEmbedR-results/TabulaMuris/landmark/cpu4/20260726_110110_1117517/knn_affinity_umap_graph_agreement.csv"
"TabulaMuris","cpu","binary",0.999966666666667,0.999897920122496,0.999797710545833,0.999999991902225,0.999966738111742,0.999897920122496,-5.1042543960391e-05,,0,2000,"landmark","cpu4","/Users/stefano/Documents/fastEmbedR-results/TabulaMuris/landmark/cpu4/20260726_110110_1117517/knn_affinity_umap_graph_agreement.csv"
"TabulaMuris","cuda","fuzzy",1,1,0.999999999999994,0.999999999743775,0.999999991826941,1,0.999999999892679,0.999978290147732,0.974845463436793,2000,"landmark","cuda","/Users/stefano/Documents/fastEmbedR-results/TabulaMuris/landmark/cuda/20260726_111519_1117528/knn_affinity_umap_graph_agreement.csv"
"TabulaMuris","cuda","binary",1,1,0.999999999999994,0.999999999743775,0.999999991826941,1,,,1,2000,"landmark","cuda","/Users/stefano/Documents/fastEmbedR-results/TabulaMuris/landmark/cuda/20260726_111519_1117528/knn_affinity_umap_graph_agreement.csv"
"TabulaMuris","cpu","fuzzy",0.999966666666667,0.999897920122496,0.999797710545833,0.999999991902225,0.999966738111742,0.999897546232263,0.999998149455853,0.999990128560883,0.898649121410983,2000,"standard","cpu1","/Users/stefano/Documents/fastEmbedR-results/TabulaMuris/standard/cpu1/20260721_084502_1071176/knn_affinity_umap_graph_agreement.csv"
"TabulaMuris","cpu","binary",0.999966666666667,0.999897920122496,0.999797710545833,0.999999991902225,0.999966738111742,0.999897920122496,-5.1042543960391e-05,,0,2000,"standard","cpu1","/Users/stefano/Documents/fastEmbedR-results/TabulaMuris/standard/cpu1/20260721_084502_1071176/knn_affinity_umap_graph_agreement.csv"
"TabulaMuris","cpu","fuzzy",0.999966666666667,0.999897920122496,0.999797710545833,0.999999991902225,0.999966738111742,0.999897546232263,0.999998149455853,0.999990128560883,0.898649121410983,2000,"standard","cpu4","/Users/stefano/Documents/fastEmbedR-results/TabulaMuris/standard/cpu4/20260721_084502_1071187/knn_affinity_umap_graph_agreement.csv"
"TabulaMuris","cpu","binary",0.999966666666667,0.999897920122496,0.999797710545833,0.999999991902225,0.999966738111742,0.999897920122496,-5.1042543960391e-05,,0,2000,"standard","cpu4","/Users/stefano/Documents/fastEmbedR-results/TabulaMuris/standard/cpu4/20260721_084502_1071187/knn_affinity_umap_graph_agreement.csv"
"TabulaMuris","cuda","fuzzy",1,1,0.999999999999994,0.999999999743775,0.999999991826941,1,0.999999999892679,0.999978290147732,0.974845463436793,2000,"standard","cuda","/Users/stefano/Documents/fastEmbedR-results/TabulaMuris/standard/cuda/20260722_155959_1071198/knn_affinity_umap_graph_agreement.csv"
"TabulaMuris","cuda","binary",1,1,0.999999999999994,0.999999999743775,0.999999991826941,1,,,1,2000,"standard","cuda","/Users/stefano/Documents/fastEmbedR-results/TabulaMuris/standard/cuda/20260722_155959_1071198/knn_affinity_umap_graph_agreement.csv"
"USPS","cpu","fuzzy",0.999683333333333,0.999205236091632,0.998160507268318,0.999838624267563,0.999683333303897,0.999205236091632,0.999961437197002,0.999956985368109,0,2000,"landmark","cpu1","/Users/stefano/Documents/fastEmbedR-results/USPS/landmark/cpu1/20260726_110711_1117507/knn_affinity_umap_graph_agreement.csv"
"USPS","cpu","binary",0.999683333333333,0.999205236091632,0.998160507268318,0.999838624267563,0.999683333303897,0.999205236091632,-0.000397539929378201,,0,2000,"landmark","cpu1","/Users/stefano/Documents/fastEmbedR-results/USPS/landmark/cpu1/20260726_110711_1117507/knn_affinity_umap_graph_agreement.csv"
"USPS","cpu","fuzzy",0.999683333333333,0.999205236091632,0.998160507268318,0.999838624267563,0.999683333303897,0.999205236091632,0.999961437197002,0.999956985368109,0,2000,"landmark","cpu4","/Users/stefano/Documents/fastEmbedR-results/USPS/landmark/cpu4/20260726_110212_1117518/knn_affinity_umap_graph_agreement.csv"
"USPS","cpu","binary",0.999683333333333,0.999205236091632,0.998160507268318,0.999838624267563,0.999683333303897,0.999205236091632,-0.000397539929378201,,0,2000,"landmark","cpu4","/Users/stefano/Documents/fastEmbedR-results/USPS/landmark/cpu4/20260726_110212_1117518/knn_affinity_umap_graph_agreement.csv"
"USPS","cuda","fuzzy",0.998833333333333,0.997664260855348,0.993276553727621,0.998080236810846,0.998834316848218,0.997664260855348,0.999946815315626,0.999872712003519,0,2000,"landmark","cuda","/Users/stefano/Documents/fastEmbedR-results/USPS/landmark/cuda/20260726_111548_1117529/knn_affinity_umap_graph_agreement.csv"
"USPS","cuda","binary",0.998833333333333,0.997664260855348,0.993276553727621,0.998080236810846,0.998834316848218,0.997664260855348,-0.00116923508640647,,0,2000,"landmark","cuda","/Users/stefano/Documents/fastEmbedR-results/USPS/landmark/cuda/20260726_111548_1117529/knn_affinity_umap_graph_agreement.csv"
"USPS","cpu","fuzzy",0.999683333333333,0.999205236091632,0.998160507268318,0.999838624267563,0.999683333303897,0.999205236091632,0.999961437197002,0.999956985368109,0,2000,"standard","cpu1","/Users/stefano/Documents/fastEmbedR-results/USPS/standard/cpu1/20260721_084502_1071177/knn_affinity_umap_graph_agreement.csv"
"USPS","cpu","binary",0.999683333333333,0.999205236091632,0.998160507268318,0.999838624267563,0.999683333303897,0.999205236091632,-0.000397539929378201,,0,2000,"standard","cpu1","/Users/stefano/Documents/fastEmbedR-results/USPS/standard/cpu1/20260721_084502_1071177/knn_affinity_umap_graph_agreement.csv"
"USPS","cpu","fuzzy",0.999683333333333,0.999205236091632,0.998160507268318,0.999838624267563,0.999683333303897,0.999205236091632,0.999961437197002,0.999956985368109,0,2000,"standard","cpu4","/Users/stefano/Documents/fastEmbedR-results/USPS/standard/cpu4/20260721_084502_1071188/knn_affinity_umap_graph_agreement.csv"
"USPS","cpu","binary",0.999683333333333,0.999205236091632,0.998160507268318,0.999838624267563,0.999683333303897,0.999205236091632,-0.000397539929378201,,0,2000,"standard","cpu4","/Users/stefano/Documents/fastEmbedR-results/USPS/standard/cpu4/20260721_084502_1071188/knn_affinity_umap_graph_agreement.csv"
"USPS","cuda","fuzzy",0.998833333333333,0.997664260855348,0.993276553727621,0.998080236810846,0.998834316848218,0.997664260855348,0.999946815315626,0.999872712003519,0,2000,"standard","cuda","/Users/stefano/Documents/fastEmbedR-results/USPS/standard/cuda/20260722_160038_1071199/knn_affinity_umap_graph_agreement.csv"
"USPS","cuda","binary",0.998833333333333,0.997664260855348,0.993276553727621,0.998080236810846,0.998834316848218,0.997664260855348,-0.00116923508640647,,0,2000,"standard","cuda","/Users/stefano/Documents/fastEmbedR-results/USPS/standard/cuda/20260722_160038_1071199/knn_affinity_umap_graph_agreement.csv"
"flow18","cpu","fuzzy",0.999733333333333,0.999350117941559,0.998269416619607,0.99986549523285,0.999732999140683,0.999350117941559,0.999925808354038,0.999972532964053,0,2000,"landmark","cpu1","/Users/stefano/Documents/fastEmbedR-results/flow18/landmark/cpu1/20260726_110400_1117499/knn_affinity_umap_graph_agreement.csv"
"flow18","cpu","binary",0.999733333333333,0.999350117941559,0.998269416619607,0.99986549523285,0.999732999140683,0.999350117941559,-0.000319424527429262,,0,2000,"landmark","cpu1","/Users/stefano/Documents/fastEmbedR-results/flow18/landmark/cpu1/20260726_110400_1117499/knn_affinity_umap_graph_agreement.csv"
"flow18","cpu","fuzzy",0.999733333333333,0.999350117941559,0.998269416619607,0.99986549523285,0.999732999140683,0.999350117941559,0.999925808354038,0.999972532964053,0,2000,"landmark","cpu4","/Users/stefano/Documents/fastEmbedR-results/flow18/landmark/cpu4/20260726_105406_1117510/knn_affinity_umap_graph_agreement.csv"
"flow18","cpu","binary",0.999733333333333,0.999350117941559,0.998269416619607,0.99986549523285,0.999732999140683,0.999350117941559,-0.000319424527429262,,0,2000,"landmark","cpu4","/Users/stefano/Documents/fastEmbedR-results/flow18/landmark/cpu4/20260726_105406_1117510/knn_affinity_umap_graph_agreement.csv"
"flow18","cuda","fuzzy",1,1,0.99999999999998,0.999999999352743,0.999999979583557,1,0.999999999714266,0.999980966751676,0.952314901060163,2000,"landmark","cuda","/Users/stefano/Documents/fastEmbedR-results/flow18/landmark/cuda/20260726_111014_1117521/knn_affinity_umap_graph_agreement.csv"
"flow18","cuda","binary",1,1,0.99999999999998,0.999999999352743,0.999999979583557,1,,,1,2000,"landmark","cuda","/Users/stefano/Documents/fastEmbedR-results/flow18/landmark/cuda/20260726_111014_1117521/knn_affinity_umap_graph_agreement.csv"
"flow18","cpu","fuzzy",0.999733333333333,0.999350117941559,0.998269416619607,0.99986549523285,0.999732999140683,0.999350117941559,0.999925808354038,0.999972532964053,0,2000,"standard","cpu1","/Users/stefano/Documents/fastEmbedR-results/flow18/standard/cpu1/20260721_084502_1071169/knn_affinity_umap_graph_agreement.csv"
"flow18","cpu","binary",0.999733333333333,0.999350117941559,0.998269416619607,0.99986549523285,0.999732999140683,0.999350117941559,-0.000319424527429262,,0,2000,"standard","cpu1","/Users/stefano/Documents/fastEmbedR-results/flow18/standard/cpu1/20260721_084502_1071169/knn_affinity_umap_graph_agreement.csv"
"flow18","cpu","fuzzy",0.999733333333333,0.999350117941559,0.998269416619607,0.99986549523285,0.999732999140683,0.999350117941559,0.999925808354038,0.999972532964053,0,2000,"standard","cpu4","/Users/stefano/Documents/fastEmbedR-results/flow18/standard/cpu4/20260721_084502_1071180/knn_affinity_umap_graph_agreement.csv"
"flow18","cpu","binary",0.999733333333333,0.999350117941559,0.998269416619607,0.99986549523285,0.999732999140683,0.999350117941559,-0.000319424527429262,,0,2000,"standard","cpu4","/Users/stefano/Documents/fastEmbedR-results/flow18/standard/cpu4/20260721_084502_1071180/knn_affinity_umap_graph_agreement.csv"
"flow18","cuda","fuzzy",1,1,0.99999999999998,0.999999999352743,0.999999979583557,1,0.999999999714266,0.999980966751676,0.952314901060163,2000,"standard","cuda","/Users/stefano/Documents/fastEmbedR-results/flow18/standard/cuda/20260721_193325_1071191/knn_affinity_umap_graph_agreement.csv"
"flow18","cuda","binary",1,1,0.99999999999998,0.999999999352743,0.999999979583557,1,,,1,2000,"standard","cuda","/Users/stefano/Documents/fastEmbedR-results/flow18/standard/cuda/20260721_193325_1071191/knn_affinity_umap_graph_agreement.csv"
"imagenet","cpu","fuzzy",0.99005,0.976750873777817,0.944110397202981,0.994651712423585,0.990052793278331,0.976750873777817,0.996532360606005,0.997573711578083,0,2000,"landmark","cpu4","/Users/stefano/Documents/fastEmbedR-results/imagenet/landmark/cpu4/20260726_105436_1117512/knn_affinity_umap_graph_agreement.csv"
"imagenet","cpu","binary",0.99005,0.976750873777817,0.944110397202981,0.994651712423585,0.990052793278331,0.976750873777817,-0.0117593611141287,,0,2000,"landmark","cpu4","/Users/stefano/Documents/fastEmbedR-results/imagenet/landmark/cpu4/20260726_105436_1117512/knn_affinity_umap_graph_agreement.csv"
"imagenet","cuda","fuzzy",1,1,1,0.999999999998635,0.999999999939945,1,0.999999999998535,0.999992673667961,0.996004716958851,2000,"landmark","cuda","/Users/stefano/Documents/fastEmbedR-results/imagenet/landmark/cuda/20260726_111223_1117523/knn_affinity_umap_graph_agreement.csv"
"imagenet","cuda","binary",1,1,1,0.999999999998635,0.999999999939945,1,,,1,2000,"landmark","cuda","/Users/stefano/Documents/fastEmbedR-results/imagenet/landmark/cuda/20260726_111223_1117523/knn_affinity_umap_graph_agreement.csv"
"imagenet","cpu","fuzzy",0.99005,0.976750873777817,0.944110397202981,0.994651712423585,0.990052793278331,0.976750873777817,0.996532360606005,0.997573711578083,0,2000,"standard","cpu4","/Users/stefano/Documents/fastEmbedR-results/imagenet/standard/cpu4/20260721_084502_1071182/knn_affinity_umap_graph_agreement.csv"
"imagenet","cpu","binary",0.99005,0.976750873777817,0.944110397202981,0.994651712423585,0.990052793278331,0.976750873777817,-0.0117593611141287,,0,2000,"standard","cpu4","/Users/stefano/Documents/fastEmbedR-results/imagenet/standard/cpu4/20260721_084502_1071182/knn_affinity_umap_graph_agreement.csv"
"mass41","cpu","fuzzy",0.999933333333333,0.999816104636462,0.999614389439164,0.999998897560037,0.999933416910704,0.999816104636462,0.999987929232551,0.999991471697688,0.64025003748975,2000,"landmark","cpu1","/Users/stefano/Documents/fastEmbedR-results/mass41/landmark/cpu1/20260726_110549_1117503/knn_affinity_umap_graph_agreement.csv"
"mass41","cpu","binary",0.999933333333333,0.999816104636462,0.999614389439164,0.999998897560037,0.999933416910704,0.999816104636462,-9.19561369226879e-05,,0,2000,"landmark","cpu1","/Users/stefano/Documents/fastEmbedR-results/mass41/landmark/cpu1/20260726_110549_1117503/knn_affinity_umap_graph_agreement.csv"
"mass41","cpu","fuzzy",0.999933333333333,0.999816104636462,0.999614389439164,0.999998897560037,0.999933416910704,0.999816104636462,0.999987929232551,0.999991471697688,0.64025003748975,2000,"landmark","cpu4","/Users/stefano/Documents/fastEmbedR-results/mass41/landmark/cpu4/20260726_110110_1117514/knn_affinity_umap_graph_agreement.csv"
"mass41","cpu","binary",0.999933333333333,0.999816104636462,0.999614389439164,0.999998897560037,0.999933416910704,0.999816104636462,-9.19561369226879e-05,,0,2000,"landmark","cpu4","/Users/stefano/Documents/fastEmbedR-results/mass41/landmark/cpu4/20260726_110110_1117514/knn_affinity_umap_graph_agreement.csv"
"mass41","cuda","fuzzy",1,1,0.999999999999997,0.999999999793845,0.999999992278896,1,0.999999999966298,0.999981045058471,0.981635646945506,2000,"landmark","cuda","/Users/stefano/Documents/fastEmbedR-results/mass41/landmark/cuda/20260726_111301_1117525/knn_affinity_umap_graph_agreement.csv"
"mass41","cuda","binary",1,1,0.999999999999997,0.999999999793845,0.999999992278896,1,,,1,2000,"landmark","cuda","/Users/stefano/Documents/fastEmbedR-results/mass41/landmark/cuda/20260726_111301_1117525/knn_affinity_umap_graph_agreement.csv"
"mass41","cpu","fuzzy",0.999933333333333,0.999816104636462,0.999614389439164,0.999998897560037,0.999933416910704,0.999816104636462,0.999987929232551,0.999991471697688,0.64025003748975,2000,"standard","cpu1","/Users/stefano/Documents/fastEmbedR-results/mass41/standard/cpu1/20260721_084502_1071173/knn_affinity_umap_graph_agreement.csv"
"mass41","cpu","binary",0.999933333333333,0.999816104636462,0.999614389439164,0.999998897560037,0.999933416910704,0.999816104636462,-9.19561369226879e-05,,0,2000,"standard","cpu1","/Users/stefano/Documents/fastEmbedR-results/mass41/standard/cpu1/20260721_084502_1071173/knn_affinity_umap_graph_agreement.csv"
"mass41","cpu","fuzzy",0.999933333333333,0.999816104636462,0.999614389439164,0.999998897560037,0.999933416910704,0.999816104636462,0.999987929232551,0.999991471697688,0.64025003748975,2000,"standard","cpu4","/Users/stefano/Documents/fastEmbedR-results/mass41/standard/cpu4/20260721_084502_1071184/knn_affinity_umap_graph_agreement.csv"
"mass41","cpu","binary",0.999933333333333,0.999816104636462,0.999614389439164,0.999998897560037,0.999933416910704,0.999816104636462,-9.19561369226879e-05,,0,2000,"standard","cpu4","/Users/stefano/Documents/fastEmbedR-results/mass41/standard/cpu4/20260721_084502_1071184/knn_affinity_umap_graph_agreement.csv"
"mass41","cuda","fuzzy",1,1,0.999999999999997,0.999999999793845,0.999999992278896,1,0.999999999966298,0.999981045058471,0.981635646945506,2000,"standard","cuda","/Users/stefano/Documents/fastEmbedR-results/mass41/standard/cuda/20260722_125342_1071195/knn_affinity_umap_graph_agreement.csv"
"mass41","cuda","binary",1,1,0.999999999999997,0.999999999793845,0.999999992278896,1,,,1,2000,"standard","cuda","/Users/stefano/Documents/fastEmbedR-results/mass41/standard/cuda/20260722_125342_1071195/knn_affinity_umap_graph_agreement.csv"
