"dataset","family","profile","landmark_fraction","full_runtime_sec","landmark_runtime_sec","full_over_landmark_speedup","trustworthiness_full","trustworthiness_landmark","trustworthiness_delta","preservation30_full","preservation30_landmark","preservation30_delta"
"COIL20","t-SNE","cpu4",0.2,11.463,5.722,2.00332051730164,0.905713000449843,0.94281537176274,0.037102371312897,0.574358974358974,0.718803418803419,0.144444444444445
"FashionMNIST","t-SNE","cpu4",0.2,61.74,30.198,2.04450625869263,0.962753205479008,0.96335180478366,0.000598599304652003,0.553174603174603,0.558916900093371,0.00574229691876804
"MNIST","t-SNE","cpu4",0.2,68.059,40.137,1.69566733936268,0.923649266749633,0.910842754853992,-0.012806511895641,0.477124183006536,0.467273576097106,-0.00985060690942996
"Macosko2015_retina","t-SNE","cpu4",0.200008926977325,18.517,8.926,2.07450145641945,0.925181301635475,0.914764306187827,-0.010416995447648,0.418516666666667,0.389916666666667,-0.0286
"MetRef","t-SNE","cpu4",0.200458190148912,2.864,2.362,1.2125317527519,0.884126586258788,0.780098286279002,-0.104028299979786,0.442764413898435,0.241809851088202,-0.200954562810233
"TabulaMuris","t-SNE","cpu4",0.200005993886236,50.303,26.669,1.88619745772245,0.97680944191536,0.984306912830889,0.00749747091552899,0.61795,0.63525,0.0173
"USPS","t-SNE","cpu4",0.2,17.157,11.86,1.44662731871838,0.948599271936974,0.942424471610975,-0.00617480032599904,0.453973333333333,0.44272,-0.011253333333333
"flow18","t-SNE","cpu4",0.2000007999832,227.91,154.261,1.47743110701992,0.975126740853145,0.975354425897825,0.000227685044679959,0.4387,0.424283333333333,-0.014416666666667
"imagenet","t-SNE","cpu4",0.200000468323021,689.479,412.395,1.67188981437699,0.612870697674419,0.625610985603544,0.012740287929125,0.130026666666667,0.139893333333333,0.009866666666666
"mass41","t-SNE","cpu4",0.200000621580015,356.482,270.261,1.31902864268244,0.973045624683864,0.967292581352217,-0.00575304333164706,0.409116666666667,0.39165,-0.017466666666667
"COIL20","t-SNE","cuda",0.2,6.452,7.318,0.881661656190216,0.907354925775978,0.947962855857593,0.040607930081615,0.57542735042735,0.734188034188034,0.158760683760684
"FashionMNIST","t-SNE","cuda",0.2,1.921,2.067,0.929366231253024,0.965585944942376,0.967741172687116,0.00215522774473997,0.55718954248366,0.565079365079365,0.00788982259570492
"FlowRepository_FR-FCM-ZYRM_files","t-SNE","cuda",0.200000114934888,91.968,31.275,2.94062350119904,0.973598583712696,0.974180138256618,0.000581554543921947,0.444966666666667,0.437983333333333,-0.00698333333333401
"MNIST","t-SNE","cuda",0.2,1.946,2.06,0.944660194174757,0.925367908861567,0.915468319503392,-0.00989958935817492,0.474976657329598,0.470634920634921,-0.00434173669467697
"Macosko2015_retina","t-SNE","cuda",0.200008926977325,0.925,0.915,1.01092896174863,0.924056348002023,0.921470612038442,-0.00258573596358092,0.423983333333333,0.40195,-0.022033333333333
"MetRef","t-SNE","cuda",0.200458190148912,0.725,0.803,0.902864259028643,0.8855752757002,0.781241425779934,-0.104333849920266,0.451355479190531,0.244100801832761,-0.20725467735777
"TabulaMuris","t-SNE","cuda",0.200005993886236,3.134,1.348,2.32492581602374,0.983630450177036,0.990844393862755,0.00721394368571904,0.631883333333333,0.65295,0.021066666666667
"USPS","t-SNE","cuda",0.2,0.785,0.986,0.796146044624746,0.954468894322195,0.942883955446889,-0.011584938875306,0.4564,0.44584,-0.01056
"flow18","t-SNE","cuda",0.2000007999832,5.466,7.03,0.777524893314367,0.976851863092227,0.976206693643568,-0.000645169448659,0.44255,0.425766666666667,-0.016783333333333
"imagenet","t-SNE","cuda",0.200000468323021,573.449,206.88,2.77189191802011,0.680437120708749,0.684872292358804,0.00443517165005503,0.18464,0.182773333333333,-0.00186666666666699
"mass41","t-SNE","cuda",0.200000621580015,5.775,7.433,0.776940669985201,0.975080913842522,0.969219693137751,-0.00586122070477102,0.416983333333333,0.397433333333333,-0.01955
"COIL20","UMAP","cpu4",0.2,7.604,4.892,1.55437448896157,0.804771544245228,0.88483709273183,0.080065548486602,0.438034188034188,0.610683760683761,0.172649572649573
"FashionMNIST","UMAP","cpu4",0.2,113.57,36.471,3.11398097118258,0.967857784696126,0.968745279105371,0.00088749440924496,0.59453781512605,0.58781512605042,-0.00672268907563001
"MNIST","UMAP","cpu4",0.2,125.383,48.87,2.56564354409658,0.927401795257418,0.920349403630241,-0.00705239162717697,0.493137254901961,0.493837535014006,0.000700280112045037
"Macosko2015_retina","UMAP","cpu4",0.200008926977325,60.265,8.49,7.09835100117786,0.920411465182937,0.87707821615242,-0.043333249030517,0.412816666666667,0.332116666666667,-0.0807
"MetRef","UMAP","cpu4",0.200458190148912,1.705,1.2,1.42083333333333,0.801959167172023,0.633925386878692,-0.168033780293331,0.347155402825506,0.0988163421153112,-0.248339060710195
"TabulaMuris","UMAP","cpu4",0.200005993886236,120.956,27.378,4.41799985389729,0.986099629067611,0.989345102006407,0.00324547293879607,0.647916666666667,0.641133333333333,-0.00678333333333403
"USPS","UMAP","cpu4",0.2,20.135,4.718,4.26769817719373,0.943496441184461,0.910356142352622,-0.033140298831839,0.461093333333333,0.385493333333333,-0.0756
"flow18","UMAP","cpu4",0.2000007999832,1394.15,295.142,4.72365844237689,0.966385769684707,0.966420148372956,3.43786882489594e-05,0.43265,0.423483333333333,-0.00916666666666699
"imagenet","UMAP","cpu4",0.200000468323021,1997.829,486.5,4.10653442959918,0.623626843853821,0.636854396456257,0.013227552602436,0.134773333333333,0.148746666666667,0.013973333333334
"mass41","UMAP","cpu4",0.200000621580015,1912.761,241.926,7.90638873043823,0.970604586073175,0.967221547799696,-0.00338303827347897,0.410066666666667,0.3978,-0.012266666666667
"COIL20","UMAP","cuda",0.2,0.611,1.986,0.307653575025176,0.884046655099287,0.914115416746996,0.030068761647709,0.568376068376068,0.669871794871795,0.101495726495727
"FashionMNIST","UMAP","cuda",0.2,1.082,1.863,0.580783682232958,0.968271534373518,0.967784277242011,-0.000487257131506991,0.588235294117647,0.584267040149393,-0.00396825396825395
"FlowRepository_FR-FCM-ZYRM_files","UMAP","cuda",0.200000114934888,82.117,17.062,4.81285898487868,0.970090102849435,0.970062603270949,-2.74995784860232e-05,0.44985,0.441816666666667,-0.008033333333333
"MNIST","UMAP","cuda",0.2,1.067,1.847,0.577693557119653,0.928676555040733,0.916020976649222,-0.012655578391511,0.498319327731092,0.488795518207283,-0.00952380952380899
"Macosko2015_retina","UMAP","cuda",0.200008926977325,0.704,0.911,0.77277716794731,0.918504771539369,0.908468437025797,-0.010036334513572,0.414166666666667,0.386683333333333,-0.027483333333334
"MetRef","UMAP","cuda",0.200458190148912,0.583,0.821,0.710109622411693,0.816482626956854,0.64090317364059,-0.175579453316264,0.364146620847652,0.108438335242459,-0.255708285605193
"TabulaMuris","UMAP","cuda",0.200005993886236,1.045,1.219,0.857260049220673,0.982615140785702,0.989998904063396,0.00738376327769397,0.64935,0.651333333333333,0.001983333333333
"USPS","UMAP","cuda",0.2,0.637,0.881,0.723041997729852,0.918063613148601,0.917335810920945,-0.000727802227656005,0.39144,0.412106666666667,0.020666666666667
"flow18","UMAP","cuda",0.2000007999832,2.634,2.722,0.967670830271859,0.968244967121902,0.965811498904063,-0.00243346821783896,0.432116666666667,0.420383333333333,-0.011733333333334
"imagenet","UMAP","cuda",0.200000468323021,523.277,316.24,1.65468315203643,0.647197165005537,0.652668704318937,0.00547153931339994,0.15232,0.15904,0.00671999999999998
"mass41","UMAP","cuda",0.200000621580015,3.068,3.149,0.974277548428072,0.970907722137919,0.968566750969482,-0.00234097116843701,0.411066666666667,0.396016666666667,-0.01505
