"dataset","backend","threads","n","p","k","input_file","knn_sec","snn_graph_sec","umap_graph_sec","umap_init_sec","umap_init_total_sec","umap_optimizer_sec","common_cpu_init_metal_optimizer_sec","n_edges","graph_object_mb","graph_file","initialization_file","layout_file","common_init_layout_file","labels_file","status","error","peak_ram_gb"
"MetRef","cpu",1,873,375,30,"/Users/stefano/Documents/fastEmbedR/Data/MetRef/MetRef_float32.RData",0.201,0.006,0.0119999999999999,0.016,0.071,0.542,,20974,0.323638916015625,"/Users/stefano/Documents/umap/results/local_graph_clustering_full_20260726/cache/MetRef_cpu_t1_graph.rds","/Users/stefano/Documents/umap/results/local_graph_clustering_full_20260726/cache/MetRef_cpu_t1_umap_init.rds","/Users/stefano/Documents/umap/results/local_graph_clustering_full_20260726/cache/MetRef_cpu_t1_layout.rds",,"/Users/stefano/Documents/umap/results/local_graph_clustering_full_20260726/cache/MetRef_cpu_t1_labels.rds","success",,0.0860443115234375
"MetRef","cpu",4,873,375,30,"/Users/stefano/Documents/fastEmbedR/Data/MetRef/MetRef_float32.RData",0.149,0.005,0.016,0.012,0.083,0.103,,20974,0.323638916015625,"/Users/stefano/Documents/umap/results/local_graph_clustering_full_20260726/cache/MetRef_cpu_t4_graph.rds","/Users/stefano/Documents/umap/results/local_graph_clustering_full_20260726/cache/MetRef_cpu_t4_umap_init.rds","/Users/stefano/Documents/umap/results/local_graph_clustering_full_20260726/cache/MetRef_cpu_t4_layout.rds",,"/Users/stefano/Documents/umap/results/local_graph_clustering_full_20260726/cache/MetRef_cpu_t4_labels.rds","success",,0.0853118896484375
"MetRef","metal",4,873,375,30,"/Users/stefano/Documents/fastEmbedR/Data/MetRef/MetRef_float32.RData",0.091,0.004,0.01,0.025,0.081,0.214,0.203,20972,0.3236083984375,"/Users/stefano/Documents/umap/results/local_graph_clustering_full_20260726/cache/MetRef_metal_t4_graph.rds","/Users/stefano/Documents/umap/results/local_graph_clustering_full_20260726/cache/MetRef_metal_t4_umap_init.rds","/Users/stefano/Documents/umap/results/local_graph_clustering_full_20260726/cache/MetRef_metal_t4_layout.rds","/Users/stefano/Documents/umap/results/local_graph_clustering_full_20260726/cache/MetRef_metal_t4_common_init_layout.rds","/Users/stefano/Documents/umap/results/local_graph_clustering_full_20260726/cache/MetRef_metal_t4_labels.rds","success",,0.0989227294921875
"COIL20","cpu",1,1440,16384,30,"/Users/stefano/Documents/fastEmbedR/Data/COIL20/COIL20_float32.RData",4.869,0.00800000000000001,0.0140000000000002,0.0199999999999996,0.0790000000000006,0.787999999999999,,27945,0.430015563964844,"/Users/stefano/Documents/umap/results/local_graph_clustering_full_20260726/cache/COIL20_cpu_t1_graph.rds","/Users/stefano/Documents/umap/results/local_graph_clustering_full_20260726/cache/COIL20_cpu_t1_umap_init.rds","/Users/stefano/Documents/umap/results/local_graph_clustering_full_20260726/cache/COIL20_cpu_t1_layout.rds",,"/Users/stefano/Documents/umap/results/local_graph_clustering_full_20260726/cache/COIL20_cpu_t1_labels.rds","success",,0.280288696289062
"COIL20","cpu",4,1440,16384,30,"/Users/stefano/Documents/fastEmbedR/Data/COIL20/COIL20_float32.RData",2.495,0.00499999999999989,0.0129999999999999,0.0130000000000003,0.0710000000000002,0.111,,27945,0.430015563964844,"/Users/stefano/Documents/umap/results/local_graph_clustering_full_20260726/cache/COIL20_cpu_t4_graph.rds","/Users/stefano/Documents/umap/results/local_graph_clustering_full_20260726/cache/COIL20_cpu_t4_umap_init.rds","/Users/stefano/Documents/umap/results/local_graph_clustering_full_20260726/cache/COIL20_cpu_t4_layout.rds",,"/Users/stefano/Documents/umap/results/local_graph_clustering_full_20260726/cache/COIL20_cpu_t4_labels.rds","success",,0.274887084960938
"COIL20","metal",4,1440,16384,30,"/Users/stefano/Documents/fastEmbedR/Data/COIL20/COIL20_float32.RData",2.066,0.00500000000000034,0.0129999999999999,0.0169999999999999,0.0739999999999998,0.187,0.183,27947,0.430046081542969,"/Users/stefano/Documents/umap/results/local_graph_clustering_full_20260726/cache/COIL20_metal_t4_graph.rds","/Users/stefano/Documents/umap/results/local_graph_clustering_full_20260726/cache/COIL20_metal_t4_umap_init.rds","/Users/stefano/Documents/umap/results/local_graph_clustering_full_20260726/cache/COIL20_metal_t4_layout.rds","/Users/stefano/Documents/umap/results/local_graph_clustering_full_20260726/cache/COIL20_metal_t4_common_init_layout.rds","/Users/stefano/Documents/umap/results/local_graph_clustering_full_20260726/cache/COIL20_metal_t4_labels.rds","success",,0.370559692382812
"USPS","cpu",1,11000,256,30,"/Users/stefano/Documents/fastEmbedR/Data/USPS/USPS_float32.RData",2.155,0.077,0.056,0.0569999999999999,0.154,2.47,,232346,3.54891967773438,"/Users/stefano/Documents/umap/results/local_graph_clustering_full_20260726/cache/USPS_cpu_t1_graph.rds","/Users/stefano/Documents/umap/results/local_graph_clustering_full_20260726/cache/USPS_cpu_t1_umap_init.rds","/Users/stefano/Documents/umap/results/local_graph_clustering_full_20260726/cache/USPS_cpu_t1_layout.rds",,"/Users/stefano/Documents/umap/results/local_graph_clustering_full_20260726/cache/USPS_cpu_t1_labels.rds","success",,0.146194458007812
"USPS","cpu",4,11000,256,30,"/Users/stefano/Documents/fastEmbedR/Data/USPS/USPS_float32.RData",1.251,0.0389999999999999,0.0290000000000001,0.0329999999999999,0.105,0.872,,232346,3.54891967773438,"/Users/stefano/Documents/umap/results/local_graph_clustering_full_20260726/cache/USPS_cpu_t4_graph.rds","/Users/stefano/Documents/umap/results/local_graph_clustering_full_20260726/cache/USPS_cpu_t4_umap_init.rds","/Users/stefano/Documents/umap/results/local_graph_clustering_full_20260726/cache/USPS_cpu_t4_layout.rds",,"/Users/stefano/Documents/umap/results/local_graph_clustering_full_20260726/cache/USPS_cpu_t4_labels.rds","success",,0.142333984375
"USPS","metal",4,11000,256,30,"/Users/stefano/Documents/fastEmbedR/Data/USPS/USPS_float32.RData",0.425,0.039,0.029,0.082,0.152,0.133,0.132,232818,3.55612182617188,"/Users/stefano/Documents/umap/results/local_graph_clustering_full_20260726/cache/USPS_metal_t4_graph.rds","/Users/stefano/Documents/umap/results/local_graph_clustering_full_20260726/cache/USPS_metal_t4_umap_init.rds","/Users/stefano/Documents/umap/results/local_graph_clustering_full_20260726/cache/USPS_metal_t4_layout.rds","/Users/stefano/Documents/umap/results/local_graph_clustering_full_20260726/cache/USPS_metal_t4_common_init_layout.rds","/Users/stefano/Documents/umap/results/local_graph_clustering_full_20260726/cache/USPS_metal_t4_labels.rds","success",,0.194549560546875
"Macosko2015_retina","cpu",1,44808,50,30,"/Users/stefano/Documents/fastEmbedR/Data/Macosko2015_retina/Macosko2015_retina_float32.RData",6.151,0.359,0.206,0.419,0.668,11.978,,1094040,16.6973266601562,"/Users/stefano/Documents/umap/results/local_graph_clustering_full_20260726/cache/Macosko2015_retina_cpu_t1_graph.rds","/Users/stefano/Documents/umap/results/local_graph_clustering_full_20260726/cache/Macosko2015_retina_cpu_t1_umap_init.rds","/Users/stefano/Documents/umap/results/local_graph_clustering_full_20260726/cache/Macosko2015_retina_cpu_t1_layout.rds",,"/Users/stefano/Documents/umap/results/local_graph_clustering_full_20260726/cache/Macosko2015_retina_cpu_t1_labels.rds","success",,0.3424072265625
"Macosko2015_retina","cpu",4,44808,50,30,"/Users/stefano/Documents/fastEmbedR/Data/Macosko2015_retina/Macosko2015_retina_float32.RData",3.768,0.175,0.102,0.19,0.335,2.878,,1094040,16.6973266601562,"/Users/stefano/Documents/umap/results/local_graph_clustering_full_20260726/cache/Macosko2015_retina_cpu_t4_graph.rds","/Users/stefano/Documents/umap/results/local_graph_clustering_full_20260726/cache/Macosko2015_retina_cpu_t4_umap_init.rds","/Users/stefano/Documents/umap/results/local_graph_clustering_full_20260726/cache/Macosko2015_retina_cpu_t4_layout.rds",,"/Users/stefano/Documents/umap/results/local_graph_clustering_full_20260726/cache/Macosko2015_retina_cpu_t4_labels.rds","success",,0.3203125
"Macosko2015_retina","metal",4,44808,50,30,"/Users/stefano/Documents/fastEmbedR/Data/Macosko2015_retina/Macosko2015_retina_float32.RData",1.427,0.171,0.106,0.392,0.541,0.55,0.549,1091439,16.6576461791992,"/Users/stefano/Documents/umap/results/local_graph_clustering_full_20260726/cache/Macosko2015_retina_metal_t4_graph.rds","/Users/stefano/Documents/umap/results/local_graph_clustering_full_20260726/cache/Macosko2015_retina_metal_t4_umap_init.rds","/Users/stefano/Documents/umap/results/local_graph_clustering_full_20260726/cache/Macosko2015_retina_metal_t4_layout.rds","/Users/stefano/Documents/umap/results/local_graph_clustering_full_20260726/cache/Macosko2015_retina_metal_t4_common_init_layout.rds","/Users/stefano/Documents/umap/results/local_graph_clustering_full_20260726/cache/Macosko2015_retina_metal_t4_labels.rds","success",,0.47662353515625
"FashionMNIST","cpu",1,70000,784,30,"/Users/stefano/Documents/fastEmbedR/Data/FashionMNIST/FashionMNIST_float32.RData",28.217,0.686,0.314,0.695,1.054,18.493,,1665115,25.411247253418,"/Users/stefano/Documents/umap/results/local_graph_clustering_full_20260726/cache/FashionMNIST_cpu_t1_graph.rds","/Users/stefano/Documents/umap/results/local_graph_clustering_full_20260726/cache/FashionMNIST_cpu_t1_umap_init.rds","/Users/stefano/Documents/umap/results/local_graph_clustering_full_20260726/cache/FashionMNIST_cpu_t1_layout.rds",,"/Users/stefano/Documents/umap/results/local_graph_clustering_full_20260726/cache/FashionMNIST_cpu_t1_labels.rds","success",,0.50726318359375
"FashionMNIST","cpu",4,70000,784,30,"/Users/stefano/Documents/fastEmbedR/Data/FashionMNIST/FashionMNIST_float32.RData",17.289,0.291999999999998,0.137999999999998,0.337,0.521000000000001,4.8,,1665115,25.411247253418,"/Users/stefano/Documents/umap/results/local_graph_clustering_full_20260726/cache/FashionMNIST_cpu_t4_graph.rds","/Users/stefano/Documents/umap/results/local_graph_clustering_full_20260726/cache/FashionMNIST_cpu_t4_umap_init.rds","/Users/stefano/Documents/umap/results/local_graph_clustering_full_20260726/cache/FashionMNIST_cpu_t4_layout.rds",,"/Users/stefano/Documents/umap/results/local_graph_clustering_full_20260726/cache/FashionMNIST_cpu_t4_labels.rds","success",,0.625076293945312
"FashionMNIST","metal",4,70000,784,30,"/Users/stefano/Documents/fastEmbedR/Data/FashionMNIST/FashionMNIST_float32.RData",18.051,0.290999999999997,0.134,0.664000000000001,0.841999999999999,0.791999999999998,0.800000000000001,1659756,25.3294677734375,"/Users/stefano/Documents/umap/results/local_graph_clustering_full_20260726/cache/FashionMNIST_metal_t4_graph.rds","/Users/stefano/Documents/umap/results/local_graph_clustering_full_20260726/cache/FashionMNIST_metal_t4_umap_init.rds","/Users/stefano/Documents/umap/results/local_graph_clustering_full_20260726/cache/FashionMNIST_metal_t4_layout.rds","/Users/stefano/Documents/umap/results/local_graph_clustering_full_20260726/cache/FashionMNIST_metal_t4_common_init_layout.rds","/Users/stefano/Documents/umap/results/local_graph_clustering_full_20260726/cache/FashionMNIST_metal_t4_labels.rds","success",,0.70574951171875
"MNIST","cpu",1,70000,784,30,"/Users/stefano/Documents/fastEmbedR/Data/MNIST/MNIST_float32.RData",29.189,0.667999999999999,0.312999999999999,0.664999999999999,1.021,17.507,,1518319,23.1713180541992,"/Users/stefano/Documents/umap/results/local_graph_clustering_full_20260726/cache/MNIST_cpu_t1_graph.rds","/Users/stefano/Documents/umap/results/local_graph_clustering_full_20260726/cache/MNIST_cpu_t1_umap_init.rds","/Users/stefano/Documents/umap/results/local_graph_clustering_full_20260726/cache/MNIST_cpu_t1_layout.rds",,"/Users/stefano/Documents/umap/results/local_graph_clustering_full_20260726/cache/MNIST_cpu_t1_labels.rds","success",,0.52154541015625
"MNIST","cpu",4,70000,784,30,"/Users/stefano/Documents/fastEmbedR/Data/MNIST/MNIST_float32.RData",17.651,0.291999999999998,0.134,0.324000000000002,0.501000000000001,4.262,,1518319,23.1713180541992,"/Users/stefano/Documents/umap/results/local_graph_clustering_full_20260726/cache/MNIST_cpu_t4_graph.rds","/Users/stefano/Documents/umap/results/local_graph_clustering_full_20260726/cache/MNIST_cpu_t4_umap_init.rds","/Users/stefano/Documents/umap/results/local_graph_clustering_full_20260726/cache/MNIST_cpu_t4_layout.rds",,"/Users/stefano/Documents/umap/results/local_graph_clustering_full_20260726/cache/MNIST_cpu_t4_labels.rds","success",,0.609039306640625
"MNIST","metal",4,70000,784,30,"/Users/stefano/Documents/fastEmbedR/Data/MNIST/MNIST_float32.RData",10.835,0.292,0.132000000000001,0.577999999999999,0.754,0.653,0.651999999999999,1509343,23.0343551635742,"/Users/stefano/Documents/umap/results/local_graph_clustering_full_20260726/cache/MNIST_metal_t4_graph.rds","/Users/stefano/Documents/umap/results/local_graph_clustering_full_20260726/cache/MNIST_metal_t4_umap_init.rds","/Users/stefano/Documents/umap/results/local_graph_clustering_full_20260726/cache/MNIST_metal_t4_layout.rds","/Users/stefano/Documents/umap/results/local_graph_clustering_full_20260726/cache/MNIST_metal_t4_common_init_layout.rds","/Users/stefano/Documents/umap/results/local_graph_clustering_full_20260726/cache/MNIST_metal_t4_labels.rds","success",,0.700775146484375
"TabulaMuris","cpu",1,100102,50,30,"/Users/stefano/Documents/fastEmbedR/Data/TabulaMuris/TabulaMuris_float32.RData",11.059,0.792,0.416,0.801,1.273,24.748,,2178521,33.2452011108398,"/Users/stefano/Documents/umap/results/local_graph_clustering_full_20260726/cache/TabulaMuris_cpu_t1_graph.rds","/Users/stefano/Documents/umap/results/local_graph_clustering_full_20260726/cache/TabulaMuris_cpu_t1_umap_init.rds","/Users/stefano/Documents/umap/results/local_graph_clustering_full_20260726/cache/TabulaMuris_cpu_t1_layout.rds",,"/Users/stefano/Documents/umap/results/local_graph_clustering_full_20260726/cache/TabulaMuris_cpu_t1_labels.rds","success",,0.5263671875
"TabulaMuris","cpu",4,100102,50,30,"/Users/stefano/Documents/fastEmbedR/Data/TabulaMuris/TabulaMuris_float32.RData",6.891,0.409,0.197,0.372,0.623,5.914,,2178521,33.2452011108398,"/Users/stefano/Documents/umap/results/local_graph_clustering_full_20260726/cache/TabulaMuris_cpu_t4_graph.rds","/Users/stefano/Documents/umap/results/local_graph_clustering_full_20260726/cache/TabulaMuris_cpu_t4_umap_init.rds","/Users/stefano/Documents/umap/results/local_graph_clustering_full_20260726/cache/TabulaMuris_cpu_t4_layout.rds",,"/Users/stefano/Documents/umap/results/local_graph_clustering_full_20260726/cache/TabulaMuris_cpu_t4_labels.rds","success",,0.564727783203125
"TabulaMuris","metal",4,100102,50,30,"/Users/stefano/Documents/fastEmbedR/Data/TabulaMuris/TabulaMuris_float32.RData",1.806,0.432,0.209,0.837,1.102,1.028,1.046,2180000,33.2677612304688,"/Users/stefano/Documents/umap/results/local_graph_clustering_full_20260726/cache/TabulaMuris_metal_t4_graph.rds","/Users/stefano/Documents/umap/results/local_graph_clustering_full_20260726/cache/TabulaMuris_metal_t4_umap_init.rds","/Users/stefano/Documents/umap/results/local_graph_clustering_full_20260726/cache/TabulaMuris_metal_t4_layout.rds","/Users/stefano/Documents/umap/results/local_graph_clustering_full_20260726/cache/TabulaMuris_metal_t4_common_init_layout.rds","/Users/stefano/Documents/umap/results/local_graph_clustering_full_20260726/cache/TabulaMuris_metal_t4_labels.rds","success",,0.702743530273438
