"dataset","method","family","backend","timing_scope","requested_threads","effective_threads","n","p","k","perplexity","input_type","landmark_fraction","n_runs","n_success","status","total_runtime_sec_median","total_runtime_sec_q1","total_runtime_sec_q3","total_runtime_sec_iqr","total_runtime_sec_sd","total_runtime_sec_min","total_runtime_sec_max","preprocess_sec_median","preprocess_sec_q1","preprocess_sec_q3","preprocess_sec_iqr","preprocess_sec_sd","preprocess_sec_min","preprocess_sec_max","knn_sec_median","knn_sec_q1","knn_sec_q3","knn_sec_iqr","knn_sec_sd","knn_sec_min","knn_sec_max","init_sec_median","init_sec_q1","init_sec_q3","init_sec_iqr","init_sec_sd","init_sec_min","init_sec_max","graph_or_affinity_sec_median","graph_or_affinity_sec_q1","graph_or_affinity_sec_q3","graph_or_affinity_sec_iqr","graph_or_affinity_sec_sd","graph_or_affinity_sec_min","graph_or_affinity_sec_max","embedding_sec_median","embedding_sec_q1","embedding_sec_q3","embedding_sec_iqr","embedding_sec_sd","embedding_sec_min","embedding_sec_max","peak_ram_gb_median","peak_ram_gb_q1","peak_ram_gb_q3","peak_ram_gb_iqr","peak_ram_gb_sd","peak_ram_gb_min","peak_ram_gb_max","peak_gpu_mb_median","peak_gpu_mb_q1","peak_gpu_mb_q3","peak_gpu_mb_iqr","peak_gpu_mb_sd","peak_gpu_mb_min","peak_gpu_mb_max","peak_gpu_delta_mb_median","peak_gpu_delta_mb_q1","peak_gpu_delta_mb_q3","peak_gpu_delta_mb_iqr","peak_gpu_delta_mb_sd","peak_gpu_delta_mb_min","peak_gpu_delta_mb_max","trustworthiness_median","trustworthiness_q1","trustworthiness_q3","trustworthiness_iqr","trustworthiness_sd","trustworthiness_min","trustworthiness_max","knn_preservation_15_median","knn_preservation_15_q1","knn_preservation_15_q3","knn_preservation_15_iqr","knn_preservation_15_sd","knn_preservation_15_min","knn_preservation_15_max","knn_preservation_30_median","knn_preservation_30_q1","knn_preservation_30_q3","knn_preservation_30_iqr","knn_preservation_30_sd","knn_preservation_30_min","knn_preservation_30_max","knn_preservation_50_median","knn_preservation_50_q1","knn_preservation_50_q3","knn_preservation_50_iqr","knn_preservation_50_sd","knn_preservation_50_min","knn_preservation_50_max","silhouette_median","silhouette_q1","silhouette_q3","silhouette_iqr","silhouette_sd","silhouette_min","silhouette_max","label_knn_accuracy_median","label_knn_accuracy_q1","label_knn_accuracy_q3","label_knn_accuracy_iqr","label_knn_accuracy_sd","label_knn_accuracy_min","label_knn_accuracy_max","tsne_kl_median","tsne_kl_q1","tsne_kl_q3","tsne_kl_iqr","tsne_kl_sd","tsne_kl_min","tsne_kl_max","n_landmarks_median","n_landmarks_q1","n_landmarks_q3","n_landmarks_iqr","n_landmarks_sd","n_landmarks_min","n_landmarks_max","reference_embedding_sec_median","reference_embedding_sec_q1","reference_embedding_sec_q3","reference_embedding_sec_iqr","reference_embedding_sec_sd","reference_embedding_sec_min","reference_embedding_sec_max","landmark_projection_knn_sec_median","landmark_projection_knn_sec_q1","landmark_projection_knn_sec_q3","landmark_projection_knn_sec_iqr","landmark_projection_knn_sec_sd","landmark_projection_knn_sec_min","landmark_projection_knn_sec_max","landmark_refinement_sec_median","landmark_refinement_sec_q1","landmark_refinement_sec_q3","landmark_refinement_sec_iqr","landmark_refinement_sec_sd","landmark_refinement_sec_min","landmark_refinement_sec_max","landmark_transform_sec_median","landmark_transform_sec_q1","landmark_transform_sec_q3","landmark_transform_sec_iqr","landmark_transform_sec_sd","landmark_transform_sec_min","landmark_transform_sec_max","kodama_core_sec_median","kodama_core_sec_q1","kodama_core_sec_q3","kodama_core_sec_iqr","kodama_core_sec_sd","kodama_core_sec_min","kodama_core_sec_max","kodama_visualization_sec_median","kodama_visualization_sec_q1","kodama_visualization_sec_q3","kodama_visualization_sec_iqr","kodama_visualization_sec_sd","kodama_visualization_sec_min","kodama_visualization_sec_max","kodama_core_peak_ram_gb_median","kodama_core_peak_ram_gb_q1","kodama_core_peak_ram_gb_q3","kodama_core_peak_ram_gb_iqr","kodama_core_peak_ram_gb_sd","kodama_core_peak_ram_gb_min","kodama_core_peak_ram_gb_max","kodama_visualization_peak_ram_gb_median","kodama_visualization_peak_ram_gb_q1","kodama_visualization_peak_ram_gb_q3","kodama_visualization_peak_ram_gb_iqr","kodama_visualization_peak_ram_gb_sd","kodama_visualization_peak_ram_gb_min","kodama_visualization_peak_ram_gb_max","kodama_core_peak_gpu_delta_mb_median","kodama_core_peak_gpu_delta_mb_q1","kodama_core_peak_gpu_delta_mb_q3","kodama_core_peak_gpu_delta_mb_iqr","kodama_core_peak_gpu_delta_mb_sd","kodama_core_peak_gpu_delta_mb_min","kodama_core_peak_gpu_delta_mb_max","kodama_visualization_peak_gpu_delta_mb_median","kodama_visualization_peak_gpu_delta_mb_q1","kodama_visualization_peak_gpu_delta_mb_q3","kodama_visualization_peak_gpu_delta_mb_iqr","kodama_visualization_peak_gpu_delta_mb_sd","kodama_visualization_peak_gpu_delta_mb_min","kodama_visualization_peak_gpu_delta_mb_max","implementation","algorithm"
"COIL20","fastEmbedR_umap_cpu_binary_full","UMAP","cpu","full_pipeline",1,1,1440,16384,30,,"float32",,3,3,"success",9.309,9.2785,9.38,0.1015,0.104158533015784,9.248,9.451,0.004,0.004,0.0045,5e-04,0.000577350269189626,0.004,0.005,5.039,5.0045,5.0525,0.048,0.0495075751779463,4.97,5.066,,,,,,,,,,,,,,,4.165,4.1635,4.199,0.0354999999999999,0.0401538707142078,4.162,4.233,0.394805908203125,0.354400634765625,0.396682739257812,0.0422821044921875,0.0477764584752452,0.313995361328125,0.3985595703125,,,,,,,,,,,,,,,0.877276524644946,0.874834522202943,0.878100700469121,0.00326617826617803,0.00339711271350195,0.872392519760941,0.878924876293297,0.519230769230769,0.518376068376069,0.528418803418804,0.010042735042735,0.0111357386502526,0.517521367521368,0.537606837606838,0.54551282051282,0.533119658119658,0.557264957264957,0.0241452991452991,0.0241481353753617,0.520726495726496,0.569017094017094,0.595384615384615,0.592692307692307,0.603782051282051,0.0110897435897436,0.0115685741918314,0.59,0.612179487179487,0.432755680984077,0.422226230511046,0.453226723436721,0.0310004929256745,0.0315273792969089,0.411696780038015,0.473697765889364,0.538461538461538,0.525641025641026,0.567307692307692,0.0416666666666665,0.042681590503073,0.512820512820513,0.596153846153846,,,,,,,,,,,,,,,,,,,,,,,,,,,,,,,,,,,,,,,,,,,,,,,,,,,,,,,,,,,,,,,,,,,,,,,,,,,,,,,,,,,,,"CPU (1t)","UMAP binary"
"COIL20","fastEmbedR_umap_cpu_binary_full","UMAP","cpu","full_pipeline",4,4,1440,16384,30,,"float32",,3,3,"success",2.659,2.641,2.744,0.103,0.11002423975349,2.623,2.829,0.004,0.004,0.0045,5e-04,0.000577350269189626,0.004,0.005,2.215,2.2135,2.3125,0.0990000000000002,0.113459243783836,2.212,2.41,,,,,,,,,,,,,,,0.311,0.308,0.3265,0.0185,0.0198578280114753,0.305,0.342,0.37347412109375,0.347175598144531,0.388671875,0.0414962768554688,0.0419882922251051,0.320877075195312,0.40386962890625,,,,,,,,,,,,,,,0.805195681511471,0.794396247027826,0.80592346250241,0.011527215474584,0.0129108261273192,0.783596812544181,0.806651243493349,0.435042735042735,0.433760683760683,0.439957264957265,0.00619658119658151,0.00654185897618548,0.432478632478632,0.444871794871795,0.429700854700855,0.42809829059829,0.432264957264958,0.00416666666666698,0.00420348623352723,0.426495726495726,0.43482905982906,0.438461538461538,0.432115384615385,0.441602564102564,0.00948717948717953,0.0096659638367001,0.425769230769231,0.44474358974359,0.230695905499669,0.211385618849389,0.247129013719931,0.035743394870542,0.0357819739828713,0.192075332199109,0.263562121940193,0.384615384615385,0.346153846153846,0.461538461538462,0.115384615384615,0.117501940896303,0.307692307692308,0.538461538461538,,,,,,,,,,,,,,,,,,,,,,,,,,,,,,,,,,,,,,,,,,,,,,,,,,,,,,,,,,,,,,,,,,,,,,,,,,,,,,,,,,,,,"CPU (4t)","UMAP binary"
"COIL20","fastEmbedR_umap_cpu_fuzzy_full","UMAP","cpu","full_pipeline",1,1,1440,16384,30,,"float32",,3,3,"success",5.792,5.77,5.8085,0.0385000000000009,0.0386307304271267,5.748,5.825,0.005,0.0045,0.005,5e-04,0.000577350269189626,0.004,0.005,4.845,4.84,4.868,0.0280000000000005,0.0298663690461362,4.835,4.891,,,,,,,,,,,,,,,0.826,0.82,0.8355,0.0155,0.0156311654502578,0.814,0.845,0.385421752929688,0.345947265625,0.398574829101562,0.0526275634765625,0.0547777266062932,0.306472778320312,0.411727905273438,,,,,,,,,,,,,,,0.863733050575156,0.851924683503631,0.865538847117794,0.0136141636141635,0.0147883712189115,0.840116316432106,0.867344643660433,0.517521367521368,0.503418803418804,0.520512820512821,0.0170940170940175,0.0182580854359117,0.489316239316239,0.523504273504274,0.489529914529915,0.480662393162394,0.495726495726496,0.0150641025641025,0.015142825359249,0.471794871794872,0.501923076923077,0.507820512820513,0.503205128205129,0.525705128205128,0.0225,0.0237684839315083,0.498589743589744,0.543589743589744,0.534642109287752,0.528717950092293,0.544269173607368,0.0155512235150755,0.015697485624626,0.522793790896834,0.553896237926985,0.615384615384615,0.599358974358974,0.615384615384615,0.016025641025641,0.0185048163201802,0.583333333333333,0.615384615384615,,,,,,,,,,,,,,,,,,,,,,,,,,,,,,,,,,,,,,,,,,,,,,,,,,,,,,,,,,,,,,,,,,,,,,,,,,,,,,,,,,,,,"CPU (1t)","UMAP fuzzy"
"COIL20","fastEmbedR_umap_cpu_fuzzy_full","UMAP","cpu","full_pipeline",4,4,1440,16384,30,,"float32",,3,3,"success",2.401,2.3935,2.4115,0.0180000000000002,0.0180831413200252,2.386,2.422,0.005,0.005,0.005,0,0,0.005,0.005,2.156,2.151,2.169,0.0180000000000002,0.0185831464863551,2.146,2.182,,,,,,,,,,,,,,,0.136,0.1355,0.136,5e-04,0.000577350269189626,0.135,0.136,0.356033325195312,0.350677490234375,0.381332397460938,0.0306549072265625,0.0327460059925814,0.345321655273438,0.406631469726562,,,,,,,,,,,,,,,0.849167791273054,0.843053145684725,0.854710494184178,0.0116573484994534,0.0116620244174434,0.836938500096395,0.860253197095302,0.502564102564103,0.494017094017094,0.519444444444444,0.0254273504273504,0.0258785296704319,0.485470085470085,0.536324786324786,0.469444444444444,0.464209401709402,0.480235042735042,0.016025641025641,0.0163434768677393,0.458974358974359,0.491025641025641,0.522820512820513,0.509038461538462,0.532115384615385,0.023076923076923,0.0232218856243044,0.49525641025641,0.541410256410256,0.530055646817343,0.529561913101875,0.541702585609245,0.0121406725073701,0.0137426558601388,0.529068179386407,0.553349524401147,0.628205128205128,0.583333333333333,0.647435897435897,0.0641025641025644,0.0657897620441912,0.538461538461538,0.666666666666667,,,,,,,,,,,,,,,,,,,,,,,,,,,,,,,,,,,,,,,,,,,,,,,,,,,,,,,,,,,,,,,,,,,,,,,,,,,,,,,,,,,,,"CPU (4t)","UMAP fuzzy"
"COIL20","fastEmbedR_opentsne_cpu_full","t-SNE","cpu","full_pipeline",1,1,1440,16384,,30,"float32",,3,3,"success",8.23,8.1625,8.266,0.103499999999999,0.105085679328821,8.095,8.302,0.005,0.0045,0.005,5e-04,0.000577350269189626,0.004,0.005,4.964,4.9225,4.99,0.0674999999999999,0.0680906258844294,4.881,5.016,,,,,,,,,,,,,,,2.068,2.057,2.0705,0.0135000000000001,0.0143643076176103,2.046,2.073,0.811279296875,0.777961730957031,0.825164794921875,0.0472030639648438,0.0485180138531185,0.744644165039062,0.83905029296875,,,,,,,,,,,,,,,0.900485187327293,0.896320930531457,0.910579332947754,0.0142584024162971,0.0146636705257995,0.892156673735621,0.920673478568215,0.524786324786325,0.523504273504274,0.543162393162393,0.0196581196581199,0.0219964423327155,0.522222222222222,0.561538461538462,0.571367521367521,0.571047008547009,0.590384615384616,0.019337606837607,0.0221464162868998,0.570726495726496,0.60940170940171,0.672179487179487,0.663653846153846,0.674487179487179,0.0108333333333335,0.0114126570028248,0.655128205128205,0.676794871794872,0.44998715967165,0.44914520612084,0.451282277244581,0.00213707112374095,0.00215302706243472,0.448303252570031,0.452577394817513,0.576923076923077,0.57051282051282,0.599358974358974,0.028846153846154,0.0302936899118759,0.564102564102564,0.621794871794872,0.723996679788648,0.723884708327849,0.724097979800186,0.000213271472337517,0.000213360448200049,0.723772736867049,0.724199279811724,,,,,,,,,,,,,,,,,,,,,,,,,,,,,,,,,,,,,,,,,,,,,,,,,,,,,,,,,,,,,,,,,,,,,,,,,,,,,,"CPU (1t)","openTSNE"
"COIL20","fastEmbedR_opentsne_cpu_full","t-SNE","cpu","full_pipeline",4,4,1440,16384,,30,"float32",,3,3,"success",4.126,4.0765,4.2135,0.137,0.138745570499866,4.027,4.301,0.004,0.004,0.0045,5e-04,0.000577350269189626,0.004,0.005,2.167,2.1615,2.3385,0.177,0.201281726277706,2.156,2.51,,,,,,,,,,,,,,,0.772,0.7385,0.818,0.0795000000000001,0.0798268960522288,0.705,0.864,0.809829711914062,0.7891845703125,0.819488525390625,0.030303955078125,0.0309606658294102,0.768539428710938,0.829147338867188,,,,,,,,,,,,,,,0.902554463080779,0.898335582546109,0.910778548936444,0.0124429663903349,0.0126560118446577,0.894116702011439,0.919002634792109,0.526923076923077,0.52457264957265,0.53931623931624,0.01474358974359,0.0158427359034611,0.522222222222222,0.551709401709402,0.57008547008547,0.568910256410256,0.586111111111111,0.0172008547008545,0.0192192906547046,0.567735042735043,0.602136752136752,0.670641025641026,0.66275641025641,0.670641025641026,0.00788461538461549,0.00910436962952884,0.654871794871795,0.670641025641026,0.453690524231772,0.452969583710073,0.454011634304562,0.00104205059448947,0.00106731324866104,0.452248643188374,0.454332744377353,0.57051282051282,0.551282051282051,0.596153846153846,0.0448717948717949,0.0450241613369777,0.532051282051282,0.621794871794872,0.722851250400052,0.721398038493766,0.724110249134481,0.00271221064071503,0.00271452748711725,0.71994482658748,0.72536924786891,,,,,,,,,,,,,,,,,,,,,,,,,,,,,,,,,,,,,,,,,,,,,,,,,,,,,,,,,,,,,,,,,,,,,,,,,,,,,,"CPU (4t)","openTSNE"
"FashionMNIST","fastEmbedR_umap_cpu_binary_full","UMAP","cpu","full_pipeline",1,1,70000,784,30,,"float32",,3,3,"success",129.473,129.0565,129.68,0.623500000000007,0.635123872432256,128.64,129.887,0.00900000000000001,0.00850000000000001,0.0095,0.000999999999999994,0.000999999999999995,0.00800000000000001,0.01,27.72,27.6825,28.2345,0.552,0.61688491633367,27.645,28.749,,,,,,,,,,,,,,,100.799,100.6995,101.4565,0.757000000000005,0.822701039260316,100.6,102.114,0.518463134765625,0.517921447753906,0.518745422363281,0.000823974609375,0.000837474482536636,0.517379760742188,0.519027709960938,,,,,,,,,,,,,,,0.96705812088463,0.966588700120666,0.969735535313981,0.00314683519331493,0.00339523937438128,0.966119279356702,0.972412949743332,0.514472455648926,0.514239028944911,0.521942110177404,0.00770308123249297,0.00876309257721823,0.514005602240896,0.529411764705882,0.587955182072829,0.584337068160597,0.589729225023343,0.00539215686274508,0.00549626129319427,0.580718954248366,0.591503267973856,0.607703081232493,0.60624649859944,0.609551820728292,0.00330532212885148,0.00331306756805151,0.604789915966387,0.61140056022409,0.227523671318539,0.20842475902433,0.230569849913382,0.022145090889052,0.0240062867507373,0.189325846730121,0.233616028508225,0.725490196078431,0.721288515406163,0.726890756302521,0.00560224089635852,0.00583099719738398,0.717086834733894,0.728291316526611,,,,,,,,,,,,,,,,,,,,,,,,,,,,,,,,,,,,,,,,,,,,,,,,,,,,,,,,,,,,,,,,,,,,,,,,,,,,,,,,,,,,,"CPU (1t)","UMAP binary"
"FashionMNIST","fastEmbedR_umap_cpu_binary_full","UMAP","cpu","full_pipeline",4,4,70000,784,30,,"float32",,3,3,"success",44.222,43.464,44.2995,0.835500000000003,0.923266122704246,42.706,44.377,0.00900000000000001,0.00850000000000001,0.0095,0.000999999999999994,0.000999999999999995,0.00800000000000001,0.01,17.349,17.32,18.2175,0.897500000000001,1.02001290841505,17.291,19.086,,,,,,,,,,,,,,,25.295,25.233,26.025,0.791999999999998,0.880911648994002,25.171,26.755,0.519607543945312,0.517906188964844,0.540763854980469,0.022857666015625,0.0254683725571894,0.516204833984375,0.561920166015625,,,,,,,,,,,,,,,0.96740093046384,0.966843746664126,0.970215765997668,0.00337201933354114,0.00361517793521846,0.966286562864413,0.973030601531495,0.51437908496732,0.514239028944911,0.52376283846872,0.00952380952380949,0.0109171850251569,0.514098972922502,0.533146591970121,0.590102707749767,0.585737628384688,0.590756302521009,0.00501867413632096,0.00545699514843194,0.581372549019608,0.59140989729225,0.607759103641457,0.606428571428572,0.609733893557423,0.00330532212885148,0.00332618555878479,0.605098039215686,0.611708683473389,0.231149766624909,0.210382203915777,0.231814566113502,0.0214323621977255,0.024373206171426,0.189614641206645,0.232479365602096,0.724089635854342,0.719887955182073,0.728291316526611,0.0084033613445379,0.00840336134453795,0.715686274509804,0.73249299719888,,,,,,,,,,,,,,,,,,,,,,,,,,,,,,,,,,,,,,,,,,,,,,,,,,,,,,,,,,,,,,,,,,,,,,,,,,,,,,,,,,,,,"CPU (4t)","UMAP binary"
"FashionMNIST","fastEmbedR_umap_cpu_fuzzy_full","UMAP","cpu","full_pipeline",1,1,70000,784,30,,"float32",,3,3,"success",47.163,47.146,47.7985,0.652499999999996,0.743821439146072,47.129,48.434,0.00900000000000001,0.00850000000000001,0.0095,0.000999999999999994,0.000999999999999995,0.00800000000000001,0.01,27.655,27.576,28.3075,0.7315,0.802948524709607,27.497,28.96,,,,,,,,,,,,,,,19.395,19.3735,19.4525,0.0790000000000006,0.0816884324736381,19.352,19.51,0.5751953125,0.561256408691406,0.577537536621094,0.0162811279296875,0.017604055969795,0.547317504882812,0.579879760742188,,,,,,,,,,,,,,,0.963412745706097,0.961857738753968,0.965742418530364,0.00388467977639695,0.00391034176293662,0.960302731801838,0.968072091354632,0.508870214752568,0.501914098972922,0.51451914098973,0.012605042016807,0.0126276152042048,0.494957983193277,0.520168067226891,0.572875816993464,0.569281045751634,0.574463118580765,0.00518207282913152,0.00531010266169185,0.565686274509804,0.576050420168067,0.588543417366947,0.583025210084034,0.596358543417367,0.0133333333333335,0.0133991189904146,0.57750700280112,0.604173669467787,0.173450117743553,0.138917777845147,0.202143349391606,0.063225571546459,0.0633153848531002,0.104385437946741,0.230836581039659,0.718487394957983,0.717787114845938,0.728991596638656,0.011204481792717,0.0125530622406618,0.717086834733894,0.739495798319328,,,,,,,,,,,,,,,,,,,,,,,,,,,,,,,,,,,,,,,,,,,,,,,,,,,,,,,,,,,,,,,,,,,,,,,,,,,,,,,,,,,,,"CPU (1t)","UMAP fuzzy"
"FashionMNIST","fastEmbedR_umap_cpu_fuzzy_full","UMAP","cpu","full_pipeline",4,4,70000,784,30,,"float32",,3,3,"success",22.704,22.633,22.8925,0.259499999999996,0.268220680286463,22.562,23.081,0.01,0.0095,0.01,0.000499999999999995,0.00057735026918962,0.00900000000000001,0.01,17.463,17.2775,17.6385,0.361000000000001,0.361046165099886,17.092,17.814,,,,,,,,,,,,,,,5.149,5.0605,5.3225,0.262,0.266556435550398,4.972,5.496,0.572052001953125,0.549972534179688,0.587173461914062,0.037200927734375,0.0374172016841336,0.52789306640625,0.602294921875,,,,,,,,,,,,,,,0.966028611155026,0.961618028784114,0.967254388489597,0.00563635970548393,0.00592870517927577,0.957207446413201,0.968480165824169,0.517086834733894,0.505228758169935,0.517880485527545,0.0126517273576094,0.0141729805500998,0.493370681605976,0.518674136321195,0.57516339869281,0.57016806722689,0.575303454715219,0.00513538748832842,0.00585064992395995,0.565172735760971,0.575443510737628,0.592100840336134,0.584957983193277,0.596148459383753,0.0111904761904765,0.0113322661895886,0.57781512605042,0.600196078431373,0.17043485245941,0.12465604372828,0.200887067772665,0.076231024044385,0.0767428857644444,0.078877234997149,0.231339283085919,0.724089635854342,0.719887955182073,0.733193277310925,0.0133053221288515,0.013602989994709,0.715686274509804,0.742296918767507,,,,,,,,,,,,,,,,,,,,,,,,,,,,,,,,,,,,,,,,,,,,,,,,,,,,,,,,,,,,,,,,,,,,,,,,,,,,,,,,,,,,,"CPU (4t)","UMAP fuzzy"
"FashionMNIST","fastEmbedR_umap_metal_binary_full","UMAP","metal","full_pipeline",4,,70000,784,30,,"float32",,3,3,"success",20.293,20.2265,20.406,0.179499999999997,0.181496556441161,20.16,20.519,0.00800000000000001,0.00750000000000001,0.00850000000000001,0.001,0.001,0.00700000000000001,0.00900000000000001,17.425,17.413,17.6065,0.1935,0.216838649691424,17.401,17.788,,,,,,,,,,,,,,,2.642,2.63,2.6975,0.0674999999999999,0.0720208303201235,2.618,2.753,0.733993530273438,0.732162475585938,0.75286865234375,0.0207061767578125,0.0229255134491915,0.730331420898438,0.771743774414062,,,,,,,,,,,,,,,0.967770899966354,0.966972452270827,0.970424802820308,0.00345235054948145,0.00361473312958911,0.966174004575299,0.973078705674262,0.519140989729225,0.515826330532213,0.526143790849673,0.0103174603174599,0.010534899984567,0.512511671335201,0.533146591970121,0.586181139122316,0.585107376283847,0.589098972922502,0.00399159663865545,0.00413114709207292,0.584033613445378,0.592016806722689,0.605378151260504,0.60329131652661,0.609649859943977,0.00635854341736697,0.00648246088424182,0.601204481792717,0.613921568627451,0.22107915139986,0.209869532148011,0.229875142174005,0.020005610025994,0.0200540843717254,0.198659912896161,0.238671132948149,0.7296918767507,0.723389355742297,0.73249299719888,0.00910364145658249,0.00932538952167961,0.717086834733894,0.735294117647059,,,,,,,,,,,,,,,,,,,,,,,,,,,,,,,,,,,,,,,,,,,,,,,,,,,,,,,,,,,,,,,,,,,,,,,,,,,,,,,,,,,,,"Metal","UMAP binary"
"FashionMNIST","fastEmbedR_umap_metal_fuzzy_full","UMAP","metal","full_pipeline",4,,70000,784,30,,"float32",,3,3,"success",19.09,18.9825,19.1745,0.192,0.192458653568327,18.875,19.259,0.00900000000000001,0.00800000000000001,0.01,0.00199999999999999,0.00199999999999999,0.00700000000000001,0.011,17.534,17.4175,17.661,0.243500000000004,0.243575450322894,17.301,17.788,,,,,,,,,,,,,,,1.436,1.395,1.4415,0.0465,0.05081666393353,1.354,1.447,0.717880249023438,0.700775146484375,0.735816955566406,0.0350418090820312,0.0350450981662386,0.683670043945312,0.753753662109375,,,,,,,,,,,,,,,0.96570904290322,0.963562598218255,0.967028528729388,0.00346593051113353,0.00349866088087809,0.96141615353329,0.968348014555557,0.514005602240896,0.505929038281979,0.514705882352941,0.00877684407096158,0.00975548630135088,0.497852474323063,0.515406162464986,0.574649859943978,0.570191409897292,0.576353874883287,0.0061624649859946,0.00636434958372475,0.565732959850607,0.578057889822596,0.59078431372549,0.585280112044818,0.597801120448179,0.012521008403361,0.0125514265898907,0.579775910364146,0.604817927170868,0.181314775049458,0.142846325359268,0.207403559832942,0.0645572344736745,0.0649516888973882,0.104377875669077,0.233492344616426,0.717086834733894,0.71498599439776,0.729691876750701,0.0147058823529411,0.0159073062907569,0.712885154061625,0.742296918767507,,,,,,,,,,,,,,,,,,,,,,,,,,,,,,,,,,,,,,,,,,,,,,,,,,,,,,,,,,,,,,,,,,,,,,,,,,,,,,,,,,,,,"Metal","UMAP fuzzy"
"FashionMNIST","fastEmbedR_opentsne_cpu_full","t-SNE","cpu","full_pipeline",1,1,70000,784,,30,"float32",,3,3,"success",90.832,90.822,90.8325,0.0104999999999933,0.0118462370959438,90.812,90.833,0.00900000000000001,0.00900000000000001,0.0100000000000001,0.00100000000000004,0.0011547005383793,0.00900000000000001,0.0110000000000001,29.516,29.061,29.6025,0.541499999999999,0.581795783186276,28.606,29.689,,,,,,,,,,,,,,,59.247,59.186,59.459,0.273000000000003,0.286582158086182,59.125,59.671,1.2099609375,1.07022857666016,1.28170013427734,0.211471557617188,0.215084269843511,0.930496215820312,1.35343933105469,,,,,,,,,,,,,,,0.96244850086682,0.961244951429679,0.964792294148725,0.00354734271904644,0.00360791154384545,0.960041401992538,0.967136087430631,0.498225957049486,0.496358543417367,0.509290382819795,0.012931839402428,0.0139795379425378,0.494491129785247,0.520354808590103,0.555135387488329,0.549976657329599,0.557563025210084,0.0075863678804855,0.0077485009034757,0.544817927170868,0.559990662931839,0.575042016806723,0.573935574229692,0.57795518207283,0.00401960784313748,0.00415274963179247,0.572829131652661,0.580868347338936,0.121777868104207,0.11216562191847,0.129499116290314,0.017333494371845,0.0173678434167952,0.102553375732732,0.137220364476422,0.728291316526611,0.719887955182073,0.735294117647059,0.015406162464986,0.015427368479793,0.711484593837535,0.742296918767507,1.84331794239551,1.84272260084609,1.84366572663197,0.000943125785889842,0.000953894362989879,1.84212725929666,1.84401351086844,,,,,,,,,,,,,,,,,,,,,,,,,,,,,,,,,,,,,,,,,,,,,,,,,,,,,,,,,,,,,,,,,,,,,,,,,,,,,,"CPU (1t)","openTSNE"
"FashionMNIST","fastEmbedR_opentsne_cpu_full","t-SNE","cpu","full_pipeline",4,4,70000,784,,30,"float32",,3,3,"success",38.281,37.867,42.434,4.56699999999999,5.05148783363212,37.453,46.587,0.011,0.0105,0.0325,0.022,0.0251197133741609,0.01,0.0539999999999999,17.123,17.107,18.857,1.75,2.01155197132297,17.091,20.591,,,,,,,,,,,,,,,18.971,18.8925,21.2205,2.328,2.64398644726733,18.814,23.47,1.25213623046875,1.17535400390625,1.33943939208984,0.164085388183594,0.164197781065589,1.09857177734375,1.42674255371094,,,,,,,,,,,,,,,0.96244850086682,0.961244951429679,0.964792294148725,0.00354734271904644,0.00360791154384545,0.960041401992538,0.967136087430631,0.498225957049486,0.496358543417367,0.509290382819795,0.012931839402428,0.0139795379425378,0.494491129785247,0.520354808590103,0.555135387488329,0.549976657329599,0.557563025210084,0.0075863678804855,0.0077485009034757,0.544817927170868,0.559990662931839,0.575042016806723,0.573935574229692,0.57795518207283,0.00401960784313748,0.00415274963179247,0.572829131652661,0.580868347338936,0.121777868104207,0.11216562191847,0.129499116290314,0.017333494371845,0.0173678434167952,0.102553375732732,0.137220364476422,0.728291316526611,0.719887955182073,0.735294117647059,0.015406162464986,0.015427368479793,0.711484593837535,0.742296918767507,1.84331794239551,1.84272260084609,1.84366572663197,0.000943125785889842,0.000953894362989879,1.84212725929666,1.84401351086844,,,,,,,,,,,,,,,,,,,,,,,,,,,,,,,,,,,,,,,,,,,,,,,,,,,,,,,,,,,,,,,,,,,,,,,,,,,,,,"CPU (4t)","openTSNE"
"FashionMNIST","fastEmbedR_opentsne_metal_full","t-SNE","metal","full_pipeline",4,,70000,784,,30,"float32",,3,3,"success",20.507,20.4715,20.6355,0.164000000000001,0.172565929429884,20.436,20.764,0.01,0.0095,0.011,0.00149999999999999,0.00152752523165194,0.00900000000000001,0.012,17.488,17.485,17.613,0.128,0.14610042208472,17.482,17.738,,,,,,,,,,,,,,,2.675,2.6595,2.679,0.0194999999999999,0.0205993527406403,2.644,2.683,0.701126098632812,0.694755554199219,0.709182739257812,0.0144271850585938,0.0144599899321243,0.688385009765625,0.717239379882812,,,,,,,,,,,,,,,0.965265565946591,0.962744692667226,0.965953414650955,0.00320872198372846,0.0033787408601009,0.960223819387861,0.966641263355318,0.504295051353875,0.499673202614379,0.51171802054155,0.0120448179271709,0.0121529035277076,0.495051353874883,0.519140989729225,0.554901960784314,0.551704014939309,0.558263305322129,0.00655929038281999,0.00655996875275273,0.548506069094304,0.561624649859944,0.577843137254902,0.576932773109244,0.579243697478992,0.002310924369748,0.00232819003544204,0.576022408963585,0.580644257703081,0.120390004768375,0.114179710817904,0.126469831536379,0.0122901207184745,0.012290351547857,0.107969416867434,0.132549658304383,0.728291316526611,0.718487394957984,0.73389355742297,0.0154061624649859,0.015595978607367,0.708683473389356,0.739495798319328,1.84142180582887,1.8406033605342,1.84233739276503,0.00173403223082991,0.00173493898367074,1.83978491523952,1.84325297970118,,,,,,,,,,,,,,,,,,,,,,,,,,,,,,,,,,,,,,,,,,,,,,,,,,,,,,,,,,,,,,,,,,,,,,,,,,,,,,"Metal","openTSNE"
"MNIST","fastEmbedR_umap_cpu_binary_full","UMAP","cpu","full_pipeline",1,1,70000,784,30,,"float32",,3,3,"success",122.32,122.092,123.2455,1.15349999999999,1.22177371063549,121.864,124.171,0.01,0.009,0.0225,0.0134999999999999,0.0150443787951956,0.00800000000000001,0.0349999999999999,29.902,29.3295,31.3035,1.974,2.03119578902018,28.757,32.705,,,,,,,,,,,,,,,91.825,91.584,92.6155,1.03149999999999,1.07918595864352,91.343,93.406,0.519454956054688,0.512161254882812,0.519783020019531,0.00762176513671875,0.00861769522741594,0.504867553710938,0.520111083984375,,,,,,,,,,,,,,,0.927607994476131,0.927489355607173,0.92899531254856,0.00150595694138689,0.00167464084201708,0.927370716738215,0.930382630620989,0.470214752567694,0.468207282913165,0.470588235294118,0.00238095238095248,0.00256103598844337,0.466199813258637,0.470961718020542,0.495331465919701,0.491479925303455,0.498739495798319,0.00725957049486448,0.0072640850096924,0.487628384687208,0.502147525676937,0.483305322128852,0.478725490196079,0.486526610644258,0.00780112044817949,0.0078404523882636,0.474145658263305,0.489747899159664,0.482785455274163,0.471196285695696,0.485871485302715,0.0146751996070185,0.0154745795066493,0.45960711611723,0.488957515331267,0.939775910364146,0.938375350140056,0.943977591036415,0.00560224089635852,0.00583099719738394,0.936974789915966,0.948179271708683,,,,,,,,,,,,,,,,,,,,,,,,,,,,,,,,,,,,,,,,,,,,,,,,,,,,,,,,,,,,,,,,,,,,,,,,,,,,,,,,,,,,,"CPU (1t)","UMAP binary"
"MNIST","fastEmbedR_umap_cpu_binary_full","UMAP","cpu","full_pipeline",4,4,70000,784,30,,"float32",,3,3,"success",42.052,41.653,42.117,0.464000000000006,0.502475206685201,41.254,42.182,0.01,0.01,0.0105,0.000499999999999999,0.000577350269189625,0.01,0.011,18.25,18.219,18.5275,0.308499999999999,0.339744511851676,18.188,18.805,,,,,,,,,,,,,,,23.127,23.005,23.498,0.492999999999999,0.513532861655416,22.883,23.869,0.524490356445312,0.514572143554688,0.528167724609375,0.0135955810546875,0.014064940046617,0.504653930664062,0.531845092773438,,,,,,,,,,,,,,,0.929295017572876,0.928395294441945,0.930703820360754,0.00230852591880903,0.00232716120703285,0.927495571311014,0.932112623148632,0.470681605975724,0.470214752567694,0.473576097105509,0.003361344537815,0.0036418555807804,0.469747899159664,0.476470588235294,0.495378151260504,0.493253968253968,0.497759103641456,0.00450513538748848,0.00450757381490461,0.491129785247432,0.500140056022409,0.48249299719888,0.479285714285715,0.48609243697479,0.00680672268907545,0.00681048721465463,0.476078431372549,0.4896918767507,0.492682507728252,0.479326821924777,0.493018877284389,0.013692055359611,0.0156196429265648,0.465971136121303,0.493355246840525,0.943977591036415,0.94047619047619,0.948179271708683,0.00770308123249297,0.00771368423989645,0.936974789915966,0.952380952380952,,,,,,,,,,,,,,,,,,,,,,,,,,,,,,,,,,,,,,,,,,,,,,,,,,,,,,,,,,,,,,,,,,,,,,,,,,,,,,,,,,,,,"CPU (4t)","UMAP binary"
"MNIST","fastEmbedR_umap_cpu_fuzzy_full","UMAP","cpu","full_pipeline",1,1,70000,784,30,,"float32",,3,3,"success",47.313,47.29,47.3935,0.103499999999997,0.108693759403807,47.267,47.474,0.00900000000000001,0.00900000000000001,0.00900000000000001,0,0,0.00900000000000001,0.00900000000000001,28.641,28.561,28.703,0.141999999999999,0.142379773844461,28.481,28.765,,,,,,,,,,,,,,,18.587,18.571,18.6235,0.052500000000002,0.053817593158124,18.555,18.66,0.520339965820312,0.520309448242188,0.521537780761719,0.00122833251953125,0.00140106929045132,0.520278930664062,0.522735595703125,,,,,,,,,,,,,,,0.92747814031546,0.926315871259261,0.928707701121934,0.0023918298626735,0.00239214537292262,0.925153602203062,0.929937261928409,0.470588235294118,0.469000933706816,0.474323062558357,0.00532212885154104,0.00546464494334016,0.467413632119514,0.478057889822596,0.490709617180205,0.489635854341737,0.49593837535014,0.0063025210084035,0.00674362166269261,0.488562091503268,0.501167133520075,0.474957983193277,0.470056022408963,0.477689075630252,0.00763305322128849,0.00773526930835947,0.46515406162465,0.480420168067227,0.540808002264021,0.51605884594054,0.550788569698381,0.0347297237578414,0.035761116475225,0.491309689617058,0.560769137132741,0.955182072829132,0.951680672268908,0.958683473389356,0.00700280112044849,0.00700280112044849,0.948179271708683,0.96218487394958,,,,,,,,,,,,,,,,,,,,,,,,,,,,,,,,,,,,,,,,,,,,,,,,,,,,,,,,,,,,,,,,,,,,,,,,,,,,,,,,,,,,,"CPU (1t)","UMAP fuzzy"
"MNIST","fastEmbedR_umap_cpu_fuzzy_full","UMAP","cpu","full_pipeline",4,4,70000,784,30,,"float32",,3,3,"success",22.973,22.929,23.068,0.138999999999996,0.142084481911291,22.885,23.163,0.01,0.0095,0.01,0.000499999999999995,0.00057735026918962,0.00900000000000001,0.01,18.127,18.092,18.1515,0.0594999999999999,0.0598080262172226,18.057,18.176,,,,,,,,,,,,,,,4.727,4.721,4.79,0.069,0.0764460594144654,4.715,4.853,0.588394165039062,0.551406860351562,0.605026245117188,0.053619384765625,0.0548921683449486,0.514419555664062,0.621658325195312,,,,,,,,,,,,,,,0.926956831936827,0.926200542928218,0.927951344551327,0.00175080162310937,0.00175619564749606,0.925444253919609,0.928945857165828,0.46890756302521,0.466900093370682,0.471148459383753,0.00424836601307199,0.00425050308274302,0.464892623716153,0.473389355742297,0.488608776844071,0.488515406162465,0.493650793650794,0.00513538748832848,0.00587666891011888,0.488422035480859,0.498692810457516,0.475406162464986,0.4703081232493,0.477759103641457,0.00745098039215703,0.00761767439703728,0.465210084033613,0.480112044817927,0.545787265399467,0.522629922682567,0.558370064133142,0.0357401414505749,0.0362578456483305,0.499472579965667,0.570952862866817,0.959383753501401,0.955182072829132,0.96078431372549,0.00560224089635852,0.0058309971973841,0.950980392156863,0.96218487394958,,,,,,,,,,,,,,,,,,,,,,,,,,,,,,,,,,,,,,,,,,,,,,,,,,,,,,,,,,,,,,,,,,,,,,,,,,,,,,,,,,,,,"CPU (4t)","UMAP fuzzy"
"MNIST","fastEmbedR_umap_metal_binary_full","UMAP","metal","full_pipeline",4,,70000,784,30,,"float32",,3,3,"success",12.55,12.5065,12.7065,0.200000000000001,0.210371892926154,12.463,12.863,0.01,0.0095,0.0199999999999999,0.0104999999999999,0.0118462370959445,0.00900000000000001,0.0299999999999999,10.21,10.174,10.3395,0.165500000000002,0.174081398585068,10.138,10.469,,,,,,,,,,,,,,,2.207,2.2035,2.2445,0.0409999999999999,0.0454569393309023,2.2,2.282,0.71881103515625,0.707405090332031,0.718879699707031,0.011474609375,0.0132102725801424,0.695999145507812,0.718948364257812,,,,,,,,,,,,,,,0.930331148378309,0.929788422846225,0.931257490936558,0.00146906809033298,0.00148566990331715,0.92924569731414,0.932183833494806,0.471615312791783,0.469794584500467,0.475676937441643,0.00588235294117645,0.00602295179192167,0.46797385620915,0.479738562091503,0.49547152194211,0.492390289449113,0.501960784313725,0.00957049486461248,0.00977066670386894,0.489309056956116,0.508450046685341,0.48327731092437,0.480014005602241,0.487941176470588,0.00792717086834749,0.00796830560971053,0.476750700280112,0.492605042016807,0.488962803292066,0.46724154385746,0.49582346123329,0.02858191737583,0.0298418915809158,0.445520284422855,0.502684119174515,0.946778711484594,0.939775910364146,0.948179271708683,0.0084033613445379,0.00900434244723921,0.932773109243697,0.949579831932773,,,,,,,,,,,,,,,,,,,,,,,,,,,,,,,,,,,,,,,,,,,,,,,,,,,,,,,,,,,,,,,,,,,,,,,,,,,,,,,,,,,,,"Metal","UMAP binary"
"MNIST","fastEmbedR_umap_metal_fuzzy_full","UMAP","metal","full_pipeline",4,,70000,784,30,,"float32",,3,3,"success",11.633,11.6105,11.7105,0.100000000000001,0.104920604903582,11.588,11.788,0.00900000000000001,0.00900000000000001,0.0095,0.000499999999999995,0.00057735026918962,0.00900000000000001,0.01,10.312,10.278,10.316,0.0380000000000003,0.0417612260356423,10.244,10.32,,,,,,,,,,,,,,,1.225,1.215,1.284,0.069,0.0745743476896267,1.205,1.343,0.711807250976562,0.702308654785156,0.714012145996094,0.0117034912109375,0.0124380223020394,0.69281005859375,0.716217041015625,,,,,,,,,,,,,,,0.927971748274804,0.926721716182855,0.928246928293748,0.00152521211089351,0.00162574624033498,0.925471684090906,0.928522108312693,0.466666666666667,0.466339869281046,0.472128851540617,0.00578898225957053,0.00650407952647534,0.466013071895425,0.477591036414566,0.489028944911298,0.487441643323997,0.495658263305322,0.00821661998132545,0.00871704202949263,0.485854341736695,0.502287581699346,0.475490196078431,0.469481792717087,0.479481792717087,0.01,0.0100675635807393,0.463473389355742,0.483473389355742,0.528264007171668,0.521006438569708,0.552592748611477,0.0315863100417699,0.0330883156024609,0.513748869967747,0.576921490051287,0.964985994397759,0.960084033613446,0.964985994397759,0.00490196078431349,0.00566029675676076,0.955182072829132,0.964985994397759,,,,,,,,,,,,,,,,,,,,,,,,,,,,,,,,,,,,,,,,,,,,,,,,,,,,,,,,,,,,,,,,,,,,,,,,,,,,,,,,,,,,,"Metal","UMAP fuzzy"
"MNIST","fastEmbedR_opentsne_cpu_full","t-SNE","cpu","full_pipeline",1,1,70000,784,,30,"float32",,3,3,"success",88.987,88.855,90.98,2.125,2.38118989862912,88.723,92.973,0.00900000000000001,0.00850000000000001,0.00900000000000001,0.000499999999999999,0.000577350269189625,0.00800000000000001,0.00900000000000001,28.644,28.616,29.248,0.631999999999998,0.714154045007098,28.588,29.852,,,,,,,,,,,,,,,58.424,58.3755,59.615,1.23949999999999,1.40408772280557,58.327,60.806,1.31228637695312,1.25216674804688,1.33539581298828,0.0832290649414062,0.0859282377518551,1.19204711914062,1.35850524902344,,,,,,,,,,,,,,,0.923866546136062,0.923512386141143,0.924767620506958,0.00125523436581598,0.00129434092289302,0.923158226146223,0.925668694877855,0.456209150326797,0.453828197945845,0.457002801120448,0.003174603174603,0.00330423174518407,0.451447245564893,0.457796451914099,0.477310924369748,0.4718720821662,0.477567693744165,0.0056956115779645,0.00643360584606467,0.466433239962652,0.477824463118581,0.464117647058824,0.460798319327732,0.466666666666667,0.00586834733893549,0.00588517561550256,0.457478991596639,0.46921568627451,0.356137817132542,0.355750677287864,0.367093171396281,0.011342494108417,0.0128794885225265,0.355363537443186,0.37804852566002,0.953781512605042,0.948879551820728,0.955182072829131,0.00630252100840301,0.0066187893925103,0.943977591036415,0.956582633053221,2.22424456823289,2.22362333838217,2.22442248582151,0.000799147439335179,0.000839133610958259,2.22300210853145,2.22460040341012,,,,,,,,,,,,,,,,,,,,,,,,,,,,,,,,,,,,,,,,,,,,,,,,,,,,,,,,,,,,,,,,,,,,,,,,,,,,,,"CPU (1t)","openTSNE"
"MNIST","fastEmbedR_opentsne_cpu_full","t-SNE","cpu","full_pipeline",4,4,70000,784,,30,"float32",,3,3,"success",38.502,38.4045,38.7625,0.358000000000004,0.370162576894712,38.307,39.023,0.00900000000000001,0.00850000000000001,0.01,0.00149999999999999,0.00152752523165194,0.00800000000000001,0.011,18.505,18.261,18.8155,0.554500000000001,0.55582761116495,18.017,19.126,,,,,,,,,,,,,,,17.996,17.9425,18.314,0.371500000000001,0.4016619640112,17.889,18.632,1.29887390136719,1.2818603515625,1.30953216552734,0.0276718139648438,0.0279140198940625,1.26484680175781,1.3201904296875,,,,,,,,,,,,,,,0.923866546136062,0.923512386141143,0.924767620506958,0.00125523436581598,0.00129434092289302,0.923158226146223,0.925668694877855,0.456209150326797,0.453828197945845,0.457002801120448,0.003174603174603,0.00330423174518407,0.451447245564893,0.457796451914099,0.477310924369748,0.4718720821662,0.477567693744165,0.0056956115779645,0.00643360584606467,0.466433239962652,0.477824463118581,0.464117647058824,0.460798319327732,0.466666666666667,0.00586834733893549,0.00588517561550256,0.457478991596639,0.46921568627451,0.356137817132542,0.355750677287864,0.367093171396281,0.011342494108417,0.0128794885225265,0.355363537443186,0.37804852566002,0.953781512605042,0.948879551820728,0.955182072829131,0.00630252100840301,0.0066187893925103,0.943977591036415,0.956582633053221,2.22424456823289,2.22362333838217,2.22442248582151,0.000799147439335179,0.000839133610958259,2.22300210853145,2.22460040341012,,,,,,,,,,,,,,,,,,,,,,,,,,,,,,,,,,,,,,,,,,,,,,,,,,,,,,,,,,,,,,,,,,,,,,,,,,,,,,"CPU (4t)","openTSNE"
"MNIST","fastEmbedR_opentsne_metal_full","t-SNE","metal","full_pipeline",4,,70000,784,,30,"float32",,3,3,"success",13.215,13.113,13.2365,0.1235,0.131955800680885,13.011,13.258,0.011,0.01,0.011,0.000999999999999994,0.00115470053837925,0.00900000000000001,0.011,10.252,10.1645,10.267,0.102499999999999,0.110717357868283,10.077,10.282,,,,,,,,,,,,,,,2.642,2.64,2.6645,0.0245000000000002,0.02720906711619,2.638,2.687,0.7183837890625,0.709114074707031,0.729164123535156,0.020050048828125,0.0200690088375837,0.699844360351562,0.739944458007812,,,,,,,,,,,,,,,0.923386450576371,0.922999387888295,0.923634470672012,0.000635082783716601,0.000640136253472749,0.92261232520022,0.923882490767653,0.448085901027078,0.445985060690944,0.451353874883287,0.00536881419234353,0.00541093639922606,0.443884220354809,0.454621848739496,0.471335200746965,0.468557422969188,0.474556489262371,0.00599906629318397,0.00600452859499788,0.46577964519141,0.477777777777778,0.46921568627451,0.465700280112045,0.471260504201681,0.00556022408963597,0.00562467496953351,0.46218487394958,0.473305322128852,0.366360460938374,0.365958832964472,0.380844626161935,0.0148857931974635,0.0169615090989471,0.36555720499057,0.395328791385497,0.96078431372549,0.952380952380953,0.96218487394958,0.00980392156862742,0.0106048708605046,0.943977591036415,0.96358543417367,2.21732834861388,2.21505382151612,2.21827800547705,0.00322418396092994,0.00331367710055643,2.21277929441836,2.21922766234022,,,,,,,,,,,,,,,,,,,,,,,,,,,,,,,,,,,,,,,,,,,,,,,,,,,,,,,,,,,,,,,,,,,,,,,,,,,,,,"Metal","openTSNE"
"Macosko2015_retina","fastEmbedR_umap_cpu_binary_full","UMAP","cpu","full_pipeline",1,1,44808,50,30,,"float32",,3,3,"success",73.887,73.8685,73.9975,0.129000000000005,0.139507466944729,73.85,74.108,0.001,0.001,0.001,0,0,0.001,0.001,6.219,6.2095,6.3505,0.141,0.157614508638429,6.2,6.482,,,,,,,,,,,,,,,67.526,67.411,67.666,0.254999999999995,0.255408170059869,67.296,67.806,0.288436889648438,0.286033630371094,0.28961181640625,0.00357818603515625,0.00364778684890348,0.28363037109375,0.290786743164062,,,,,,,,,,,,,,,0.921199966278874,0.920014626538527,0.92312816557073,0.00311353903220346,0.00314294003699465,0.918829286798179,0.925056364862586,0.355866666666667,0.354766666666667,0.358716666666667,0.00395000000000001,0.00407717222267262,0.353666666666667,0.361566666666667,0.415383333333333,0.413908333333333,0.41925,0.00534166666666702,0.00551725408084462,0.412433333333333,0.423116666666667,0.46991,0.464755,0.472165,0.00740999999999997,0.00759680415262453,0.4596,0.47442,0.150075398922234,0.121695554406426,0.171930261365225,0.0502347069587996,0.0503757638180636,0.0933157098906178,0.193785123808217,0.968,0.9625,0.972,0.00950000000000006,0.00953939201416946,0.957,0.976,,,,,,,,,,,,,,,,,,,,,,,,,,,,,,,,,,,,,,,,,,,,,,,,,,,,,,,,,,,,,,,,,,,,,,,,,,,,,,,,,,,,,"CPU (1t)","UMAP binary"
"Macosko2015_retina","fastEmbedR_umap_cpu_binary_full","UMAP","cpu","full_pipeline",4,4,44808,50,30,,"float32",,3,3,"success",20.468,20.4535,20.7775,0.324000000000002,0.366038704693005,20.439,21.087,0.001,0.001,0.001,0,0,0.001,0.001,3.7,3.689,3.724,0.0350000000000001,0.0357957166897569,3.678,3.748,,,,,,,,,,,,,,,16.689,16.635,16.983,0.348000000000003,0.374571755475504,16.581,17.277,0.3167724609375,0.310188293457031,0.335441589355469,0.0252532958984375,0.026199447462768,0.303604125976562,0.354110717773438,,,,,,,,,,,,,,,0.922311364019558,0.920152748271792,0.923945211600067,0.00379246332827554,0.00380454622429142,0.917994132524026,0.925579059180577,0.358433333333333,0.356066666666667,0.359883333333333,0.00381666666666647,0.00385318531049775,0.3537,0.361333333333333,0.4153,0.415058333333334,0.419133333333333,0.00407499999999994,0.00457226947457703,0.414816666666667,0.422966666666667,0.46801,0.465855,0.47176,0.00590499999999994,0.00597637292455326,0.4637,0.47551,0.245286779658664,0.213099855657949,0.316530833950205,0.103430978292256,0.105860539135276,0.180912931657234,0.387774888241746,0.9705,0.967,0.9725,0.00549999999999995,0.00556776436283003,0.9635,0.9745,,,,,,,,,,,,,,,,,,,,,,,,,,,,,,,,,,,,,,,,,,,,,,,,,,,,,,,,,,,,,,,,,,,,,,,,,,,,,,,,,,,,,"CPU (4t)","UMAP binary"
"Macosko2015_retina","fastEmbedR_umap_cpu_fuzzy_full","UMAP","cpu","full_pipeline",1,1,44808,50,30,,"float32",,3,3,"success",19.356,18.968,19.3565,0.3885,0.448312762849034,18.58,19.357,0.001,0.001,0.0015,5e-04,0.000577350269189626,0.001,0.002,6.267,6.172,6.43,0.257999999999999,0.260969985502803,6.077,6.593,,,,,,,,,,,,,,,12.645,12.5195,12.815,0.295499999999999,0.296614789471687,12.394,12.985,0.28924560546875,0.287567138671875,0.300384521484375,0.0128173828125,0.0139326475816941,0.285888671875,0.3115234375,,,,,,,,,,,,,,,0.914315174506829,0.91340263024785,0.917190465351543,0.00378783510369252,0.00395370958628776,0.912490085988872,0.920065756196257,0.347666666666667,0.346666666666667,0.351166666666667,0.0045,0.00472581562625261,0.345666666666667,0.354666666666667,0.405566666666667,0.399625,0.409833333333333,0.0102083333333335,0.0102540371453288,0.393683333333333,0.4141,0.45152,0.44593,0.45584,0.00991000000000003,0.00993708877555863,0.44034,0.46016,0.436547470028342,0.369551979276477,0.437339089481019,0.0677871102045415,0.0778207973587341,0.302556488524612,0.438130708933695,0.9605,0.96025,0.96375,0.00349999999999995,0.00390512483795332,0.96,0.967,,,,,,,,,,,,,,,,,,,,,,,,,,,,,,,,,,,,,,,,,,,,,,,,,,,,,,,,,,,,,,,,,,,,,,,,,,,,,,,,,,,,,"CPU (1t)","UMAP fuzzy"
"Macosko2015_retina","fastEmbedR_umap_cpu_fuzzy_full","UMAP","cpu","full_pipeline",4,4,44808,50,30,,"float32",,3,3,"success",6.98,6.944,7.3865,0.442499999999999,0.491490589940438,6.908,7.793,0,0,5e-04,5e-04,0.000577350269189626,0,0.001,3.718,3.6855,3.7415,0.056,0.0562405547625555,3.653,3.765,,,,,,,,,,,,,,,3.153,3.153,3.5345,0.3815,0.440518255391684,3.153,3.916,0.367034912109375,0.362411499023438,0.367988586425781,0.00557708740234375,0.0059659783862818,0.3577880859375,0.368942260742188,,,,,,,,,,,,,,,0.915412763446299,0.913645312763447,0.917455800033721,0.00381048727027444,0.00381380769055325,0.911877862080594,0.919498836621143,0.3488,0.348483333333333,0.351783333333334,0.00330000000000003,0.00364147914594756,0.348166666666667,0.354766666666667,0.40585,0.403908333333334,0.4076,0.00369166666666643,0.00369332480945648,0.401966666666667,0.40935,0.45179,0.45043,0.45441,0.00397999999999998,0.00404593623281434,0.44907,0.45703,0.410997852414434,0.390562926957226,0.43321866528708,0.0426557383298535,0.0426681982716848,0.370128001500019,0.455439478159726,0.961,0.9605,0.963,0.00250000000000006,0.00264575131106459,0.96,0.965,,,,,,,,,,,,,,,,,,,,,,,,,,,,,,,,,,,,,,,,,,,,,,,,,,,,,,,,,,,,,,,,,,,,,,,,,,,,,,,,,,,,,"CPU (4t)","UMAP fuzzy"
"Macosko2015_retina","fastEmbedR_umap_metal_binary_full","UMAP","metal","full_pipeline",4,,44808,50,30,,"float32",,3,3,"success",3.276,3.266,3.28,0.0139999999999998,0.014422205101856,3.256,3.284,0.001,0.001,0.0015,5e-04,0.000577350269189626,0.001,0.002,1.392,1.3865,1.3955,0.00900000000000012,0.00907377172587747,1.381,1.399,,,,,,,,,,,,,,,1.776,1.776,1.786,0.01,0.0115470053837925,1.776,1.796,0.444961547851562,0.411277770996094,0.446121215820312,0.0348434448242188,0.0395812017694017,0.377593994140625,0.447280883789062,,,,,,,,,,,,,,,0.91974774911482,0.919122964087,0.922276159163716,0.00315319507671563,0.00333924671127772,0.918498179059181,0.924804569212612,0.357933333333333,0.356066666666667,0.3601,0.00403333333333344,0.00403705062858756,0.3542,0.362266666666667,0.416833333333333,0.41555,0.419433333333333,0.00388333333333302,0.00395703779968625,0.414266666666667,0.422033333333333,0.46821,0.46517,0.47105,0.00588,0.00588113367756025,0.46213,0.47389,0.258081332001813,0.150680276298429,0.262469122437861,0.111788846139432,0.126625393957394,0.0432792205950455,0.26685691287391,0.969,0.964,0.971,0.00700000000000001,0.00721110255092799,0.959,0.973,,,,,,,,,,,,,,,,,,,,,,,,,,,,,,,,,,,,,,,,,,,,,,,,,,,,,,,,,,,,,,,,,,,,,,,,,,,,,,,,,,,,,"Metal","UMAP binary"
"Macosko2015_retina","fastEmbedR_umap_metal_fuzzy_full","UMAP","metal","full_pipeline",4,,44808,50,30,,"float32",,3,3,"success",2.436,2.43,2.45,0.0200000000000005,0.0205264057577876,2.424,2.464,0.001,0.001,0.001,0,0,0.001,0.001,1.414,1.41,1.416,0.006,0.00611010092660779,1.406,1.418,,,,,,,,,,,,,,,0.917,0.916,0.926,0.01,0.0110151410945722,0.915,0.935,0.413101196289062,0.404205322265625,0.419952392578125,0.0157470703125,0.0157912568353283,0.395309448242188,0.426803588867188,,,,,,,,,,,,,,,0.918076681841174,0.91658781824313,0.920816295734278,0.00422847749114852,0.00428969470475621,0.915098954645085,0.923555909627382,0.355466666666667,0.3529,0.35785,0.00495000000000001,0.00495113155790713,0.350333333333333,0.360233333333333,0.408366666666667,0.40635,0.412533333333334,0.00618333333333354,0.00630669837906063,0.404333333333333,0.4167,0.4534,0.453265,0.459385,0.00612000000000001,0.006990128754179,0.45313,0.46537,0.375967457429553,0.344253703301863,0.395626611568057,0.051372908266194,0.0518421980375049,0.312539949174173,0.415285765706561,0.9635,0.96025,0.96675,0.00649999999999995,0.00650000000000001,0.957,0.97,,,,,,,,,,,,,,,,,,,,,,,,,,,,,,,,,,,,,,,,,,,,,,,,,,,,,,,,,,,,,,,,,,,,,,,,,,,,,,,,,,,,,"Metal","UMAP fuzzy"
"Macosko2015_retina","fastEmbedR_opentsne_cpu_full","t-SNE","cpu","full_pipeline",1,1,44808,50,,30,"float32",,3,3,"success",23.842,23.7955,23.9355,0.140000000000001,0.142605516489838,23.749,24.029,0.001,0.001,0.001,0,0,0.001,0.001,6.222,6.201,6.262,0.0609999999999999,0.0619784908926743,6.18,6.302,,,,,,,,,,,,,,,17.041,16.96,17.148,0.187999999999999,0.188598338628242,16.879,17.255,0.368789672851562,0.366439819335938,0.3701171875,0.0036773681640625,0.00372443671810666,0.364089965820312,0.371444702148438,,,,,,,,,,,,,,,0.923319440229304,0.923079118192548,0.925411768673074,0.00233265048052611,0.00256604121326447,0.922838796155792,0.927504097116844,0.384133333333333,0.381283333333333,0.387366666666667,0.00608333333333355,0.00608735787726728,0.378433333333333,0.3906,0.419483333333333,0.418358333333333,0.42305,0.00469166666666698,0.00489887553235281,0.417233333333333,0.426616666666667,0.45433,0.450215,0.45582,0.00560499999999997,0.0058062810817252,0.4461,0.45731,-0.0294420844255356,-0.0349919678934598,-0.0275082259957029,0.007483741897757,0.00776948765905954,-0.0405418513613841,-0.0255743675658701,0.9675,0.964,0.97075,0.00675000000000003,0.00675154303350968,0.9605,0.974,2.01502268668098,1.99292332341466,2.01578114768725,0.0228578242725999,0.0259671234493684,1.97082396014833,2.01653960869353,,,,,,,,,,,,,,,,,,,,,,,,,,,,,,,,,,,,,,,,,,,,,,,,,,,,,,,,,,,,,,,,,,,,,,,,,,,,,,"CPU (1t)","openTSNE"
"Macosko2015_retina","fastEmbedR_opentsne_cpu_full","t-SNE","cpu","full_pipeline",4,4,44808,50,,30,"float32",,3,3,"success",10.519,10.358,10.524,0.166,0.188859736312429,10.197,10.529,0.001,0.001,0.001,0,0,0.001,0.001,3.756,3.7325,3.8385,0.106,0.111338822219984,3.709,3.921,,,,,,,,,,,,,,,6.024,5.9625,6.1025,0.14,0.140343625909171,5.901,6.181,0.457839965820312,0.446632385253906,0.4632568359375,0.0166244506835938,0.016957293505553,0.4354248046875,0.468673706054688,,,,,,,,,,,,,,,0.923319440229304,0.923079118192548,0.925411768673074,0.00233265048052611,0.00256604121326447,0.922838796155792,0.927504097116844,0.384133333333333,0.381283333333333,0.387366666666667,0.00608333333333355,0.00608735787726728,0.378433333333333,0.3906,0.419483333333333,0.418358333333333,0.42305,0.00469166666666698,0.00489887553235281,0.417233333333333,0.426616666666667,0.45433,0.450215,0.45582,0.00560499999999997,0.0058062810817252,0.4461,0.45731,-0.0294420844255356,-0.0349919678934598,-0.0275082259957029,0.007483741897757,0.00776948765905954,-0.0405418513613841,-0.0255743675658701,0.9675,0.964,0.97075,0.00675000000000003,0.00675154303350968,0.9605,0.974,2.01502268668098,1.99292332341466,2.01578114768725,0.0228578242725999,0.0259671234493684,1.97082396014833,2.01653960869353,,,,,,,,,,,,,,,,,,,,,,,,,,,,,,,,,,,,,,,,,,,,,,,,,,,,,,,,,,,,,,,,,,,,,,,,,,,,,,"CPU (4t)","openTSNE"
"Macosko2015_retina","fastEmbedR_opentsne_metal_full","t-SNE","metal","full_pipeline",4,,44808,50,,30,"float32",,3,3,"success",3.685,3.6835,3.686,0.00249999999999995,0.00251661147842354,3.682,3.687,0.001,0.001,0.001,0,0,0.001,0.001,1.384,1.3835,1.3915,0.00800000000000001,0.00896288643983254,1.383,1.399,,,,,,,,,,,,,,,2.144,2.1335,2.15,0.0165000000000002,0.01670329308849,2.123,2.156,0.322296142578125,0.316947937011719,0.330558776855469,0.01361083984375,0.0137144543999846,0.311599731445312,0.338821411132812,,,,,,,,,,,,,,,0.925107620974541,0.925052166582364,0.927674076884168,0.00262191030180403,0.00299601788561386,0.924996712190187,0.930240532793795,0.3883,0.384966666666666,0.390116666666667,0.00515000000000004,0.00522391225608353,0.381633333333333,0.391933333333333,0.424783333333333,0.4239,0.428275,0.00437500000000002,0.00462692402422249,0.423016666666667,0.431766666666667,0.46291,0.458355,0.46558,0.00722500000000004,0.00730650623303186,0.4538,0.46825,0.0799000270529123,0.0782349138144972,0.0904106876777906,0.0121757738632934,0.0132034353620102,0.0765698005760821,0.100921348302669,0.966,0.9635,0.971,0.00749999999999995,0.00763762615825974,0.961,0.976,1.94861458590085,1.94750315979831,1.94898401255427,0.00148085275595999,0.00154157255608228,1.94639173369577,1.94935343920769,,,,,,,,,,,,,,,,,,,,,,,,,,,,,,,,,,,,,,,,,,,,,,,,,,,,,,,,,,,,,,,,,,,,,,,,,,,,,,"Metal","openTSNE"
"MetRef","fastEmbedR_umap_cpu_binary_full","UMAP","cpu","full_pipeline",1,1,873,375,30,,"float32",,3,3,"success",3.389,3.377,3.404,0.0270000000000001,0.0270554985169373,3.365,3.419,0.001,5e-04,0.001,5e-04,0.000577350269189626,0,0.001,0.174,0.171,0.175,0.004,0.00416333199893225,0.168,0.176,,,,,,,,,,,,,,,3.116,3.1045,3.1285,0.024,0.0240069434400411,3.093,3.141,0.19134521484375,0.185745239257812,0.192420959472656,0.00667572021484375,0.0071685513858143,0.180145263671875,0.193496704101562,,,,,,,,,,,,,,,0.808128832288929,0.807523796689351,0.808316465646969,0.000792668957617537,0.000828491975489535,0.806918761089774,0.808504099005009,0.283848797250859,0.282321496754486,0.28549064528446,0.00316914852997302,0.00316983850026964,0.280794196258114,0.28713249331806,0.353493699885452,0.353245513554792,0.35414280259641,0.000897289041619009,0.000926663696029974,0.352997327224131,0.354791905307369,0.366964490263459,0.366116838487972,0.366998854524627,0.000882016036654998,0.000999215266712729,0.365269186712486,0.367033218785796,-0.0254233899488858,-0.0254621645218205,-0.0239474313087986,0.00151473321302195,0.00172711205608018,-0.0255009390947552,-0.0224714726687113,0.560137457044674,0.559564719358534,0.565864833906071,0.00630011454753698,0.00696765467388077,0.558991981672394,0.571592210767468,,,,,,,,,,,,,,,,,,,,,,,,,,,,,,,,,,,,,,,,,,,,,,,,,,,,,,,,,,,,,,,,,,,,,,,,,,,,,,,,,,,,,"CPU (1t)","UMAP binary"
"MetRef","fastEmbedR_umap_cpu_binary_full","UMAP","cpu","full_pipeline",4,4,873,375,30,,"float32",,3,3,"success",0.454,0.448,0.4655,0.0175,0.0177857620959388,0.442,0.477,0.001,0.001,0.001,0,0,0.001,0.001,0.094,0.092,0.0975,0.0055,0.00556776436283003,0.09,0.101,,,,,,,,,,,,,,,0.263,0.2585,0.2645,0.006,0.0062449979983984,0.254,0.266,0.191238403320312,0.186103820800781,0.196723937988281,0.0106201171875,0.0106220499377347,0.18096923828125,0.20220947265625,,,,,,,,,,,,,,,0.800330795319273,0.799669698807358,0.80085991510006,0.00119021629270255,0.00119265283126909,0.799008602295443,0.801389034880848,0.277357770141275,0.276059564719358,0.278159602901871,0.00210003818251253,0.00211950205810529,0.274761359297442,0.278961435662467,0.348262695685376,0.346334478808705,0.34946544482627,0.00313096601756402,0.0031588578128323,0.344406261932035,0.350668193967163,0.360389461626575,0.359335624284078,0.361042382588775,0.00170675830469652,0.00172238262066845,0.358281786941581,0.361695303550974,-0.0285977108352998,-0.0297326529404228,-0.0262399593730174,0.00349269356740535,0.00356333120321144,-0.0308675950455457,-0.023882207910735,0.552119129438717,0.54696449026346,0.552691867124857,0.00572737686139757,0.00630878642300804,0.541809851088202,0.553264604810997,,,,,,,,,,,,,,,,,,,,,,,,,,,,,,,,,,,,,,,,,,,,,,,,,,,,,,,,,,,,,,,,,,,,,,,,,,,,,,,,,,,,,"CPU (4t)","UMAP binary"
"MetRef","fastEmbedR_umap_cpu_fuzzy_full","UMAP","cpu","full_pipeline",1,1,873,375,30,,"float32",,3,3,"success",0.885,0.876,0.9025,0.0265000000000001,0.0269505720409296,0.867,0.92,0.001,5e-04,0.001,5e-04,0.000577350269189626,0,0.001,0.187,0.1865,0.1875,0.001,0.001,0.186,0.188,,,,,,,,,,,,,,,0.583,0.5745,0.6,0.0255,0.0259679289380831,0.566,0.617,0.1920166015625,0.184280395507812,0.192428588867188,0.008148193359375,0.00918011157091133,0.176544189453125,0.192840576171875,,,,,,,,,,,,,,,0.865976057318689,0.864759472632122,0.866526738988837,0.00176726635671443,0.0018086014812556,0.863542887945556,0.867077420658985,0.409163802978236,0.407941962581138,0.412371134020619,0.00442917143948052,0.00457510845129895,0.40672012218404,0.415578465063001,0.421573119511264,0.42037037037037,0.422164948453609,0.00179457808323802,0.00182891178751281,0.419167621229477,0.422756777395953,0.385658648339061,0.385051546391752,0.386918671248568,0.001867124856816,0.00190479845615395,0.384444444444444,0.388178694158076,0.170083536924893,0.165549872833538,0.174121576430255,0.0085717035967175,0.00857647851938038,0.161016208742183,0.178159615935618,0.742268041237113,0.739977090492554,0.742840778923253,0.00286368843069895,0.00303064296800088,0.737686139747995,0.743413516609393,,,,,,,,,,,,,,,,,,,,,,,,,,,,,,,,,,,,,,,,,,,,,,,,,,,,,,,,,,,,,,,,,,,,,,,,,,,,,,,,,,,,,"CPU (1t)","UMAP fuzzy"
"MetRef","fastEmbedR_umap_cpu_fuzzy_full","UMAP","cpu","full_pipeline",4,4,873,375,30,,"float32",,3,3,"success",0.333,0.3225,0.419,0.0965,0.105888305932871,0.312,0.505,0.001,0.001,0.001,0,0,0.001,0.001,0.117,0.1105,0.147,0.0365,0.038940124978399,0.104,0.177,,,,,,,,,,,,,,,0.11,0.1095,0.16,0.0505,0.058025856305616,0.109,0.21,0.197067260742188,0.189826965332031,0.197998046875,0.00817108154296875,0.00894631447517953,0.182586669921875,0.198928833007812,,,,,,,,,,,,,,,0.858329582462997,0.857572086337399,0.859738921456326,0.00216683511892701,0.00219927430622453,0.856814590211801,0.861148260449655,0.396869033982436,0.395609011072929,0.401260022909507,0.00565101183657896,0.00593309229476524,0.394348988163421,0.405651011836579,0.409354715540283,0.408342878961436,0.411321114929363,0.00297823596792651,0.0030287983646232,0.407331042382589,0.413287514318442,0.379679266895762,0.379667812142039,0.381649484536082,0.00198167239404351,0.0022816535289021,0.379656357388316,0.383619702176403,0.123338135565599,0.121828695077612,0.131615393255769,0.00978669817815749,0.0105378956370682,0.120319254589625,0.13989265094594,0.70446735395189,0.698167239404353,0.713631156930126,0.0154639175257729,0.0155520518170416,0.691867124856816,0.722794959908362,,,,,,,,,,,,,,,,,,,,,,,,,,,,,,,,,,,,,,,,,,,,,,,,,,,,,,,,,,,,,,,,,,,,,,,,,,,,,,,,,,,,,"CPU (4t)","UMAP fuzzy"
"MetRef","fastEmbedR_umap_metal_binary_full","UMAP","metal","full_pipeline",4,,873,375,30,,"float32",,3,3,"success",0.52,0.5145,0.5205,0.006,0.0066583281184794,0.509,0.521,0.001,0.001,0.001,0,0,0.001,0.001,0.056,0.054,0.0565,0.0025,0.00264575131106459,0.052,0.057,,,,,,,,,,,,,,,0.366,0.3615,0.367,0.0055,0.00585946527708232,0.357,0.368,0.200363159179688,0.198715209960938,0.20361328125,0.0048980712890625,0.00498465194052367,0.197067260742188,0.206863403320312,,,,,,,,,,,,,,,0.811721582103632,0.810139703074815,0.811961413202166,0.00182171012735011,0.00197964441347814,0.808557824045999,0.812201244300699,0.290187094310806,0.286941580756014,0.290378006872853,0.00343642611683853,0.00386254064031916,0.283696067201222,0.290568919434899,0.360175639557083,0.358953799159985,0.360442917143948,0.00148911798396301,0.00158782946913557,0.357731958762887,0.360710194730813,0.370996563573883,0.370962199312714,0.371786941580756,0.000824742268041523,0.000933123109022772,0.370927835051546,0.372577319587629,-0.00474199366097385,-0.00494727908263853,-0.00387558520351178,0.00107169387912675,0.00113763892633459,-0.00515256450430321,-0.00300917674604971,0.573883161512027,0.570446735395189,0.592210767468499,0.0217640320733105,0.0234006161833442,0.56701030927835,0.610538373424971,,,,,,,,,,,,,,,,,,,,,,,,,,,,,,,,,,,,,,,,,,,,,,,,,,,,,,,,,,,,,,,,,,,,,,,,,,,,,,,,,,,,,"Metal","UMAP binary"
"MetRef","fastEmbedR_umap_metal_fuzzy_full","UMAP","metal","full_pipeline",4,,873,375,30,,"float32",,3,3,"success",0.405,0.404,0.4085,0.00449999999999995,0.00472581562625258,0.403,0.412,0,0,5e-04,5e-04,0.000577350269189626,0,0.001,0.066,0.065,0.067,0.002,0.002,0.064,0.068,,,,,,,,,,,,,,,0.239,0.2385,0.244,0.0055,0.00608276253029822,0.238,0.249,0.208724975585938,0.20709228515625,0.21063232421875,0.0035400390625,0.00354358889736669,0.205459594726562,0.212539672851562,,,,,,,,,,,,,,,0.864823664173573,0.863636232958246,0.866216517305662,0.00258028434741586,0.00258300858847751,0.862448801742919,0.867609370437751,0.405421916762123,0.403474608629248,0.408476517754868,0.00500190912562049,0.00504259794750079,0.401527300496373,0.411531118747614,0.41676212294769,0.416399389079802,0.418575792287132,0.00217640320733098,0.00233205249406722,0.416036655211913,0.420389461626575,0.384375715922108,0.383883161512028,0.385085910652921,0.00120274914089347,0.00120929508350508,0.383390607101947,0.385796105383734,0.159533198792745,0.147659744602757,0.161128270308188,0.013468525705431,0.0147178882592797,0.13578629041277,0.162723341823632,0.7262313860252,0.722794959908362,0.72794959908362,0.00515463917525805,0.00524922760017873,0.719358533791523,0.729667812142039,,,,,,,,,,,,,,,,,,,,,,,,,,,,,,,,,,,,,,,,,,,,,,,,,,,,,,,,,,,,,,,,,,,,,,,,,,,,,,,,,,,,,"Metal","UMAP fuzzy"
"MetRef","fastEmbedR_opentsne_cpu_full","t-SNE","cpu","full_pipeline",1,1,873,375,,30,"float32",,3,3,"success",1.588,1.573,1.5945,0.0215000000000001,0.0220529665426974,1.558,1.601,0.001,5e-04,0.001,5e-04,0.000577350269189626,0,0.001,0.176,0.175,0.1765,0.0015,0.00152752523165195,0.174,0.177,,,,,,,,,,,,,,,0.887,0.8645,0.8915,0.0269999999999999,0.0289309522829789,0.842,0.896,0.288070678710938,0.287544250488281,0.290306091308594,0.0027618408203125,0.00293279853520077,0.287017822265625,0.29254150390625,,,,,,,,,,,,,,,0.883592300608674,0.880230307930733,0.88519794263639,0.00496763470565753,0.00507007400712281,0.876868315252791,0.886803584664106,0.438335242458954,0.432455135547919,0.441198930889653,0.00874379534173347,0.00891554169943096,0.426575028636884,0.444062619320351,0.446697212676594,0.443356242840779,0.448167239404353,0.00481099656357353,0.0049307704576375,0.440015273004964,0.449637266132111,0.404306987399771,0.402806414662085,0.405131729667812,0.00232531500572697,0.00235782501833632,0.401305841924399,0.405956471935853,0.0611942434145561,0.0466159201668841,0.069621565436953,0.023005645270069,0.0232781296424353,0.0320375969192121,0.07804888745935,0.699885452462772,0.697594501718213,0.70446735395189,0.00687285223367695,0.00699897013357138,0.695303550973654,0.709049255441008,1.83257712228447,1.82476408802986,1.8543886759199,0.029624587890035,0.0307072584677644,1.81695105377525,1.87620022955532,,,,,,,,,,,,,,,,,,,,,,,,,,,,,,,,,,,,,,,,,,,,,,,,,,,,,,,,,,,,,,,,,,,,,,,,,,,,,,"CPU (1t)","openTSNE"
"MetRef","fastEmbedR_opentsne_cpu_full","t-SNE","cpu","full_pipeline",4,4,873,375,,30,"float32",,3,3,"success",0.949,0.946,1.018,0.0720000000000001,0.0814616474176652,0.943,1.087,0.001,0.001,0.001,0,0,0.001,0.001,0.093,0.0925,0.101,0.00850000000000001,0.00953939201416946,0.092,0.109,,,,,,,,,,,,,,,0.328,0.326,0.345,0.019,0.0208806130178211,0.324,0.362,0.290756225585938,0.274986267089844,0.293632507324219,0.018646240234375,0.020077298332271,0.25921630859375,0.2965087890625,,,,,,,,,,,,,,,0.88326671607933,0.879954540349932,0.885349729353368,0.0053951890034365,0.00544166131158718,0.876642364620533,0.887432742627406,0.439251622756777,0.433066055746468,0.441198930889652,0.00813287514318445,0.00849301306164912,0.426880488736159,0.443146239022528,0.446849942726231,0.443642611683848,0.448339060710194,0.00469644902634597,0.0048000748773785,0.440435280641466,0.449828178694158,0.404444444444444,0.403024054982817,0.405269186712485,0.002245131729668,0.00227131716777672,0.401603665521191,0.406093928980527,0.0613484012756788,0.0468277376077158,0.0690925085211581,0.0222647709134423,0.0226059121207359,0.0323070739397528,0.0768366157666373,0.702176403207331,0.698739977090493,0.709621993127147,0.010882016036655,0.0111254694802086,0.695303550973654,0.717067583046964,1.83131024014693,1.82408313065831,1.85369497251241,0.0296118418541051,0.0308779158690849,1.81685602116969,1.8760797048779,,,,,,,,,,,,,,,,,,,,,,,,,,,,,,,,,,,,,,,,,,,,,,,,,,,,,,,,,,,,,,,,,,,,,,,,,,,,,,"CPU (4t)","openTSNE"
"MetRef","fastEmbedR_opentsne_metal_full","t-SNE","metal","full_pipeline",4,,873,375,,30,"float32",,3,3,"success",0.793,0.7885,0.811,0.0225,0.0238117617995813,0.784,0.829,0,0,5e-04,5e-04,0.000577350269189626,0,0.001,0.054,0.051,0.057,0.00599999999999999,0.006,0.048,0.06,,,,,,,,,,,,,,,0.61,0.596,0.62,0.024,0.0241108550933669,0.582,0.63,0.234420776367188,0.232467651367188,0.23468017578125,0.0022125244140625,0.00241898733694682,0.230514526367188,0.234939575195312,,,,,,,,,,,,,,,0.883013004514521,0.878619994160322,0.884347146418705,0.00572715225838294,0.00599325996895963,0.874226983806123,0.885681288322889,0.430316914852997,0.425238640702558,0.435395189003436,0.0101565483008785,0.0101565483008785,0.420160366552119,0.440473463153876,0.443948071783123,0.437972508591065,0.444578083237877,0.006605574646812,0.00729099381931823,0.431996945399007,0.445208094692631,0.40389461626575,0.399851088201604,0.404158075601375,0.00430698739977098,0.00482836552668046,0.395807560137457,0.404421534936999,0.031107663443531,0.0248993480981228,0.0443509304220203,0.0194515823238975,0.0198711072430122,0.0186910327527146,0.0575941974005096,0.70561282932417,0.688430698739978,0.707903780068729,0.0194730813287515,0.0212865366395821,0.671248568155785,0.710194730813288,1.83424139602982,1.82958246510654,1.83653028817506,0.00694782306851516,0.0070812856644258,1.82492353418326,1.83881918032029,,,,,,,,,,,,,,,,,,,,,,,,,,,,,,,,,,,,,,,,,,,,,,,,,,,,,,,,,,,,,,,,,,,,,,,,,,,,,,"Metal","openTSNE"
"TabulaMuris","fastEmbedR_umap_cpu_binary_full","UMAP","cpu","full_pipeline",1,1,100102,50,30,,"float32",,3,3,"success",143.889,143.256,144.8705,1.61449999999999,1.62698934641053,142.623,145.852,0.002,0.0015,0.002,5e-04,0.000577350269189626,0.001,0.002,11.066,10.9755,12.066,1.0905,1.21033893324694,10.885,13.066,,,,,,,,,,,,,,,131.434,131.045,133.1405,2.09549999999999,2.22928740482993,130.656,134.847,0.438125610351562,0.434768676757812,0.438148498535156,0.00337982177734375,0.0038895348709413,0.431411743164062,0.43817138671875,,,,,,,,,,,,,,,0.986713825661777,0.986606154105547,0.987143205193054,0.000537051087506457,0.000568262742336712,0.986498482549317,0.98757258472433,0.635933333333333,0.634183333333333,0.638416666666667,0.00423333333333353,0.00425445300483765,0.632433333333333,0.6409,0.65345,0.646066666666667,0.654458333333333,0.00839166666666691,0.00916334788406777,0.638683333333333,0.655466666666667,0.63274,0.62919,0.64042,0.0112300000000001,0.0114803542337915,0.62564,0.6481,-0.00408837898083968,-0.0370426491749584,0.000558709617607785,0.0376013587925662,0.0409995247087581,-0.0699969193690771,0.00520579821605525,0.831,0.822,0.835,0.013,0.0133166562369588,0.813,0.839,,,,,,,,,,,,,,,,,,,,,,,,,,,,,,,,,,,,,,,,,,,,,,,,,,,,,,,,,,,,,,,,,,,,,,,,,,,,,,,,,,,,,"CPU (1t)","UMAP binary"
"TabulaMuris","fastEmbedR_umap_cpu_binary_full","UMAP","cpu","full_pipeline",4,4,100102,50,30,,"float32",,3,3,"success",38.64,38.398,39.79,1.392,1.48744254791011,38.156,40.94,0.002,0.002,0.002,0,0,0.002,0.002,6.803,6.7955,6.8465,0.0509999999999993,0.0550726792520572,6.788,6.89,,,,,,,,,,,,,,,31.613,31.4295,32.811,1.3815,1.50053734819675,31.246,34.009,0.449951171875,0.448295593261719,0.449996948242188,0.00170135498046875,0.00193866703177088,0.446640014648438,0.450042724609375,,,,,,,,,,,,,,,0.986036385095262,0.986033097285449,0.986115857359636,8.27600741870604e-05,9.37225706630471e-05,0.986029809475636,0.98619532962401,0.638633333333333,0.634783333333333,0.6394,0.00461666666666694,0.00494798874216535,0.630933333333333,0.640166666666667,0.650116666666667,0.648558333333334,0.650825,0.00226666666666642,0.00231918328536373,0.647,0.651533333333333,0.63252,0.630375,0.63553,0.00515500000000002,0.00517913441931502,0.62823,0.63854,-0.0320419657865156,-0.0349457860342159,-0.0249825514114769,0.00996323462273905,0.0102480420080197,-0.0378496062819162,-0.0179231370364381,0.824,0.81275,0.8325,0.01975,0.0198137157881437,0.8015,0.841,,,,,,,,,,,,,,,,,,,,,,,,,,,,,,,,,,,,,,,,,,,,,,,,,,,,,,,,,,,,,,,,,,,,,,,,,,,,,,,,,,,,,"CPU (4t)","UMAP binary"
"TabulaMuris","fastEmbedR_umap_cpu_fuzzy_full","UMAP","cpu","full_pipeline",1,1,100102,50,30,,"float32",,3,3,"success",37.295,37.1105,37.306,0.195499999999996,0.219668689924925,36.926,37.317,0.001,0.001,0.0015,5e-04,0.000577350269189626,0.001,0.002,10.909,10.8835,10.9605,0.0769999999999982,0.0784495591659591,10.858,11.012,,,,,,,,,,,,,,,26.183,26.064,26.222,0.158000000000001,0.164612676709095,25.945,26.261,0.4554443359375,0.454658508300781,0.455604553222656,0.000946044921875,0.00101265184780664,0.453872680664062,0.455764770507812,,,,,,,,,,,,,,,0.965185904569213,0.962367897487777,0.966540296745912,0.00417239925813506,0.00425710838078415,0.95954989040634,0.96789468892261,0.614433333333333,0.611616666666666,0.615883333333333,0.00426666666666653,0.00433901337138241,0.6088,0.617333333333333,0.60545,0.600775,0.609591666666667,0.00881666666666647,0.00882204204965741,0.5961,0.613733333333333,0.57059,0.56665,0.57587,0.00922000000000001,0.00925240149006373,0.56271,0.58115,-0.0982401035759458,-0.109736336214079,-0.0744481946702636,0.0352881415438158,0.0359951036287136,-0.121232568852213,-0.0506562857645814,0.8185,0.815,0.824,0.00900000000000012,0.00907377172587747,0.8115,0.8295,,,,,,,,,,,,,,,,,,,,,,,,,,,,,,,,,,,,,,,,,,,,,,,,,,,,,,,,,,,,,,,,,,,,,,,,,,,,,,,,,,,,,"CPU (1t)","UMAP fuzzy"
"TabulaMuris","fastEmbedR_umap_cpu_fuzzy_full","UMAP","cpu","full_pipeline",4,4,100102,50,30,,"float32",,3,3,"success",13.72,13.661,13.7865,0.125499999999999,0.125574678976297,13.602,13.853,0.001,0.001,0.0015,5e-04,0.000577350269189626,0.001,0.002,6.918,6.914,6.9625,0.0485000000000007,0.0538423625038869,6.91,7.007,,,,,,,,,,,,,,,6.651,6.563,6.734,0.171,0.171024364735945,6.475,6.817,0.511383056640625,0.481040954589844,0.521141052246094,0.04010009765625,0.041824071754092,0.450698852539062,0.530899047851562,,,,,,,,,,,,,,,0.962020148372956,0.961788939470579,0.964783771707975,0.00299483223739649,0.00333267576426205,0.961557730568201,0.967547395042994,0.619033333333333,0.612066666666667,0.619183333333333,0.00711666666666644,0.00813239976427148,0.6051,0.619333333333333,0.610766666666667,0.609208333333334,0.612658333333334,0.00344999999999995,0.00345536351735053,0.60765,0.61455,0.58041,0.57859,0.58126,0.00267000000000006,0.00272810068240403,0.57677,0.58211,-0.0709537225691799,-0.0898796007612974,-0.0616643206436134,0.0282152801176841,0.0287585800019979,-0.108805478953415,-0.0523749187180468,0.802,0.794,0.82075,0.02675,0.0274605778040691,0.786,0.8395,,,,,,,,,,,,,,,,,,,,,,,,,,,,,,,,,,,,,,,,,,,,,,,,,,,,,,,,,,,,,,,,,,,,,,,,,,,,,,,,,,,,,"CPU (4t)","UMAP fuzzy"
"TabulaMuris","fastEmbedR_umap_metal_binary_full","UMAP","metal","full_pipeline",4,,100102,50,30,,"float32",,3,3,"success",5.184,5.165,5.1875,0.0225,0.024214320831552,5.146,5.191,0.001,0.000999999999999945,0.00149999999999994,5e-04,0.000577350269189594,0.00099999999999989,0.00199999999999989,1.725,1.722,1.743,0.0209999999999999,0.022715633383201,1.719,1.761,,,,,,,,,,,,,,,3.306,3.303,3.3255,0.0225,0.0244335834457414,3.3,3.345,0.626815795898438,0.624076843261719,0.656639099121094,0.032562255859375,0.0361223087422725,0.621337890625,0.68646240234375,,,,,,,,,,,,,,,0.986157106727365,0.985003473276008,0.987324582701062,0.00232110942505492,0.0023211231839106,0.98384983982465,0.98849205867476,0.636566666666667,0.63135,0.6373,0.00595000000000001,0.00648865106109078,0.626133333333333,0.638033333333333,0.648533333333333,0.646833333333333,0.648891666666666,0.0020583333333335,0.00219926334468152,0.645133333333333,0.64925,0.63946,0.63658,0.63954,0.00295999999999996,0.00337267450746928,0.6337,0.63962,-0.0152176930584463,-0.0275183525418885,-0.000745678954497651,0.0267726735873908,0.0268020082203985,-0.0398190120253307,0.013726335149451,0.8315,0.82475,0.8325,0.00775000000000003,0.00843109324662786,0.818,0.8335,,,,,,,,,,,,,,,,,,,,,,,,,,,,,,,,,,,,,,,,,,,,,,,,,,,,,,,,,,,,,,,,,,,,,,,,,,,,,,,,,,,,,"Metal","UMAP binary"
"TabulaMuris","fastEmbedR_umap_metal_fuzzy_full","UMAP","metal","full_pipeline",4,,100102,50,30,,"float32",,3,3,"success",3.746,3.6915,3.7575,0.0660000000000003,0.070514773865718,3.637,3.769,0.002,0.0015,0.002,5e-04,0.000577350269189626,0.001,0.002,1.749,1.745,1.7545,0.00950000000000006,0.00953939201416941,1.741,1.76,,,,,,,,,,,,,,,1.865,1.8145,1.875,0.0605,0.0648613906727261,1.764,1.885,0.700439453125,0.690414428710938,0.700553894042969,0.0101394653320312,0.0116425360480644,0.680389404296875,0.700668334960938,,,,,,,,,,,,,,,0.969149148541561,0.966812594840668,0.970579017029168,0.00376642218850098,0.00380262568856876,0.964476041139774,0.972008885516776,0.616666666666667,0.6159,0.617833333333333,0.00193333333333345,0.0019470775822015,0.615133333333333,0.619,0.604866666666667,0.604275,0.614241666666667,0.00996666666666701,0.0111825798719525,0.603683333333333,0.623616666666667,0.57564,0.571345,0.58421,0.012865,0.0130996221319548,0.56705,0.59278,-0.0766699471085497,-0.0860603128542564,-0.0712102723096562,0.0148500405446003,0.0150224436965515,-0.0954506785999632,-0.0657505975107626,0.8215,0.81475,0.8335,0.0187499999999999,0.0189934199132226,0.808,0.8455,,,,,,,,,,,,,,,,,,,,,,,,,,,,,,,,,,,,,,,,,,,,,,,,,,,,,,,,,,,,,,,,,,,,,,,,,,,,,,,,,,,,,"Metal","UMAP fuzzy"
"TabulaMuris","fastEmbedR_opentsne_cpu_full","t-SNE","cpu","full_pipeline",1,1,100102,50,,30,"float32",,3,3,"success",72.648,72.6145,72.8035,0.189000000000007,0.201698620058081,72.581,72.959,0.00199999999999989,0.00149999999999994,0.00199999999999994,5e-04,0.000577350269189594,0.001,0.002,10.799,10.7965,10.8625,0.0660000000000007,0.0748086447767459,10.794,10.926,,,,,,,,,,,,,,,61.105,61.079,61.197,0.118000000000009,0.124000000000002,61.053,61.289,0.488174438476562,0.463157653808594,0.498481750488281,0.0353240966796875,0.036330629889634,0.438140869140625,0.5087890625,,,,,,,,,,,,,,,0.97893599730231,0.978807165739336,0.979233518799528,0.000426353060192008,0.000437335527072949,0.978678334176362,0.979531040296746,0.6297,0.627366666666667,0.630166666666667,0.00280000000000002,0.00300024690342013,0.625033333333333,0.630633333333333,0.618383333333333,0.616441666666667,0.624225,0.00778333333333348,0.00810248590111587,0.6145,0.630066666666667,0.59032,0.587515,0.59327,0.00575499999999995,0.00575560885861205,0.58471,0.59622,-0.0112436978078776,-0.0167211181083029,-0.00854714432032565,0.00817397378797725,0.00833016131677648,-0.0221985384087282,-0.0058505908327737,0.838,0.8355,0.8445,0.00900000000000012,0.00929157324317758,0.833,0.851,1.70907911908383,1.70225593952195,1.71299853000056,0.01074259047861,0.0108726203974007,1.69543275996007,1.71691794091729,,,,,,,,,,,,,,,,,,,,,,,,,,,,,,,,,,,,,,,,,,,,,,,,,,,,,,,,,,,,,,,,,,,,,,,,,,,,,,"CPU (1t)","openTSNE"
"TabulaMuris","fastEmbedR_opentsne_cpu_full","t-SNE","cpu","full_pipeline",4,4,100102,50,,30,"float32",,3,3,"success",26.534,26.3125,26.751,0.438499999999998,0.438507696625726,26.091,26.968,0.002,0.0015,0.002,5e-04,0.000577350269189626,0.001,0.002,7.031,6.922,7.242,0.32,0.325373631383983,6.813,7.453,,,,,,,,,,,,,,,18.74,18.635,18.7565,0.121500000000001,0.131806676613894,18.53,18.773,0.480697631835938,0.478729248046875,0.524505615234375,0.0457763671875,0.0517589910840854,0.476760864257812,0.568313598632812,,,,,,,,,,,,,,,0.97893599730231,0.978807165739336,0.979233518799528,0.000426353060192008,0.000437335527072949,0.978678334176362,0.979531040296746,0.6297,0.627366666666667,0.630166666666667,0.00280000000000002,0.00300024690342013,0.625033333333333,0.630633333333333,0.618383333333333,0.616441666666667,0.624225,0.00778333333333348,0.00810248590111587,0.6145,0.630066666666667,0.59032,0.587515,0.59327,0.00575499999999995,0.00575560885861205,0.58471,0.59622,-0.0112436978078776,-0.0167211181083029,-0.00854714432032565,0.00817397378797725,0.00833016131677648,-0.0221985384087282,-0.0058505908327737,0.838,0.8355,0.8445,0.00900000000000012,0.00929157324317758,0.833,0.851,1.70907911908383,1.70225593952195,1.71299853000056,0.01074259047861,0.0108726203974007,1.69543275996007,1.71691794091729,,,,,,,,,,,,,,,,,,,,,,,,,,,,,,,,,,,,,,,,,,,,,,,,,,,,,,,,,,,,,,,,,,,,,,,,,,,,,,"CPU (4t)","openTSNE"
"TabulaMuris","fastEmbedR_opentsne_metal_full","t-SNE","metal","full_pipeline",4,,100102,50,,30,"float32",,3,3,"success",4.729,4.713,4.74,0.0270000000000001,0.0271538824725552,4.697,4.751,0.002,0.0015,0.002,5e-04,0.000577350269189626,0.001,0.002,1.756,1.7535,1.7595,0.00600000000000023,0.00602771377334171,1.751,1.763,,,,,,,,,,,,,,,2.774,2.7665,2.788,0.0215000000000005,0.0218250620464945,2.759,2.802,0.370025634765625,0.361030578613281,0.372306823730469,0.0112762451171875,0.0119238853349076,0.352035522460938,0.374588012695312,,,,,,,,,,,,,,,0.979528882144664,0.979134142640365,0.98081856348002,0.00168442083965592,0.00176188739482953,0.978739403136065,0.982108244815377,0.633066666666667,0.629266666666667,0.633516666666667,0.00424999999999998,0.00466940395910802,0.625466666666667,0.633966666666667,0.623933333333333,0.619883333333333,0.6286,0.00871666666666704,0.0087239347221906,0.615833333333333,0.633266666666667,0.59758,0.593115,0.59762,0.00450499999999998,0.00517898638731556,0.58865,0.59766,-0.0048072919965393,-0.00538215009494906,0.00110074161347187,0.00648289170842093,0.00717696351174793,-0.00595700819335882,0.00700877522348305,0.845,0.83925,0.84975,0.0105,0.0105158610362316,0.8335,0.8545,1.70590366212689,1.70415757370766,1.70747100761433,0.00331343390666028,0.00331504056270198,1.70241148528844,1.70903835310176,,,,,,,,,,,,,,,,,,,,,,,,,,,,,,,,,,,,,,,,,,,,,,,,,,,,,,,,,,,,,,,,,,,,,,,,,,,,,,"Metal","openTSNE"
"USPS","fastEmbedR_umap_cpu_binary_full","UMAP","cpu","full_pipeline",1,1,11000,256,30,,"float32",,3,3,"success",16.175,16.123,16.2155,0.0924999999999976,0.0927379821504286,16.071,16.256,0.001,0.001,0.0015,5e-04,0.000577350269189626,0.001,0.002,2.146,2.12,2.1765,0.0564999999999998,0.0565597029695171,2.094,2.207,,,,,,,,,,,,,,,13.858,13.827,13.9545,0.1275,0.132989974559488,13.796,14.051,0.197418212890625,0.194129943847656,0.197891235351562,0.00376129150390625,0.0040974607848321,0.190841674804688,0.1983642578125,,,,,,,,,,,,,,,0.942558174409128,0.941257332246672,0.945246726433035,0.00398939418636257,0.00406905134653095,0.939956490084216,0.947935278456941,0.42608,0.423626666666666,0.430826666666666,0.00719999999999998,0.00732073260855259,0.421173333333333,0.435573333333333,0.462,0.45996,0.472893333333333,0.0129333333333335,0.0139067710659767,0.45792,0.483786666666667,0.48008,0.479056,0.49232,0.0132639999999999,0.0147603042425735,0.478032,0.50456,0.21889123594201,0.211342735401186,0.231671745128921,0.020329009727735,0.0205522085107154,0.203794234860363,0.244452254315833,0.7152,0.7088,0.7252,0.0164,0.0165311826558174,0.7024,0.7352,,,,,,,,,,,,,,,,,,,,,,,,,,,,,,,,,,,,,,,,,,,,,,,,,,,,,,,,,,,,,,,,,,,,,,,,,,,,,,,,,,,,,"CPU (1t)","UMAP binary"
"USPS","fastEmbedR_umap_cpu_binary_full","UMAP","cpu","full_pipeline",4,4,11000,256,30,,"float32",,3,3,"success",4.797,4.7415,4.8015,0.0599999999999996,0.0668356192460278,4.686,4.806,0.001,0.001,0.001,0,0,0.001,0.001,1.25,1.227,1.2895,0.0625,0.063221831672295,1.204,1.329,,,,,,,,,,,,,,,3.366,3.35,3.4265,0.0764999999999998,0.0806990293208867,3.334,3.487,0.217483520507812,0.207862854003906,0.217720031738281,0.009857177734375,0.0112480254394147,0.1982421875,0.21795654296875,,,,,,,,,,,,,,,0.942255908720456,0.94115492529204,0.945181265960336,0.00402634066829655,0.00416183442468552,0.940053941863624,0.948106623200217,0.425546666666667,0.423733333333334,0.433226666666667,0.00949333333333346,0.0100794826439839,0.42192,0.440906666666667,0.460453333333333,0.459213333333333,0.472693333333333,0.0134799999999999,0.0149011319480546,0.457973333333333,0.484933333333333,0.479344,0.47848,0.492312,0.013832,0.0154970909958396,0.477616,0.50528,0.218334330659639,0.210005400312426,0.229340090659497,0.0193346903470705,0.0193963585022256,0.201676469965213,0.240345850659354,0.716,0.708,0.7192,0.0112000000000001,0.0115377640814848,0.7,0.7224,,,,,,,,,,,,,,,,,,,,,,,,,,,,,,,,,,,,,,,,,,,,,,,,,,,,,,,,,,,,,,,,,,,,,,,,,,,,,,,,,,,,,"CPU (4t)","UMAP binary"
"USPS","fastEmbedR_umap_cpu_fuzzy_full","UMAP","cpu","full_pipeline",1,1,11000,256,30,,"float32",,3,3,"success",4.778,4.762,7.142,2.38,2.7389964098796,4.746,9.506,0.001,0.001,0.002,0.001,0.00115470053837925,0.001,0.003,2.132,2.112,3.53,1.418,1.6259413683566,2.092,4.928,,,,,,,,,,,,,,,2.546,2.545,3.488,0.943,1.08830571685227,2.544,4.43,0.180389404296875,0.179840087890625,0.201118469238281,0.0212783813476562,0.0242592304719324,0.179290771484375,0.221847534179688,,,,,,,,,,,,,,,0.890398217875577,0.890226003803314,0.896362205922304,0.00613620211898946,0.00698817036394474,0.890053789731051,0.90232619396903,0.357813333333333,0.357466666666666,0.36752,0.0100533333333335,0.0114137071589873,0.35712,0.377226666666667,0.379146666666667,0.375826666666667,0.390013333333334,0.0141866666666666,0.0148406728408912,0.372506666666667,0.40088,0.388928,0.383592,0.399232,0.01564,0.0159008367075447,0.378256,0.409536,0.117197463190608,0.116274805574587,0.137017030404072,0.0207422248294845,0.0234365303530237,0.115352147958567,0.156836597617536,0.7192,0.718,0.7336,0.0156000000000001,0.0173620275313686,0.7168,0.748,,,,,,,,,,,,,,,,,,,,,,,,,,,,,,,,,,,,,,,,,,,,,,,,,,,,,,,,,,,,,,,,,,,,,,,,,,,,,,,,,,,,,"CPU (1t)","UMAP fuzzy"
"USPS","fastEmbedR_umap_cpu_fuzzy_full","UMAP","cpu","full_pipeline",4,4,11000,256,30,,"float32",,3,3,"success",2.386,2.367,2.5585,0.1915,0.211012637852175,2.348,2.731,0.001,0.001,0.001,0,0,0.001,0.001,1.246,1.234,1.431,0.197,0.220874021408887,1.222,1.616,,,,,,,,,,,,,,,1.001,1,1.03,0.0299999999999998,0.0340783411176855,0.999,1.059,0.202407836914062,0.2000732421875,0.204338073730469,0.00426483154296875,0.00427121643833111,0.197738647460938,0.206268310546875,,,,,,,,,,,,,,,0.892893235533822,0.890998467807661,0.894703743547949,0.00370527574028801,0.00370559507743685,0.8891037000815,0.896514251562076,0.339093333333333,0.338053333333333,0.34528,0.00722666666666705,0.00781371254294074,0.337013333333333,0.351466666666667,0.370266666666667,0.366666666666667,0.376186666666667,0.00951999999999997,0.00961376790511053,0.363066666666667,0.382106666666667,0.381168,0.377464,0.389856,0.012392,0.0127217038691102,0.37376,0.398544,0.11229132271084,0.111001214399266,0.135795854304871,0.0247946399056045,0.0279153667712363,0.109711106087692,0.159300385898901,0.7016,0.7,0.712,0.012,0.0130312445043953,0.6984,0.7224,,,,,,,,,,,,,,,,,,,,,,,,,,,,,,,,,,,,,,,,,,,,,,,,,,,,,,,,,,,,,,,,,,,,,,,,,,,,,,,,,,,,,"CPU (4t)","UMAP fuzzy"
"USPS","fastEmbedR_umap_metal_binary_full","UMAP","metal","full_pipeline",4,,11000,256,30,,"float32",,3,3,"success",0.879,0.8755,1.032,0.1565,0.178724182284696,0.872,1.185,0.001,0.001,0.00100000000000006,5.50774703622636e-17,6.3472791796645e-17,0.001,0.00100000000000011,0.388,0.3865,0.4725,0.086,0.0984496487212287,0.385,0.557,,,,,,,,,,,,,,,0.389,0.3855,0.431,0.0455,0.0506392469664916,0.382,0.473,0.213607788085938,0.213218688964844,0.229576110839844,0.016357421875,0.0186673329660075,0.21282958984375,0.24554443359375,,,,,,,,,,,,,,,0.943724509644118,0.94201699538169,0.946224504210812,0.00420750882912246,0.00423231286942412,0.940309481119261,0.948724498777506,0.426986666666667,0.424213333333333,0.431546666666667,0.00733333333333347,0.0074055274651465,0.42144,0.436106666666667,0.46216,0.461893333333333,0.4728,0.0109066666666665,0.0124428316415218,0.461626666666667,0.48344,0.48192,0.481648,0.493736,0.012088,0.0138036609636719,0.481376,0.505552,0.225327424537575,0.216860516178898,0.233699947897993,0.016839431719095,0.0168395198901679,0.20839360782022,0.24207247125841,0.7184,0.7164,0.7192,0.00280000000000002,0.00288444102037117,0.7144,0.72,,,,,,,,,,,,,,,,,,,,,,,,,,,,,,,,,,,,,,,,,,,,,,,,,,,,,,,,,,,,,,,,,,,,,,,,,,,,,,,,,,,,,"Metal","UMAP binary"
"USPS","fastEmbedR_umap_metal_fuzzy_full","UMAP","metal","full_pipeline",4,,11000,256,30,,"float32",,3,3,"success",0.744,0.721,0.769,0.048,0.0480138868800823,0.698,0.794,0.001,0.001,0.001,0,0,0.001,0.001,0.42,0.402,0.4295,0.0275,0.0279344470740577,0.384,0.439,,,,,,,,,,,,,,,0.218,0.2125,0.2295,0.017,0.0173493515728975,0.207,0.241,0.219589233398438,0.215721130371094,0.2296142578125,0.0138931274414062,0.0143406723607101,0.21185302734375,0.239639282226562,,,,,,,,,,,,,,,0.893627470795979,0.89223837000815,0.899243662048356,0.00700529204020606,0.00741823526860653,0.890849269220321,0.904859853300733,0.35888,0.35768,0.368373333333333,0.0106933333333335,0.0117163918096418,0.35648,0.377866666666667,0.37848,0.377026666666667,0.389946666666666,0.01292,0.0141544580073375,0.375573333333333,0.401413333333333,0.389072,0.38572,0.400512,0.014792,0.015511560592023,0.382368,0.411952,0.120565180005272,0.119189812721937,0.139503133505756,0.0203133207838195,0.0227034317408468,0.117814445438602,0.158441087006241,0.716,0.7084,0.7288,0.0204000000000001,0.0206197316503716,0.7008,0.7416,,,,,,,,,,,,,,,,,,,,,,,,,,,,,,,,,,,,,,,,,,,,,,,,,,,,,,,,,,,,,,,,,,,,,,,,,,,,,,,,,,,,,"Metal","UMAP fuzzy"
"USPS","fastEmbedR_opentsne_cpu_full","t-SNE","cpu","full_pipeline",1,1,11000,256,,30,"float32",,3,3,"success",14.214,14.082,14.311,0.228999999999999,0.22988982868612,13.95,14.408,0.001,0.001,0.001,0,0,0.001,0.001,2.165,2.1325,2.184,0.0514999999999999,0.0520864665724216,2.1,2.203,,,,,,,,,,,,,,,11.397,11.301,11.4775,0.176499999999999,0.176726719353168,11.205,11.558,0.294097900390625,0.2935791015625,0.298149108886719,0.00457000732421875,0.00500442533805825,0.293060302734375,0.302200317382812,,,,,,,,,,,,,,,0.949564357511546,0.949301863624015,0.952457984243412,0.00315612061939652,0.0035026728906689,0.949039369736485,0.955351610975278,0.454346666666667,0.451146666666667,0.460186666666667,0.00903999999999994,0.00916759510449713,0.447946666666667,0.466026666666667,0.455013333333333,0.45392,0.469826666666667,0.0159066666666665,0.0177698671288723,0.452826666666667,0.48464,0.46144,0.459696,0.475472,0.015776,0.0172977982413948,0.457952,0.489504,0.175729814053104,0.174574267299651,0.184145944395394,0.009571677095743,0.0104493553441668,0.173418720546198,0.192562074737684,0.7344,0.7332,0.7416,0.00839999999999996,0.00908625335328044,0.732,0.7488,2.06658049583987,2.06628572149867,2.06681886745772,0.000533145959044745,0.000534139528631428,2.06599094715747,2.06705723907556,,,,,,,,,,,,,,,,,,,,,,,,,,,,,,,,,,,,,,,,,,,,,,,,,,,,,,,,,,,,,,,,,,,,,,,,,,,,,,"CPU (1t)","openTSNE"
"USPS","fastEmbedR_opentsne_cpu_full","t-SNE","cpu","full_pipeline",4,4,11000,256,,30,"float32",,3,3,"success",5.983,5.936,6.3625,0.4265,0.467711805851994,5.889,6.742,0.001,0.001,0.001,0,0,0.001,0.001,1.371,1.3145,1.547,0.2325,0.242520789486867,1.258,1.723,,,,,,,,,,,,,,,4.071,3.975,4.089,0.114000000000001,0.122572427568357,3.879,4.107,0.3233642578125,0.308357238769531,0.336013793945312,0.0276565551757812,0.0276900274361534,0.293350219726562,0.348663330078125,,,,,,,,,,,,,,,0.949564357511546,0.949301863624015,0.952457984243412,0.00315612061939652,0.0035026728906689,0.949039369736485,0.955351610975278,0.454346666666667,0.451146666666667,0.460186666666667,0.00903999999999994,0.00916759510449713,0.447946666666667,0.466026666666667,0.455013333333333,0.45392,0.469826666666667,0.0159066666666665,0.0177698671288723,0.452826666666667,0.48464,0.46144,0.459696,0.475472,0.015776,0.0172977982413948,0.457952,0.489504,0.175729814053104,0.174574267299651,0.184145944395394,0.009571677095743,0.0104493553441668,0.173418720546198,0.192562074737684,0.7344,0.7332,0.7416,0.00839999999999996,0.00908625335328044,0.732,0.7488,2.06658049583987,2.06628572149867,2.06681886745772,0.000533145959044745,0.000534139528631428,2.06599094715747,2.06705723907556,,,,,,,,,,,,,,,,,,,,,,,,,,,,,,,,,,,,,,,,,,,,,,,,,,,,,,,,,,,,,,,,,,,,,,,,,,,,,,"CPU (4t)","openTSNE"
"USPS","fastEmbedR_opentsne_metal_full","t-SNE","metal","full_pipeline",4,,11000,256,,30,"float32",,3,3,"success",2.274,2.2705,2.3,0.0294999999999996,0.0322335229225725,2.267,2.326,0.001,0.001,0.002,0.001,0.00115470053837925,0.001,0.003,0.396,0.394,0.404,0.01,0.0105830052442583,0.392,0.412,,,,,,,,,,,,,,,1.73,1.7275,1.735,0.00749999999999984,0.00763762615825969,1.725,1.74,0.2623291015625,0.259895324707031,0.265022277832031,0.005126953125,0.00512914005442945,0.257461547851562,0.267715454101562,,,,,,,,,,,,,,,0.956151697908177,0.953097984243412,0.956291160010867,0.00319317576745459,0.00360933865653321,0.950044270578647,0.956430622113556,0.45792,0.45176,0.462346666666666,0.0105866666666665,0.0106338606626469,0.4456,0.466773333333333,0.4608,0.458906666666666,0.474333333333333,0.015426666666667,0.0168269202305251,0.457013333333333,0.487866666666667,0.470816,0.469224,0.486072,0.016848,0.0186034961588765,0.467632,0.501328,0.199125650111642,0.19659057193445,0.207787999265882,0.011197427331432,0.0117429494613334,0.194055493757259,0.216450348420123,0.7304,0.728,0.7376,0.00960000000000005,0.00999199679743743,0.7256,0.7448,2.01785704705339,2.0161748538324,2.01942449509725,0.0032496412648495,0.00325031647209514,2.01449266061142,2.02099194314112,,,,,,,,,,,,,,,,,,,,,,,,,,,,,,,,,,,,,,,,,,,,,,,,,,,,,,,,,,,,,,,,,,,,,,,,,,,,,,"Metal","openTSNE"
"COIL20","fastEmbedR_umap_metal_binary_full","UMAP","metal","full_pipeline",4,,1440,16384,30,,"float32",,3,3,"success",2.441,2.4315,2.4645,0.0330000000000004,0.0339754813554323,2.422,2.488,0.005,0.005,0.0055,5e-04,0.000577350269189626,0.005,0.006,2.06,2.0555,2.087,0.0314999999999994,0.0340734500748015,2.051,2.114,,,,,,,,,,,,,,,0.256,0.256,0.257,0.001,0.00115470053837925,0.256,0.258,0.404006958007812,0.40350341796875,0.407005310058594,0.00350189208984375,0.00378654775050427,0.402999877929688,0.410003662109375,,,,,,,,,,,,,,,0.888580425422531,0.885709465972624,0.89136302294197,0.00565355696934644,0.00565378713924555,0.882838506522717,0.89414562046141,0.517521367521368,0.516025641025641,0.533547008547009,0.017521367521368,0.0194260424491038,0.514529914529914,0.54957264957265,0.537393162393162,0.513675213675214,0.54775641025641,0.0340811965811966,0.0349424856783115,0.489957264957265,0.558119658119658,0.61474358974359,0.594935897435897,0.615641025641026,0.0207051282051286,0.0234072980035008,0.575128205128205,0.616538461538462,0.437372426315075,0.417683461387771,0.438526436091011,0.0208429747032405,0.0234295635604747,0.397994496460467,0.439680445866948,0.615384615384615,0.557692307692307,0.641025641025641,0.0833333333333335,0.0853631810061461,0.5,0.666666666666667,,,,,,,,,,,,,,,,,,,,,,,,,,,,,,,,,,,,,,,,,,,,,,,,,,,,,,,,,,,,,,,,,,,,,,,,,,,,,,,,,,,,,"Metal","UMAP binary"
"COIL20","fastEmbedR_umap_metal_fuzzy_full","UMAP","metal","full_pipeline",4,,1440,16384,30,,"float32",,3,3,"success",2.461,2.449,2.4955,0.0465,0.0482804308182932,2.437,2.53,0.005,0.0045,0.005,5e-04,0.000577350269189626,0.004,0.005,2.119,2.107,2.1565,0.0495000000000001,0.0516430053347013,2.095,2.194,,,,,,,,,,,,,,,0.226,0.226,0.227,0.001,0.00115470053837925,0.226,0.228,0.373016357421875,0.370475769042969,0.389915466308594,0.019439697265625,0.0211334852821355,0.367935180664062,0.406814575195312,,,,,,,,,,,,,,,0.854077501445923,0.84640768588137,0.862415654520918,0.0160079686395476,0.016012618512932,0.838737870316818,0.870753807595913,0.494444444444444,0.490811965811966,0.512820512820513,0.022008547008547,0.0235973293885103,0.487179487179487,0.531196581196581,0.471153846153846,0.454594017094017,0.479273504273504,0.024679487179487,0.0251559651496201,0.438034188034188,0.487393162393162,0.509871794871795,0.499358974358974,0.528910256410257,0.0295512820512821,0.0299584232313238,0.488846153846154,0.547948717948718,0.533662770311314,0.53178877316484,0.540639419920578,0.00885064675573699,0.00932807422319901,0.529914776018367,0.547616069529841,0.621794871794872,0.58974358974359,0.631410256410256,0.0416666666666664,0.043633713368936,0.557692307692308,0.641025641025641,,,,,,,,,,,,,,,,,,,,,,,,,,,,,,,,,,,,,,,,,,,,,,,,,,,,,,,,,,,,,,,,,,,,,,,,,,,,,,,,,,,,,"Metal","UMAP fuzzy"
"COIL20","fastEmbedR_opentsne_metal_full","t-SNE","metal","full_pipeline",4,,1440,16384,,30,"float32",,3,3,"success",3.004,2.896,3.0445,0.1485,0.153528498983088,2.788,3.085,0.005,0.0045,0.005,5e-04,0.000577350269189626,0.004,0.005,2.052,1.9995,2.102,0.1025,0.102510162097879,1.947,2.152,,,,,,,,,,,,,,,0.722,0.6855,0.726,0.0405,0.0446355613085949,0.649,0.73,0.528839111328125,0.474578857421875,0.576034545898438,0.101455688476562,0.10153764793581,0.420318603515625,0.62322998046875,,,,,,,,,,,,,,,0.902204228520018,0.89878381852066,0.910457232825654,0.0116734143049935,0.0120022188551,0.895363408521303,0.91871023713129,0.521794871794872,0.51965811965812,0.53931623931624,0.0196581196581195,0.0215716742976476,0.517521367521368,0.556837606837607,0.565598290598291,0.55715811965812,0.589209401709402,0.032051282051282,0.0332265529813267,0.548717948717949,0.612820512820513,0.673461538461538,0.665064102564102,0.675576923076923,0.0105128205128207,0.0111208865611013,0.656666666666667,0.677692307692308,0.45163351606484,0.449830149402594,0.467053717586632,0.017223568184038,0.0189329703125068,0.448026782740349,0.482473919108425,0.596153846153846,0.580128205128205,0.599358974358974,0.0192307692307694,0.0206060913696433,0.564102564102564,0.602564102564103,0.724496362279948,0.721891988233545,0.72525649864466,0.00336451041111541,0.00352897546728414,0.719287614187142,0.726016635009373,,,,,,,,,,,,,,,,,,,,,,,,,,,,,,,,,,,,,,,,,,,,,,,,,,,,,,,,,,,,,,,,,,,,,,,,,,,,,,"Metal","openTSNE"
