"dataset","seed","reference","candidate","backend","procrustes_rmsd","procrustes_correlation","reference_runtime_sec","candidate_runtime_sec","reference_peak_ram_gb","candidate_peak_ram_gb"
"MetRef",4,"irlba::prcomp_irlba","fastEmbedR_pca_cpu","cpu",0.001920059271279,0.998390787050321,0.381,0.411,0.2261962890625,0.224380493164062
"MetRef",4,"irlba::prcomp_irlba","fastEmbedR_pca_cpu","cpu",0.001920059271279,0.998390787050321,0.381,0.531,0.2261962890625,0.228134155273438
"MetRef",4,"irlba::prcomp_irlba","fastEmbedR_pca_metal","metal",0.000860119672096452,0.999677074746332,0.381,0.121,0.2261962890625,0.146347045898438
"MetRef",17,"irlba::prcomp_irlba","fastEmbedR_pca_cpu","cpu",0.00234312738813348,0.997603507639761,0.363,0.397,0.228240966796875,0.229995727539062
"MetRef",17,"irlba::prcomp_irlba","fastEmbedR_pca_cpu","cpu",0.00234312738813348,0.997603507639761,0.363,0.411,0.228240966796875,0.231781005859375
"MetRef",17,"irlba::prcomp_irlba","fastEmbedR_pca_metal","metal",0.00104063597406887,0.999527304009876,0.363,0.088,0.228240966796875,0.146087646484375
"MetRef",42,"irlba::prcomp_irlba","fastEmbedR_pca_cpu","cpu",0.0016152923718268,0.998861097536611,0.364,0.406,0.225936889648438,0.228713989257812
"MetRef",42,"irlba::prcomp_irlba","fastEmbedR_pca_cpu","cpu",0.0016152923718268,0.998861097536611,0.364,0.418,0.225936889648438,0.230453491210938
"MetRef",42,"irlba::prcomp_irlba","fastEmbedR_pca_metal","metal",0.00212746492235964,0.998024354296304,0.364,0.089,0.225936889648438,0.145339965820312
"COIL20",4,"irlba::prcomp_irlba","fastEmbedR_pca_cpu","cpu",0.000118705499331978,0.999989854483189,1.177,0.994,0.529876708984375,0.774505615234375
"COIL20",4,"irlba::prcomp_irlba","fastEmbedR_pca_cpu","cpu",0.000118705499331978,0.999989854483189,1.177,0.868,0.529876708984375,0.7864990234375
"COIL20",4,"irlba::prcomp_irlba","fastEmbedR_pca_metal","metal",7.22345541804689e-05,0.999996243161811,1.177,0.202,0.529876708984375,0.283096313476562
"COIL20",17,"irlba::prcomp_irlba","fastEmbedR_pca_cpu","cpu",3.60940245463616e-05,0.9999990619994,1.043,1.007,0.68328857421875,0.777191162109375
"COIL20",17,"irlba::prcomp_irlba","fastEmbedR_pca_cpu","cpu",3.60940245463616e-05,0.9999990619994,1.043,1.05,0.68328857421875,0.734024047851562
"COIL20",17,"irlba::prcomp_irlba","fastEmbedR_pca_metal","metal",7.12707508886053e-05,0.999996342745647,1.043,0.146,0.68328857421875,0.281005859375
"COIL20",42,"irlba::prcomp_irlba","fastEmbedR_pca_cpu","cpu",9.59975127216148e-05,0.999993364823837,1.058,0.869,0.671249389648438,0.792510986328125
"COIL20",42,"irlba::prcomp_irlba","fastEmbedR_pca_cpu","cpu",9.59975127216148e-05,0.999993364823837,1.058,0.894,0.671249389648438,0.771377563476562
"COIL20",42,"irlba::prcomp_irlba","fastEmbedR_pca_metal","metal",9.47473271568843e-05,0.999993536519677,1.058,0.141,0.671249389648438,0.287796020507812
"USPS",4,"irlba::prcomp_irlba","fastEmbedR_pca_cpu","cpu",0.00030437764538699,0.999490448369431,0.574,0.541,0.245071411132812,0.293655395507812
"USPS",4,"irlba::prcomp_irlba","fastEmbedR_pca_cpu","cpu",0.00030437764538699,0.999490448369431,0.574,0.527,0.245071411132812,0.294296264648438
"USPS",4,"irlba::prcomp_irlba","fastEmbedR_pca_metal","metal",0.000172662467303718,0.999836032198118,0.574,0.15,0.245071411132812,0.15960693359375
"USPS",17,"irlba::prcomp_irlba","fastEmbedR_pca_cpu","cpu",0.000798484179672369,0.99649332658148,0.774,0.502,0.244659423828125,0.291656494140625
"USPS",17,"irlba::prcomp_irlba","fastEmbedR_pca_cpu","cpu",0.000798484179672369,0.99649332658148,0.774,0.512,0.244659423828125,0.289932250976562
"USPS",17,"irlba::prcomp_irlba","fastEmbedR_pca_metal","metal",0.000325240413658946,0.999418202703282,0.774,0.095,0.244659423828125,0.157928466796875
"USPS",42,"irlba::prcomp_irlba","fastEmbedR_pca_cpu","cpu",0.000384846564368013,0.999185412170413,0.562,0.505,0.25372314453125,0.291793823242188
"USPS",42,"irlba::prcomp_irlba","fastEmbedR_pca_cpu","cpu",0.000384846564368013,0.999185412170413,0.562,0.502,0.25372314453125,0.294692993164062
"USPS",42,"irlba::prcomp_irlba","fastEmbedR_pca_metal","metal",0.00098819342926267,0.994629105604993,0.562,0.086,0.25372314453125,0.158203125
"Macosko2015_retina",4,"irlba::prcomp_irlba","fastEmbedR_pca_cpu","cpu",1.40928395566515e-05,0.999995550383511,0.461,0.533,0.2335205078125,0.2833251953125
"Macosko2015_retina",4,"irlba::prcomp_irlba","fastEmbedR_pca_cpu","cpu",1.40928395566515e-05,0.999995550383511,0.461,0.497,0.2335205078125,0.280685424804688
"Macosko2015_retina",4,"irlba::prcomp_irlba","fastEmbedR_pca_metal","metal",1.21140491678251e-09,0.999999999999977,0.461,0.367,0.2335205078125,0.173919677734375
"Macosko2015_retina",17,"irlba::prcomp_irlba","fastEmbedR_pca_cpu","cpu",4.46277586263682e-05,0.999955379368226,0.464,0.502,0.243301391601562,0.2939453125
"Macosko2015_retina",17,"irlba::prcomp_irlba","fastEmbedR_pca_cpu","cpu",4.46277586263682e-05,0.999955379368226,0.464,0.495,0.243301391601562,0.286895751953125
"Macosko2015_retina",17,"irlba::prcomp_irlba","fastEmbedR_pca_metal","metal",8.97518908835927e-10,1,0.464,0.105,0.243301391601562,0.169723510742188
"Macosko2015_retina",42,"irlba::prcomp_irlba","fastEmbedR_pca_cpu","cpu",1.22302226773619e-05,0.999996648846719,0.438,0.512,0.263473510742188,0.289642333984375
"Macosko2015_retina",42,"irlba::prcomp_irlba","fastEmbedR_pca_cpu","cpu",1.22302226773619e-05,0.999996648846719,0.438,0.539,0.263473510742188,0.2781982421875
"Macosko2015_retina",42,"irlba::prcomp_irlba","fastEmbedR_pca_metal","metal",5.70974395665526e-10,0.999999999999991,0.438,0.108,0.263473510742188,0.170166015625
"FashionMNIST",4,"irlba::prcomp_irlba","fastEmbedR_pca_cpu","cpu",1.27109355498296e-06,0.999999943451227,2.107,1.832,0.815505981445312,1.26759338378906
"FashionMNIST",4,"irlba::prcomp_irlba","fastEmbedR_pca_cpu","cpu",1.27109355498296e-06,0.999999943451227,2.107,2.226,0.815505981445312,0.989501953125
"FashionMNIST",4,"irlba::prcomp_irlba","fastEmbedR_pca_metal","metal",9.27490881431758e-07,0.99999996989163,2.107,0.276,0.815505981445312,0.522918701171875
"FashionMNIST",17,"irlba::prcomp_irlba","fastEmbedR_pca_cpu","cpu",1.95339328638442e-06,0.999999866448922,2.087,1.759,0.9635009765625,1.16783142089844
"FashionMNIST",17,"irlba::prcomp_irlba","fastEmbedR_pca_cpu","cpu",1.95339328638442e-06,0.999999866448922,2.087,2.254,0.9635009765625,1.11344909667969
"FashionMNIST",17,"irlba::prcomp_irlba","fastEmbedR_pca_metal","metal",2.95853857320462e-06,0.99999969364672,2.087,0.19,0.9635009765625,0.523834228515625
"FashionMNIST",42,"irlba::prcomp_irlba","fastEmbedR_pca_cpu","cpu",1.32578568473153e-06,0.999999938480236,2.148,1.627,0.900772094726562,1.22505187988281
"FashionMNIST",42,"irlba::prcomp_irlba","fastEmbedR_pca_cpu","cpu",1.32578568473153e-06,0.999999938480236,2.148,1.769,0.900772094726562,1.17817687988281
"FashionMNIST",42,"irlba::prcomp_irlba","fastEmbedR_pca_metal","metal",3.45283419808685e-06,0.999999582727742,2.148,0.188,0.900772094726562,0.521240234375
"MNIST",4,"irlba::prcomp_irlba","fastEmbedR_pca_cpu","cpu",0.000128452887046806,0.99942249495333,2.557,1.924,1.07295227050781,1.17840576171875
"MNIST",4,"irlba::prcomp_irlba","fastEmbedR_pca_cpu","cpu",0.000128452887046806,0.99942249495333,2.557,1.636,1.07295227050781,1.23306274414062
"MNIST",4,"irlba::prcomp_irlba","fastEmbedR_pca_metal","metal",0.000130797001456602,0.999401225054342,2.557,0.417,1.07295227050781,0.49462890625
"MNIST",17,"irlba::prcomp_irlba","fastEmbedR_pca_cpu","cpu",0.000272460000183855,0.997401794190495,2.531,1.702,1.12290954589844,1.36883544921875
"MNIST",17,"irlba::prcomp_irlba","fastEmbedR_pca_cpu","cpu",0.000272460000183855,0.997401794190495,2.531,1.699,1.12290954589844,1.27590942382812
"MNIST",17,"irlba::prcomp_irlba","fastEmbedR_pca_metal","metal",0.000166137271031771,0.999033944251092,2.531,0.274,1.12290954589844,0.480789184570312
"MNIST",42,"irlba::prcomp_irlba","fastEmbedR_pca_cpu","cpu",0.000248257985187145,0.997842879047677,2.567,1.781,0.9656982421875,1.31315612792969
"MNIST",42,"irlba::prcomp_irlba","fastEmbedR_pca_cpu","cpu",0.000248257985187145,0.997842879047677,2.567,1.731,0.9656982421875,1.2779541015625
"MNIST",42,"irlba::prcomp_irlba","fastEmbedR_pca_metal","metal",0.000155946909696613,0.999148819647467,2.567,0.235,0.9656982421875,0.518203735351562
"TabulaMuris",4,"irlba::prcomp_irlba","fastEmbedR_pca_cpu","cpu",1.41697805065093e-05,0.999989950626105,0.641,0.669,0.3148193359375,0.364547729492188
"TabulaMuris",4,"irlba::prcomp_irlba","fastEmbedR_pca_cpu","cpu",1.41697805065093e-05,0.999989950626105,0.641,0.621,0.3148193359375,0.367080688476562
"TabulaMuris",4,"irlba::prcomp_irlba","fastEmbedR_pca_metal","metal",2.80011783807865e-10,0.999999999999997,0.641,0.199,0.3148193359375,0.17578125
"TabulaMuris",17,"irlba::prcomp_irlba","fastEmbedR_pca_cpu","cpu",4.63494978569803e-05,0.99989247664036,0.634,0.662,0.314498901367188,0.362945556640625
"TabulaMuris",17,"irlba::prcomp_irlba","fastEmbedR_pca_cpu","cpu",4.63494978569803e-05,0.99989247664036,0.634,0.643,0.314498901367188,0.36529541015625
"TabulaMuris",17,"irlba::prcomp_irlba","fastEmbedR_pca_metal","metal",8.46577164192488e-10,0.999999999999958,0.634,0.122,0.314498901367188,0.1939697265625
"TabulaMuris",42,"irlba::prcomp_irlba","fastEmbedR_pca_cpu","cpu",2.36611327996898e-05,0.999971978987411,0.636,0.626,0.319427490234375,0.365310668945312
"TabulaMuris",42,"irlba::prcomp_irlba","fastEmbedR_pca_cpu","cpu",2.36611327996898e-05,0.999971978987411,0.636,0.629,0.319427490234375,0.363418579101562
"TabulaMuris",42,"irlba::prcomp_irlba","fastEmbedR_pca_metal","metal",6.16915874422625e-10,0.999999999999976,0.636,0.116,0.319427490234375,0.174972534179688
