"dataset","graph_backend","threads","method","seed","n","n_edges","native_runtime_sec","native_modularity","native_communities","label_ari","label_nmi","igraph_status","igraph_runtime_sec","igraph_modularity","igraph_communities","native_vs_igraph_ari","native_vs_igraph_nmi","membership_file","plot_file","status","error","peak_ram_gb"
"MetRef","cpu",1,"louvain",4,873,20974,0.00999999999999998,0.610462242100402,13,0.36292850959179,0.612829852018802,"success",0.19,0.60957668454093,13,0.956982085716262,0.96955027839795,"/Users/stefano/Documents/umap/results/local_graph_clustering_full_20260726/cache/MetRef_cpu_t1_louvain_seed4_membership.rds","/Users/stefano/Documents/umap/results/local_graph_clustering_full_20260726/plots/MetRef_cpu_threads1_louvain_seed4.png","success",,0.140167236328125
"MetRef","cpu",1,"louvain",17,873,20974,0.011,0.610641514151872,13,0.362573655906785,0.61295222249805,"success",0.094,0.606741706513314,12,0.871933277016104,0.923628243826285,"/Users/stefano/Documents/umap/results/local_graph_clustering_full_20260726/cache/MetRef_cpu_t1_louvain_seed17_membership.rds","/Users/stefano/Documents/umap/results/local_graph_clustering_full_20260726/plots/MetRef_cpu_threads1_louvain_seed17.png","success",,0.140411376953125
"MetRef","cpu",1,"louvain",42,873,20974,0.00999999999999998,0.610224161459112,13,0.364116805507065,0.614442839783059,"success",0.098,0.610026636782502,13,0.957129169840624,0.967902392112132,"/Users/stefano/Documents/umap/results/local_graph_clustering_full_20260726/cache/MetRef_cpu_t1_louvain_seed42_membership.rds","/Users/stefano/Documents/umap/results/local_graph_clustering_full_20260726/plots/MetRef_cpu_threads1_louvain_seed42.png","success",,0.14007568359375
"MetRef","cpu",1,"leiden",4,873,20974,0.028,0.612378115382287,12,0.357378102583259,0.609242702381698,"success",0.103,0.612426912128004,12,0.983264266672223,0.988574767301604,"/Users/stefano/Documents/umap/results/local_graph_clustering_full_20260726/cache/MetRef_cpu_t1_leiden_seed4_membership.rds","/Users/stefano/Documents/umap/results/local_graph_clustering_full_20260726/plots/MetRef_cpu_threads1_leiden_seed4.png","success",,0.14105224609375
"MetRef","cpu",1,"leiden",17,873,20974,0.024,0.612418734409966,12,0.35790236064236,0.611215235459692,"success",0.101,0.612004649086861,13,0.900403479724292,0.931726076442335,"/Users/stefano/Documents/umap/results/local_graph_clustering_full_20260726/cache/MetRef_cpu_t1_leiden_seed17_membership.rds","/Users/stefano/Documents/umap/results/local_graph_clustering_full_20260726/plots/MetRef_cpu_threads1_leiden_seed17.png","success",,0.141998291015625
"MetRef","cpu",1,"leiden",42,873,20974,0.024,0.612183041833054,12,0.353193566928451,0.604805549841511,"success",0.1,0.612418734409987,12,0.962122405389036,0.973987284912408,"/Users/stefano/Documents/umap/results/local_graph_clustering_full_20260726/cache/MetRef_cpu_t1_leiden_seed42_membership.rds","/Users/stefano/Documents/umap/results/local_graph_clustering_full_20260726/plots/MetRef_cpu_threads1_leiden_seed42.png","success",,0.14227294921875
"MetRef","cpu",1,"walktrap",4,873,20974,0.404,0.574947019114626,13,0.26063333138381,0.580692480475176,"success",0.166,0.583282000638176,13,0.816487069404116,0.896931415844923,"/Users/stefano/Documents/umap/results/local_graph_clustering_full_20260726/cache/MetRef_cpu_t1_walktrap_seed4_membership.rds","/Users/stefano/Documents/umap/results/local_graph_clustering_full_20260726/plots/MetRef_cpu_threads1_walktrap_seed4.png","success",,0.158889770507812
"MetRef","cpu",4,"louvain",4,873,20974,0.011,0.610462242100402,13,0.36292850959179,0.612829852018802,"success",0.109,0.60957668454093,13,0.956982085716262,0.96955027839795,"/Users/stefano/Documents/umap/results/local_graph_clustering_full_20260726/cache/MetRef_cpu_t4_louvain_seed4_membership.rds","/Users/stefano/Documents/umap/results/local_graph_clustering_full_20260726/plots/MetRef_cpu_threads4_louvain_seed4.png","success",,0.1407470703125
"MetRef","cpu",4,"louvain",17,873,20974,0.01,0.610641514151872,13,0.362573655906785,0.61295222249805,"success",0.105,0.606741706513314,12,0.871933277016104,0.923628243826285,"/Users/stefano/Documents/umap/results/local_graph_clustering_full_20260726/cache/MetRef_cpu_t4_louvain_seed17_membership.rds","/Users/stefano/Documents/umap/results/local_graph_clustering_full_20260726/plots/MetRef_cpu_threads4_louvain_seed17.png","success",,0.14007568359375
"MetRef","cpu",4,"louvain",42,873,20974,0.01,0.610224161459112,13,0.364116805507065,0.614442839783059,"success",0.106,0.610026636782502,13,0.957129169840624,0.967902392112132,"/Users/stefano/Documents/umap/results/local_graph_clustering_full_20260726/cache/MetRef_cpu_t4_louvain_seed42_membership.rds","/Users/stefano/Documents/umap/results/local_graph_clustering_full_20260726/plots/MetRef_cpu_threads4_louvain_seed42.png","success",,0.139877319335938
"MetRef","cpu",4,"leiden",4,873,20974,0.028,0.612378115382287,12,0.357378102583259,0.609242702381698,"success",0.105,0.612426912128004,12,0.983264266672223,0.988574767301604,"/Users/stefano/Documents/umap/results/local_graph_clustering_full_20260726/cache/MetRef_cpu_t4_leiden_seed4_membership.rds","/Users/stefano/Documents/umap/results/local_graph_clustering_full_20260726/plots/MetRef_cpu_threads4_leiden_seed4.png","success",,0.141845703125
"MetRef","cpu",4,"leiden",17,873,20974,0.025,0.612418734409966,12,0.35790236064236,0.611215235459692,"success",0.105,0.612004649086861,13,0.900403479724292,0.931726076442335,"/Users/stefano/Documents/umap/results/local_graph_clustering_full_20260726/cache/MetRef_cpu_t4_leiden_seed17_membership.rds","/Users/stefano/Documents/umap/results/local_graph_clustering_full_20260726/plots/MetRef_cpu_threads4_leiden_seed17.png","success",,0.1405029296875
"MetRef","cpu",4,"leiden",42,873,20974,0.031,0.612183041833054,12,0.353193566928451,0.604805549841511,"success",0.132,0.612418734409987,12,0.962122405389036,0.973987284912408,"/Users/stefano/Documents/umap/results/local_graph_clustering_full_20260726/cache/MetRef_cpu_t4_leiden_seed42_membership.rds","/Users/stefano/Documents/umap/results/local_graph_clustering_full_20260726/plots/MetRef_cpu_threads4_leiden_seed42.png","success",,0.1419677734375
"MetRef","cpu",4,"walktrap",4,873,20974,0.418,0.574947019114626,13,0.26063333138381,0.580692480475176,"success",0.17,0.583282000638176,13,0.816487069404116,0.896931415844923,"/Users/stefano/Documents/umap/results/local_graph_clustering_full_20260726/cache/MetRef_cpu_t4_walktrap_seed4_membership.rds","/Users/stefano/Documents/umap/results/local_graph_clustering_full_20260726/plots/MetRef_cpu_threads4_walktrap_seed4.png","success",,0.143478393554688
"MetRef","metal",4,"louvain",4,873,20972,0.00999999999999998,0.610509759399919,13,0.363405631889201,0.613957879288955,"success",0.097,0.60981896441452,13,0.962137899620071,0.971597633647596,"/Users/stefano/Documents/umap/results/local_graph_clustering_full_20260726/cache/MetRef_metal_t4_louvain_seed4_membership.rds","/Users/stefano/Documents/umap/results/local_graph_clustering_full_20260726/plots/MetRef_metal_threads4_louvain_seed4.png","success",,0.139938354492188
"MetRef","metal",4,"louvain",17,873,20972,0.011,0.610652760161314,13,0.362573655906785,0.61295222249805,"success",0.096,0.60675768853851,12,0.871933277016104,0.923628243826285,"/Users/stefano/Documents/umap/results/local_graph_clustering_full_20260726/cache/MetRef_metal_t4_louvain_seed17_membership.rds","/Users/stefano/Documents/umap/results/local_graph_clustering_full_20260726/plots/MetRef_metal_threads4_louvain_seed17.png","success",,0.139266967773438
"MetRef","metal",4,"louvain",42,873,20972,0.00899999999999998,0.610230122682066,13,0.364116805507065,0.614442839783059,"success",0.096,0.610043340194698,13,0.957129169840624,0.967902392112132,"/Users/stefano/Documents/umap/results/local_graph_clustering_full_20260726/cache/MetRef_metal_t4_louvain_seed42_membership.rds","/Users/stefano/Documents/umap/results/local_graph_clustering_full_20260726/plots/MetRef_metal_threads4_louvain_seed42.png","success",,0.142501831054688
"MetRef","metal",4,"leiden",4,873,20972,0.028,0.612391609962101,12,0.357378102583259,0.609242702381698,"success",0.102,0.612160733494118,13,0.920073104248506,0.944704847852746,"/Users/stefano/Documents/umap/results/local_graph_clustering_full_20260726/cache/MetRef_metal_t4_leiden_seed4_membership.rds","/Users/stefano/Documents/umap/results/local_graph_clustering_full_20260726/plots/MetRef_metal_threads4_leiden_seed4.png","success",,0.143417358398438
"MetRef","metal",4,"leiden",17,873,20972,0.029,0.612432013663801,12,0.35790236064236,0.611215235459692,"success",0.103,0.612432013663822,12,1,1,"/Users/stefano/Documents/umap/results/local_graph_clustering_full_20260726/cache/MetRef_metal_t4_leiden_seed17_membership.rds","/Users/stefano/Documents/umap/results/local_graph_clustering_full_20260726/plots/MetRef_metal_threads4_leiden_seed17.png","success",,0.140289306640625
"MetRef","metal",4,"leiden",42,873,20972,0.023,0.612432013663801,12,0.35790236064236,0.611215235459692,"success",0.104,0.611685877375693,12,0.977102373286279,0.984447787638619,"/Users/stefano/Documents/umap/results/local_graph_clustering_full_20260726/cache/MetRef_metal_t4_leiden_seed42_membership.rds","/Users/stefano/Documents/umap/results/local_graph_clustering_full_20260726/plots/MetRef_metal_threads4_leiden_seed42.png","success",,0.140533447265625
"MetRef","metal",4,"walktrap",4,873,20972,0.41,0.576443976886052,13,0.259926199041689,0.580694771497127,"success",0.163,0.583924217276553,13,0.843111630909572,0.909320553684714,"/Users/stefano/Documents/umap/results/local_graph_clustering_full_20260726/cache/MetRef_metal_t4_walktrap_seed4_membership.rds","/Users/stefano/Documents/umap/results/local_graph_clustering_full_20260726/plots/MetRef_metal_threads4_walktrap_seed4.png","success",,0.156173706054688
"COIL20","cpu",1,"louvain",4,1440,27945,0.012,0.893906295179391,16,0.681443961435934,0.849696082898122,"success",0.099,0.894508954759898,16,0.900716681255711,0.951476402970274,"/Users/stefano/Documents/umap/results/local_graph_clustering_full_20260726/cache/COIL20_cpu_t1_louvain_seed4_membership.rds","/Users/stefano/Documents/umap/results/local_graph_clustering_full_20260726/plots/COIL20_cpu_threads1_louvain_seed4.png","success",,0.14678955078125
"COIL20","cpu",1,"louvain",17,1440,27945,0.013,0.894429381948333,16,0.674052441447406,0.846503648702672,"success",0.1,0.89332628432657,16,0.89361733949652,0.94773628341799,"/Users/stefano/Documents/umap/results/local_graph_clustering_full_20260726/cache/COIL20_cpu_t1_louvain_seed17_membership.rds","/Users/stefano/Documents/umap/results/local_graph_clustering_full_20260726/plots/COIL20_cpu_threads1_louvain_seed17.png","success",,0.1461181640625
"COIL20","cpu",1,"louvain",42,1440,27945,0.013,0.894524272767099,16,0.662897641848062,0.83657548917548,"success",0.102,0.893119678992786,16,0.891581425477434,0.946265745622951,"/Users/stefano/Documents/umap/results/local_graph_clustering_full_20260726/cache/COIL20_cpu_t1_louvain_seed42_membership.rds","/Users/stefano/Documents/umap/results/local_graph_clustering_full_20260726/plots/COIL20_cpu_threads1_louvain_seed42.png","success",,0.146530151367188
"COIL20","cpu",1,"leiden",4,1440,27945,0.026,0.894641161894652,16,0.667510272945477,0.838852840895121,"success",0.108,0.894601855412969,16,0.981093354717852,0.988147951694336,"/Users/stefano/Documents/umap/results/local_graph_clustering_full_20260726/cache/COIL20_cpu_t1_leiden_seed4_membership.rds","/Users/stefano/Documents/umap/results/local_graph_clustering_full_20260726/plots/COIL20_cpu_threads1_leiden_seed4.png","success",,0.1453857421875
"COIL20","cpu",1,"leiden",17,1440,27945,0.029,0.894660532743088,16,0.663799212369112,0.836610907534854,"success",0.223,0.894568163495663,16,0.98082517928312,0.988108636343018,"/Users/stefano/Documents/umap/results/local_graph_clustering_full_20260726/cache/COIL20_cpu_t1_leiden_seed17_membership.rds","/Users/stefano/Documents/umap/results/local_graph_clustering_full_20260726/plots/COIL20_cpu_threads1_leiden_seed17.png","success",,0.1461181640625
"COIL20","cpu",1,"leiden",42,1440,27945,0.025,0.894699527675883,16,0.665622786702787,0.837668948789026,"success",0.108,0.894699527675907,16,1,1,"/Users/stefano/Documents/umap/results/local_graph_clustering_full_20260726/cache/COIL20_cpu_t1_leiden_seed42_membership.rds","/Users/stefano/Documents/umap/results/local_graph_clustering_full_20260726/plots/COIL20_cpu_threads1_leiden_seed42.png","success",,0.144546508789062
"COIL20","cpu",1,"walktrap",4,1440,27945,0.215,0.886105066684072,16,0.587427406259192,0.81105789178155,"success",0.169,0.886105066684093,16,1,1,"/Users/stefano/Documents/umap/results/local_graph_clustering_full_20260726/cache/COIL20_cpu_t1_walktrap_seed4_membership.rds","/Users/stefano/Documents/umap/results/local_graph_clustering_full_20260726/plots/COIL20_cpu_threads1_walktrap_seed4.png","success",,0.17474365234375
"COIL20","cpu",4,"louvain",4,1440,27945,0.012,0.893906295179391,16,0.681443961435934,0.849696082898122,"success",0.101,0.894508954759898,16,0.900716681255711,0.951476402970274,"/Users/stefano/Documents/umap/results/local_graph_clustering_full_20260726/cache/COIL20_cpu_t4_louvain_seed4_membership.rds","/Users/stefano/Documents/umap/results/local_graph_clustering_full_20260726/plots/COIL20_cpu_threads4_louvain_seed4.png","success",,0.148300170898438
"COIL20","cpu",4,"louvain",17,1440,27945,0.013,0.894429381948333,16,0.674052441447406,0.846503648702672,"success",0.102,0.89332628432657,16,0.89361733949652,0.94773628341799,"/Users/stefano/Documents/umap/results/local_graph_clustering_full_20260726/cache/COIL20_cpu_t4_louvain_seed17_membership.rds","/Users/stefano/Documents/umap/results/local_graph_clustering_full_20260726/plots/COIL20_cpu_threads4_louvain_seed17.png","success",,0.144882202148438
"COIL20","cpu",4,"louvain",42,1440,27945,0.013,0.894524272767099,16,0.662897641848062,0.83657548917548,"success",0.104,0.893119678992786,16,0.891581425477434,0.946265745622951,"/Users/stefano/Documents/umap/results/local_graph_clustering_full_20260726/cache/COIL20_cpu_t4_louvain_seed42_membership.rds","/Users/stefano/Documents/umap/results/local_graph_clustering_full_20260726/plots/COIL20_cpu_threads4_louvain_seed42.png","success",,0.144515991210938
"COIL20","cpu",4,"leiden",4,1440,27945,0.027,0.894641161894652,16,0.667510272945477,0.838852840895121,"success",0.113,0.894601855412969,16,0.981093354717852,0.988147951694336,"/Users/stefano/Documents/umap/results/local_graph_clustering_full_20260726/cache/COIL20_cpu_t4_leiden_seed4_membership.rds","/Users/stefano/Documents/umap/results/local_graph_clustering_full_20260726/plots/COIL20_cpu_threads4_leiden_seed4.png","success",,0.146133422851562
"COIL20","cpu",4,"leiden",17,1440,27945,0.028,0.894660532743088,16,0.663799212369112,0.836610907534854,"success",0.11,0.894568163495663,16,0.98082517928312,0.988108636343018,"/Users/stefano/Documents/umap/results/local_graph_clustering_full_20260726/cache/COIL20_cpu_t4_leiden_seed17_membership.rds","/Users/stefano/Documents/umap/results/local_graph_clustering_full_20260726/plots/COIL20_cpu_threads4_leiden_seed17.png","success",,0.144561767578125
"COIL20","cpu",4,"leiden",42,1440,27945,0.024,0.894699527675883,16,0.665622786702787,0.837668948789026,"success",0.111,0.894699527675907,16,1,1,"/Users/stefano/Documents/umap/results/local_graph_clustering_full_20260726/cache/COIL20_cpu_t4_leiden_seed42_membership.rds","/Users/stefano/Documents/umap/results/local_graph_clustering_full_20260726/plots/COIL20_cpu_threads4_leiden_seed42.png","success",,0.14984130859375
"COIL20","cpu",4,"walktrap",4,1440,27945,0.219,0.886105066684072,16,0.587427406259192,0.81105789178155,"success",0.171,0.886105066684093,16,1,1,"/Users/stefano/Documents/umap/results/local_graph_clustering_full_20260726/cache/COIL20_cpu_t4_walktrap_seed4_membership.rds","/Users/stefano/Documents/umap/results/local_graph_clustering_full_20260726/plots/COIL20_cpu_threads4_walktrap_seed4.png","success",,0.172821044921875
"COIL20","metal",4,"louvain",4,1440,27947,0.012,0.893865081361798,16,0.681443961435934,0.849696082898122,"success",0.102,0.894468192020542,16,0.900716681255711,0.951476402970274,"/Users/stefano/Documents/umap/results/local_graph_clustering_full_20260726/cache/COIL20_metal_t4_louvain_seed4_membership.rds","/Users/stefano/Documents/umap/results/local_graph_clustering_full_20260726/plots/COIL20_metal_threads4_louvain_seed4.png","success",,0.145721435546875
"COIL20","metal",4,"louvain",17,1440,27947,0.013,0.894388412237738,16,0.674052441447406,0.846503648702672,"success",0.115,0.893284982871785,16,0.89361733949652,0.94773628341799,"/Users/stefano/Documents/umap/results/local_graph_clustering_full_20260726/cache/COIL20_metal_t4_louvain_seed17_membership.rds","/Users/stefano/Documents/umap/results/local_graph_clustering_full_20260726/plots/COIL20_metal_threads4_louvain_seed17.png","success",,0.144393920898438
"COIL20","metal",4,"louvain",42,1440,27947,0.013,0.894483515418773,16,0.662897641848062,0.83657548917548,"success",0.103,0.893078707730402,16,0.891581425477434,0.946265745622951,"/Users/stefano/Documents/umap/results/local_graph_clustering_full_20260726/cache/COIL20_metal_t4_louvain_seed42_membership.rds","/Users/stefano/Documents/umap/results/local_graph_clustering_full_20260726/plots/COIL20_metal_threads4_louvain_seed42.png","success",,0.145294189453125
"COIL20","metal",4,"leiden",4,1440,27947,0.027,0.894600227562522,16,0.667510272945477,0.838852840895121,"success",0.109,0.894560916507679,16,0.981093354717852,0.988147951694336,"/Users/stefano/Documents/umap/results/local_graph_clustering_full_20260726/cache/COIL20_metal_t4_leiden_seed4_membership.rds","/Users/stefano/Documents/umap/results/local_graph_clustering_full_20260726/plots/COIL20_metal_threads4_leiden_seed4.png","success",,0.150344848632812
"COIL20","metal",4,"leiden",17,1440,27947,0.028,0.894619597439949,16,0.663799212369112,0.836610907534854,"success",0.111,0.8946586007149,16,0.99501760385847,0.996476607518428,"/Users/stefano/Documents/umap/results/local_graph_clustering_full_20260726/cache/COIL20_metal_t4_leiden_seed17_membership.rds","/Users/stefano/Documents/umap/results/local_graph_clustering_full_20260726/plots/COIL20_metal_threads4_leiden_seed17.png","success",,0.145584106445312
"COIL20","metal",4,"leiden",42,1440,27947,0.024,0.894658600714874,16,0.665622786702787,0.837668948789026,"success",0.109,0.894526462574133,16,0.977976515054789,0.987884199959536,"/Users/stefano/Documents/umap/results/local_graph_clustering_full_20260726/cache/COIL20_metal_t4_leiden_seed42_membership.rds","/Users/stefano/Documents/umap/results/local_graph_clustering_full_20260726/plots/COIL20_metal_threads4_leiden_seed42.png","success",,0.147659301757812
"COIL20","metal",4,"walktrap",4,1440,27947,0.215,0.886062801591005,16,0.587427406259192,0.81105789178155,"success",0.17,0.886062801591028,16,1,1,"/Users/stefano/Documents/umap/results/local_graph_clustering_full_20260726/cache/COIL20_metal_t4_walktrap_seed4_membership.rds","/Users/stefano/Documents/umap/results/local_graph_clustering_full_20260726/plots/COIL20_metal_threads4_walktrap_seed4.png","success",,0.173858642578125
"USPS","cpu",1,"louvain",4,11000,232346,0.134,0.851841149966048,19,0.498923163750603,0.635417944071138,"success",0.579,0.850566580196388,18,0.834979439588013,0.876766817963032,"/Users/stefano/Documents/umap/results/local_graph_clustering_full_20260726/cache/USPS_cpu_t1_louvain_seed4_membership.rds","/Users/stefano/Documents/umap/results/local_graph_clustering_full_20260726/plots/USPS_cpu_threads1_louvain_seed4.png","success",,0.231765747070312
"USPS","cpu",1,"louvain",17,11000,232346,0.138,0.850850324574738,18,0.51297269001732,0.638290639330236,"success",0.555,0.850954899559779,18,0.79273850175294,0.868495272151551,"/Users/stefano/Documents/umap/results/local_graph_clustering_full_20260726/cache/USPS_cpu_t1_louvain_seed17_membership.rds","/Users/stefano/Documents/umap/results/local_graph_clustering_full_20260726/plots/USPS_cpu_threads1_louvain_seed17.png","success",,0.224563598632812
"USPS","cpu",1,"louvain",42,11000,232346,0.14,0.852572585938006,17,0.497952635021575,0.639738716320617,"success",0.628,0.850400165074612,17,0.78339310650605,0.864551888878806,"/Users/stefano/Documents/umap/results/local_graph_clustering_full_20260726/cache/USPS_cpu_t1_louvain_seed42_membership.rds","/Users/stefano/Documents/umap/results/local_graph_clustering_full_20260726/plots/USPS_cpu_threads1_louvain_seed42.png","success",,0.219924926757812
"USPS","cpu",1,"leiden",4,11000,232346,0.614,0.857601888506778,18,0.497166273695328,0.638657502156834,"success",0.508,0.856095142112123,19,0.889618843520914,0.925652018530468,"/Users/stefano/Documents/umap/results/local_graph_clustering_full_20260726/cache/USPS_cpu_t1_leiden_seed4_membership.rds","/Users/stefano/Documents/umap/results/local_graph_clustering_full_20260726/plots/USPS_cpu_threads1_leiden_seed4.png","success",,0.231155395507812
"USPS","cpu",1,"leiden",17,11000,232346,0.604,0.857307720298628,18,0.516493692716325,0.647260940147768,"success",0.507,0.85746385472874,17,0.952850502980607,0.964875708844687,"/Users/stefano/Documents/umap/results/local_graph_clustering_full_20260726/cache/USPS_cpu_t1_leiden_seed17_membership.rds","/Users/stefano/Documents/umap/results/local_graph_clustering_full_20260726/plots/USPS_cpu_threads1_leiden_seed17.png","success",,0.226226806640625
"USPS","cpu",1,"leiden",42,11000,232346,0.681,0.857099796737045,19,0.482333020602325,0.632304865657908,"success",0.516,0.857087967963906,19,0.915703701732823,0.941243957255007,"/Users/stefano/Documents/umap/results/local_graph_clustering_full_20260726/cache/USPS_cpu_t1_leiden_seed42_membership.rds","/Users/stefano/Documents/umap/results/local_graph_clustering_full_20260726/plots/USPS_cpu_threads1_leiden_seed42.png","success",,0.231307983398438
"USPS","cpu",4,"louvain",4,11000,232346,0.145,0.851841149966048,19,0.498923163750603,0.635417944071138,"success",0.726,0.850566580196388,18,0.834979439588013,0.876766817963032,"/Users/stefano/Documents/umap/results/local_graph_clustering_full_20260726/cache/USPS_cpu_t4_louvain_seed4_membership.rds","/Users/stefano/Documents/umap/results/local_graph_clustering_full_20260726/plots/USPS_cpu_threads4_louvain_seed4.png","success",,0.214324951171875
"USPS","cpu",4,"louvain",17,11000,232346,0.143,0.850850324574738,18,0.51297269001732,0.638290639330236,"success",0.574,0.850954899559779,18,0.79273850175294,0.868495272151551,"/Users/stefano/Documents/umap/results/local_graph_clustering_full_20260726/cache/USPS_cpu_t4_louvain_seed17_membership.rds","/Users/stefano/Documents/umap/results/local_graph_clustering_full_20260726/plots/USPS_cpu_threads4_louvain_seed17.png","success",,0.220932006835938
"USPS","cpu",4,"louvain",42,11000,232346,0.136,0.852572585938006,17,0.497952635021575,0.639738716320617,"success",0.622,0.850400165074612,17,0.78339310650605,0.864551888878806,"/Users/stefano/Documents/umap/results/local_graph_clustering_full_20260726/cache/USPS_cpu_t4_louvain_seed42_membership.rds","/Users/stefano/Documents/umap/results/local_graph_clustering_full_20260726/plots/USPS_cpu_threads4_louvain_seed42.png","success",,0.218795776367188
"USPS","cpu",4,"leiden",4,11000,232346,0.616,0.857601888506778,18,0.497166273695328,0.638657502156834,"success",0.505,0.856095142112123,19,0.889618843520914,0.925652018530468,"/Users/stefano/Documents/umap/results/local_graph_clustering_full_20260726/cache/USPS_cpu_t4_leiden_seed4_membership.rds","/Users/stefano/Documents/umap/results/local_graph_clustering_full_20260726/plots/USPS_cpu_threads4_leiden_seed4.png","success",,0.226058959960938
"USPS","cpu",4,"leiden",17,11000,232346,0.613,0.857307720298628,18,0.516493692716325,0.647260940147768,"success",0.51,0.85746385472874,17,0.952850502980607,0.964875708844687,"/Users/stefano/Documents/umap/results/local_graph_clustering_full_20260726/cache/USPS_cpu_t4_leiden_seed17_membership.rds","/Users/stefano/Documents/umap/results/local_graph_clustering_full_20260726/plots/USPS_cpu_threads4_leiden_seed17.png","success",,0.227264404296875
"USPS","cpu",4,"leiden",42,11000,232346,0.676,0.857099796737045,19,0.482333020602325,0.632304865657908,"success",0.524,0.857087967963906,19,0.915703701732823,0.941243957255007,"/Users/stefano/Documents/umap/results/local_graph_clustering_full_20260726/cache/USPS_cpu_t4_leiden_seed42_membership.rds","/Users/stefano/Documents/umap/results/local_graph_clustering_full_20260726/plots/USPS_cpu_threads4_leiden_seed42.png","success",,0.23406982421875
"USPS","metal",4,"louvain",4,11000,232818,0.138,0.850779976060703,18,0.523409626512821,0.64805007899402,"success",0.607,0.849852074605282,19,0.811190305749778,0.876632010325666,"/Users/stefano/Documents/umap/results/local_graph_clustering_full_20260726/cache/USPS_metal_t4_louvain_seed4_membership.rds","/Users/stefano/Documents/umap/results/local_graph_clustering_full_20260726/plots/USPS_metal_threads4_louvain_seed4.png","success",,0.227645874023438
"USPS","metal",4,"louvain",17,11000,232818,0.137,0.850511495210937,17,0.464072878251878,0.627247803954829,"success",0.587,0.852738656733141,17,0.831717244460227,0.891260728937718,"/Users/stefano/Documents/umap/results/local_graph_clustering_full_20260726/cache/USPS_metal_t4_louvain_seed17_membership.rds","/Users/stefano/Documents/umap/results/local_graph_clustering_full_20260726/plots/USPS_metal_threads4_louvain_seed17.png","success",,0.228012084960938
"USPS","metal",4,"louvain",42,11000,232818,0.139,0.851966999712202,18,0.521628407063371,0.645597087521311,"success",0.524,0.848716053720537,18,0.817615033217783,0.88298730008156,"/Users/stefano/Documents/umap/results/local_graph_clustering_full_20260726/cache/USPS_metal_t4_louvain_seed42_membership.rds","/Users/stefano/Documents/umap/results/local_graph_clustering_full_20260726/plots/USPS_metal_threads4_louvain_seed42.png","success",,0.224517822265625
"USPS","metal",4,"leiden",4,11000,232818,0.654,0.856990461759005,19,0.497223267822281,0.637404451773956,"success",0.511,0.857165970909686,19,0.935447887789247,0.95796250890819,"/Users/stefano/Documents/umap/results/local_graph_clustering_full_20260726/cache/USPS_metal_t4_leiden_seed4_membership.rds","/Users/stefano/Documents/umap/results/local_graph_clustering_full_20260726/plots/USPS_metal_threads4_leiden_seed4.png","success",,0.23626708984375
"USPS","metal",4,"leiden",17,11000,232818,0.644,0.857313760598491,18,0.517963231046092,0.647118385567231,"success",0.511,0.857046941235815,18,0.89150350668807,0.928307375734404,"/Users/stefano/Documents/umap/results/local_graph_clustering_full_20260726/cache/USPS_metal_t4_leiden_seed17_membership.rds","/Users/stefano/Documents/umap/results/local_graph_clustering_full_20260726/plots/USPS_metal_threads4_leiden_seed17.png","success",,0.239349365234375
"USPS","metal",4,"leiden",42,11000,232818,0.659,0.856857146575737,19,0.505449792502921,0.641442679681991,"success",0.509,0.857080684698506,18,0.889744275984043,0.928114837471786,"/Users/stefano/Documents/umap/results/local_graph_clustering_full_20260726/cache/USPS_metal_t4_leiden_seed42_membership.rds","/Users/stefano/Documents/umap/results/local_graph_clustering_full_20260726/plots/USPS_metal_threads4_leiden_seed42.png","success",,0.233612060546875
"Macosko2015_retina","cpu",1,"louvain",4,44808,1094040,0.728,0.881230893521012,38,0.159704547097453,0.553567644352596,"success",4.648,0.882172964976758,37,0.70693046108244,0.86073298996321,"/Users/stefano/Documents/umap/results/local_graph_clustering_full_20260726/cache/Macosko2015_retina_cpu_t1_louvain_seed4_membership.rds","/Users/stefano/Documents/umap/results/local_graph_clustering_full_20260726/plots/Macosko2015_retina_cpu_threads1_louvain_seed4.png","success",,0.453826904296875
"Macosko2015_retina","cpu",1,"louvain",17,44808,1094040,0.737,0.88135605675871,37,0.163176551275763,0.551551816492877,"success",3.704,0.8812045704863,38,0.581648578984954,0.835307215317607,"/Users/stefano/Documents/umap/results/local_graph_clustering_full_20260726/cache/Macosko2015_retina_cpu_t1_louvain_seed17_membership.rds","/Users/stefano/Documents/umap/results/local_graph_clustering_full_20260726/plots/Macosko2015_retina_cpu_threads1_louvain_seed17.png","success",,0.466094970703125
"Macosko2015_retina","cpu",1,"louvain",42,44808,1094040,0.784,0.88168267858204,38,0.179713683545391,0.558540949449027,"success",5.159,0.882686193674715,37,0.732837193795197,0.873424154123161,"/Users/stefano/Documents/umap/results/local_graph_clustering_full_20260726/cache/Macosko2015_retina_cpu_t1_louvain_seed42_membership.rds","/Users/stefano/Documents/umap/results/local_graph_clustering_full_20260726/plots/Macosko2015_retina_cpu_threads1_louvain_seed42.png","success",,0.456954956054688
"Macosko2015_retina","cpu",1,"leiden",4,44808,1094040,4.893,0.887377600587831,37,0.182395018112466,0.56499495612669,"success",3.405,0.88701585036899,38,0.765240296543709,0.894621645315926,"/Users/stefano/Documents/umap/results/local_graph_clustering_full_20260726/cache/Macosko2015_retina_cpu_t1_leiden_seed4_membership.rds","/Users/stefano/Documents/umap/results/local_graph_clustering_full_20260726/plots/Macosko2015_retina_cpu_threads1_leiden_seed4.png","success",,0.458847045898438
"Macosko2015_retina","cpu",1,"leiden",17,44808,1094040,5.336,0.887029829669517,38,0.171655306013904,0.559407911766862,"success",3.186,0.887278146398421,37,0.720982206504091,0.874687016156024,"/Users/stefano/Documents/umap/results/local_graph_clustering_full_20260726/cache/Macosko2015_retina_cpu_t1_leiden_seed17_membership.rds","/Users/stefano/Documents/umap/results/local_graph_clustering_full_20260726/plots/Macosko2015_retina_cpu_threads1_leiden_seed17.png","success",,0.4481201171875
"Macosko2015_retina","cpu",1,"leiden",42,44808,1094040,4.67,0.886652917461901,38,0.199552273088628,0.566548851254573,"success",3.185,0.887549322868292,37,0.66765405972562,0.86837234429865,"/Users/stefano/Documents/umap/results/local_graph_clustering_full_20260726/cache/Macosko2015_retina_cpu_t1_leiden_seed42_membership.rds","/Users/stefano/Documents/umap/results/local_graph_clustering_full_20260726/plots/Macosko2015_retina_cpu_threads1_leiden_seed42.png","success",,0.47955322265625
"Macosko2015_retina","cpu",4,"louvain",4,44808,1094040,0.717,0.881230893521012,38,0.159704547097453,0.553567644352596,"success",4.567,0.882172964976758,37,0.70693046108244,0.86073298996321,"/Users/stefano/Documents/umap/results/local_graph_clustering_full_20260726/cache/Macosko2015_retina_cpu_t4_louvain_seed4_membership.rds","/Users/stefano/Documents/umap/results/local_graph_clustering_full_20260726/plots/Macosko2015_retina_cpu_threads4_louvain_seed4.png","success",,0.486465454101562
"Macosko2015_retina","cpu",4,"louvain",17,44808,1094040,0.755,0.88135605675871,37,0.163176551275763,0.551551816492877,"success",3.817,0.8812045704863,38,0.581648578984954,0.835307215317607,"/Users/stefano/Documents/umap/results/local_graph_clustering_full_20260726/cache/Macosko2015_retina_cpu_t4_louvain_seed17_membership.rds","/Users/stefano/Documents/umap/results/local_graph_clustering_full_20260726/plots/Macosko2015_retina_cpu_threads4_louvain_seed17.png","success",,0.401687622070312
"Macosko2015_retina","cpu",4,"louvain",42,44808,1094040,0.707,0.88168267858204,38,0.179713683545391,0.558540949449027,"success",5.179,0.882686193674715,37,0.732837193795197,0.873424154123161,"/Users/stefano/Documents/umap/results/local_graph_clustering_full_20260726/cache/Macosko2015_retina_cpu_t4_louvain_seed42_membership.rds","/Users/stefano/Documents/umap/results/local_graph_clustering_full_20260726/plots/Macosko2015_retina_cpu_threads4_louvain_seed42.png","success",,0.429336547851562
"Macosko2015_retina","cpu",4,"leiden",4,44808,1094040,4.934,0.887377600587831,37,0.182395018112466,0.56499495612669,"success",3.154,0.88701585036899,38,0.765240296543709,0.894621645315926,"/Users/stefano/Documents/umap/results/local_graph_clustering_full_20260726/cache/Macosko2015_retina_cpu_t4_leiden_seed4_membership.rds","/Users/stefano/Documents/umap/results/local_graph_clustering_full_20260726/plots/Macosko2015_retina_cpu_threads4_leiden_seed4.png","success",,0.499908447265625
"Macosko2015_retina","cpu",4,"leiden",17,44808,1094040,5.348,0.887029829669517,38,0.171655306013904,0.559407911766862,"success",3.139,0.887278146398421,37,0.720982206504091,0.874687016156024,"/Users/stefano/Documents/umap/results/local_graph_clustering_full_20260726/cache/Macosko2015_retina_cpu_t4_leiden_seed17_membership.rds","/Users/stefano/Documents/umap/results/local_graph_clustering_full_20260726/plots/Macosko2015_retina_cpu_threads4_leiden_seed17.png","success",,0.521804809570312
"Macosko2015_retina","cpu",4,"leiden",42,44808,1094040,4.787,0.886652917461901,38,0.199552273088628,0.566548851254573,"success",3.224,0.887549322868292,37,0.66765405972562,0.86837234429865,"/Users/stefano/Documents/umap/results/local_graph_clustering_full_20260726/cache/Macosko2015_retina_cpu_t4_leiden_seed42_membership.rds","/Users/stefano/Documents/umap/results/local_graph_clustering_full_20260726/plots/Macosko2015_retina_cpu_threads4_leiden_seed42.png","success",,0.51953125
"Macosko2015_retina","metal",4,"louvain",4,44808,1091439,0.715,0.883133198198141,38,0.166319907796516,0.555092505228817,"success",4.826,0.88248526453632,35,0.703291794439172,0.85701369963271,"/Users/stefano/Documents/umap/results/local_graph_clustering_full_20260726/cache/Macosko2015_retina_metal_t4_louvain_seed4_membership.rds","/Users/stefano/Documents/umap/results/local_graph_clustering_full_20260726/plots/Macosko2015_retina_metal_threads4_louvain_seed4.png","success",,0.515670776367188
"Macosko2015_retina","metal",4,"louvain",17,44808,1091439,0.717,0.882559649284056,36,0.166892026564645,0.552458085723225,"success",4.683,0.882254501145053,38,0.713790065583048,0.862481425449749,"/Users/stefano/Documents/umap/results/local_graph_clustering_full_20260726/cache/Macosko2015_retina_metal_t4_louvain_seed17_membership.rds","/Users/stefano/Documents/umap/results/local_graph_clustering_full_20260726/plots/Macosko2015_retina_metal_threads4_louvain_seed17.png","success",,0.517288208007812
"Macosko2015_retina","metal",4,"louvain",42,44808,1091439,0.782,0.880245274168968,33,0.253905925282126,0.585166355347402,"success",4.586,0.881803266453801,35,0.667582051163896,0.861555246698712,"/Users/stefano/Documents/umap/results/local_graph_clustering_full_20260726/cache/Macosko2015_retina_metal_t4_louvain_seed42_membership.rds","/Users/stefano/Documents/umap/results/local_graph_clustering_full_20260726/plots/Macosko2015_retina_metal_threads4_louvain_seed42.png","success",,0.458404541015625
"Macosko2015_retina","metal",4,"leiden",4,44808,1091439,5.431,0.88797390645012,40,0.156137919989605,0.553006379758389,"success",3.176,0.886541433575471,39,0.651078573861949,0.853486261355045,"/Users/stefano/Documents/umap/results/local_graph_clustering_full_20260726/cache/Macosko2015_retina_metal_t4_leiden_seed4_membership.rds","/Users/stefano/Documents/umap/results/local_graph_clustering_full_20260726/plots/Macosko2015_retina_metal_threads4_leiden_seed4.png","success",,0.50732421875
"Macosko2015_retina","metal",4,"leiden",17,44808,1091439,5.012,0.887817636735315,38,0.17701177266424,0.563012451704565,"success",3.146,0.885454436695415,39,0.624335608283505,0.851449810744921,"/Users/stefano/Documents/umap/results/local_graph_clustering_full_20260726/cache/Macosko2015_retina_metal_t4_leiden_seed17_membership.rds","/Users/stefano/Documents/umap/results/local_graph_clustering_full_20260726/plots/Macosko2015_retina_metal_threads4_leiden_seed17.png","success",,0.483230590820312
"Macosko2015_retina","metal",4,"leiden",42,44808,1091439,5.119,0.887612347164446,38,0.183084495720684,0.564606655399505,"success",3.471,0.886349403208224,39,0.832768322426938,0.912375879263192,"/Users/stefano/Documents/umap/results/local_graph_clustering_full_20260726/cache/Macosko2015_retina_metal_t4_leiden_seed42_membership.rds","/Users/stefano/Documents/umap/results/local_graph_clustering_full_20260726/plots/Macosko2015_retina_metal_threads4_leiden_seed42.png","success",,0.490753173828125
"FashionMNIST","cpu",1,"louvain",4,70000,1665115,1.319,0.885799992717704,25,0.357475593614396,0.592876082097966,"skipped_size_policy",,,,,,"/Users/stefano/Documents/umap/results/local_graph_clustering_full_20260726/cache/FashionMNIST_cpu_t1_louvain_seed4_membership.rds","/Users/stefano/Documents/umap/results/local_graph_clustering_full_20260726/plots/FashionMNIST_cpu_threads1_louvain_seed4.png","success",,0.339324951171875
"FashionMNIST","cpu",1,"louvain",17,70000,1665115,1.446,0.885103614265679,25,0.352423266869654,0.592271083584906,"skipped_size_policy",,,,,,"/Users/stefano/Documents/umap/results/local_graph_clustering_full_20260726/cache/FashionMNIST_cpu_t1_louvain_seed17_membership.rds","/Users/stefano/Documents/umap/results/local_graph_clustering_full_20260726/plots/FashionMNIST_cpu_threads1_louvain_seed17.png","success",,0.344635009765625
"FashionMNIST","cpu",1,"louvain",42,70000,1665115,1.388,0.884768165486465,25,0.377880423785843,0.604709392390218,"skipped_size_policy",,,,,,"/Users/stefano/Documents/umap/results/local_graph_clustering_full_20260726/cache/FashionMNIST_cpu_t1_louvain_seed42_membership.rds","/Users/stefano/Documents/umap/results/local_graph_clustering_full_20260726/plots/FashionMNIST_cpu_threads1_louvain_seed42.png","success",,0.3416748046875
"FashionMNIST","cpu",1,"leiden",4,70000,1665115,8.563,0.891886194461753,24,0.370552290133707,0.60200972422343,"skipped_size_policy",,,,,,"/Users/stefano/Documents/umap/results/local_graph_clustering_full_20260726/cache/FashionMNIST_cpu_t1_leiden_seed4_membership.rds","/Users/stefano/Documents/umap/results/local_graph_clustering_full_20260726/plots/FashionMNIST_cpu_threads1_leiden_seed4.png","success",,0.368484497070312
"FashionMNIST","cpu",1,"leiden",17,70000,1665115,8.268,0.892367873555502,25,0.361257156097799,0.600156357459611,"skipped_size_policy",,,,,,"/Users/stefano/Documents/umap/results/local_graph_clustering_full_20260726/cache/FashionMNIST_cpu_t1_leiden_seed17_membership.rds","/Users/stefano/Documents/umap/results/local_graph_clustering_full_20260726/plots/FashionMNIST_cpu_threads1_leiden_seed17.png","success",,0.367996215820312
"FashionMNIST","cpu",1,"leiden",42,70000,1665115,8.651,0.892449641614998,25,0.349395675963134,0.595540340998308,"skipped_size_policy",,,,,,"/Users/stefano/Documents/umap/results/local_graph_clustering_full_20260726/cache/FashionMNIST_cpu_t1_leiden_seed42_membership.rds","/Users/stefano/Documents/umap/results/local_graph_clustering_full_20260726/plots/FashionMNIST_cpu_threads1_leiden_seed42.png","success",,0.365188598632812
"FashionMNIST","cpu",4,"louvain",4,70000,1665115,1.303,0.885799992717704,25,0.357475593614396,0.592876082097966,"skipped_size_policy",,,,,,"/Users/stefano/Documents/umap/results/local_graph_clustering_full_20260726/cache/FashionMNIST_cpu_t4_louvain_seed4_membership.rds","/Users/stefano/Documents/umap/results/local_graph_clustering_full_20260726/plots/FashionMNIST_cpu_threads4_louvain_seed4.png","success",,0.345916748046875
"FashionMNIST","cpu",4,"louvain",17,70000,1665115,1.28,0.885103614265679,25,0.352423266869654,0.592271083584906,"skipped_size_policy",,,,,,"/Users/stefano/Documents/umap/results/local_graph_clustering_full_20260726/cache/FashionMNIST_cpu_t4_louvain_seed17_membership.rds","/Users/stefano/Documents/umap/results/local_graph_clustering_full_20260726/plots/FashionMNIST_cpu_threads4_louvain_seed17.png","success",,0.351104736328125
"FashionMNIST","cpu",4,"louvain",42,70000,1665115,1.266,0.884768165486465,25,0.377880423785843,0.604709392390218,"skipped_size_policy",,,,,,"/Users/stefano/Documents/umap/results/local_graph_clustering_full_20260726/cache/FashionMNIST_cpu_t4_louvain_seed42_membership.rds","/Users/stefano/Documents/umap/results/local_graph_clustering_full_20260726/plots/FashionMNIST_cpu_threads4_louvain_seed42.png","success",,0.345138549804688
"FashionMNIST","cpu",4,"leiden",4,70000,1665115,8.844,0.891886194461753,24,0.370552290133707,0.60200972422343,"skipped_size_policy",,,,,,"/Users/stefano/Documents/umap/results/local_graph_clustering_full_20260726/cache/FashionMNIST_cpu_t4_leiden_seed4_membership.rds","/Users/stefano/Documents/umap/results/local_graph_clustering_full_20260726/plots/FashionMNIST_cpu_threads4_leiden_seed4.png","success",,0.333663940429688
"FashionMNIST","cpu",4,"leiden",17,70000,1665115,7.987,0.892367873555502,25,0.361257156097799,0.600156357459611,"skipped_size_policy",,,,,,"/Users/stefano/Documents/umap/results/local_graph_clustering_full_20260726/cache/FashionMNIST_cpu_t4_leiden_seed17_membership.rds","/Users/stefano/Documents/umap/results/local_graph_clustering_full_20260726/plots/FashionMNIST_cpu_threads4_leiden_seed17.png","success",,0.32391357421875
"FashionMNIST","cpu",4,"leiden",42,70000,1665115,8.859,0.892449641614998,25,0.349395675963134,0.595540340998308,"skipped_size_policy",,,,,,"/Users/stefano/Documents/umap/results/local_graph_clustering_full_20260726/cache/FashionMNIST_cpu_t4_leiden_seed42_membership.rds","/Users/stefano/Documents/umap/results/local_graph_clustering_full_20260726/plots/FashionMNIST_cpu_threads4_leiden_seed42.png","success",,0.339447021484375
"FashionMNIST","metal",4,"louvain",4,70000,1659756,1.311,0.885746510396934,23,0.360951495198293,0.599448635873063,"skipped_size_policy",,,,,,"/Users/stefano/Documents/umap/results/local_graph_clustering_full_20260726/cache/FashionMNIST_metal_t4_louvain_seed4_membership.rds","/Users/stefano/Documents/umap/results/local_graph_clustering_full_20260726/plots/FashionMNIST_metal_threads4_louvain_seed4.png","success",,0.31689453125
"FashionMNIST","metal",4,"louvain",17,70000,1659756,1.293,0.884992852155141,24,0.354139053821278,0.59548664531952,"skipped_size_policy",,,,,,"/Users/stefano/Documents/umap/results/local_graph_clustering_full_20260726/cache/FashionMNIST_metal_t4_louvain_seed17_membership.rds","/Users/stefano/Documents/umap/results/local_graph_clustering_full_20260726/plots/FashionMNIST_metal_threads4_louvain_seed17.png","success",,0.340087890625
"FashionMNIST","metal",4,"louvain",42,70000,1659756,1.286,0.885937207881258,25,0.361698327046022,0.595473125721129,"skipped_size_policy",,,,,,"/Users/stefano/Documents/umap/results/local_graph_clustering_full_20260726/cache/FashionMNIST_metal_t4_louvain_seed42_membership.rds","/Users/stefano/Documents/umap/results/local_graph_clustering_full_20260726/plots/FashionMNIST_metal_threads4_louvain_seed42.png","success",,0.342376708984375
"FashionMNIST","metal",4,"leiden",4,70000,1659756,8.173,0.892725372458945,23,0.368500457630225,0.60285310182097,"skipped_size_policy",,,,,,"/Users/stefano/Documents/umap/results/local_graph_clustering_full_20260726/cache/FashionMNIST_metal_t4_leiden_seed4_membership.rds","/Users/stefano/Documents/umap/results/local_graph_clustering_full_20260726/plots/FashionMNIST_metal_threads4_leiden_seed4.png","success",,0.324874877929688
"FashionMNIST","metal",4,"leiden",17,70000,1659756,8.727,0.892674333752522,23,0.367893685127031,0.602863966559466,"skipped_size_policy",,,,,,"/Users/stefano/Documents/umap/results/local_graph_clustering_full_20260726/cache/FashionMNIST_metal_t4_leiden_seed17_membership.rds","/Users/stefano/Documents/umap/results/local_graph_clustering_full_20260726/plots/FashionMNIST_metal_threads4_leiden_seed17.png","success",,0.314361572265625
"FashionMNIST","metal",4,"leiden",42,70000,1659756,8.448,0.892935329597589,25,0.363469371332414,0.602187980694134,"skipped_size_policy",,,,,,"/Users/stefano/Documents/umap/results/local_graph_clustering_full_20260726/cache/FashionMNIST_metal_t4_leiden_seed42_membership.rds","/Users/stefano/Documents/umap/results/local_graph_clustering_full_20260726/plots/FashionMNIST_metal_threads4_leiden_seed42.png","success",,0.324737548828125
"MNIST","cpu",1,"louvain",4,70000,1518319,1.305,0.880174100129589,14,0.803674381299014,0.838626511992876,"skipped_size_policy",,,,,,"/Users/stefano/Documents/umap/results/local_graph_clustering_full_20260726/cache/MNIST_cpu_t1_louvain_seed4_membership.rds","/Users/stefano/Documents/umap/results/local_graph_clustering_full_20260726/plots/MNIST_cpu_threads1_louvain_seed4.png","success",,0.30670166015625
"MNIST","cpu",1,"louvain",17,70000,1518319,1.299,0.880066777781615,16,0.779508979947275,0.827151208714707,"skipped_size_policy",,,,,,"/Users/stefano/Documents/umap/results/local_graph_clustering_full_20260726/cache/MNIST_cpu_t1_louvain_seed17_membership.rds","/Users/stefano/Documents/umap/results/local_graph_clustering_full_20260726/plots/MNIST_cpu_threads1_louvain_seed17.png","success",,0.322097778320312
"MNIST","cpu",1,"louvain",42,70000,1518319,1.322,0.880280383909184,14,0.801718533046974,0.8345502486647,"skipped_size_policy",,,,,,"/Users/stefano/Documents/umap/results/local_graph_clustering_full_20260726/cache/MNIST_cpu_t1_louvain_seed42_membership.rds","/Users/stefano/Documents/umap/results/local_graph_clustering_full_20260726/plots/MNIST_cpu_threads1_louvain_seed42.png","success",,0.319686889648438
"MNIST","cpu",1,"leiden",4,70000,1518319,7.576,0.88389614882351,15,0.778379181890635,0.83308588758955,"skipped_size_policy",,,,,,"/Users/stefano/Documents/umap/results/local_graph_clustering_full_20260726/cache/MNIST_cpu_t1_leiden_seed4_membership.rds","/Users/stefano/Documents/umap/results/local_graph_clustering_full_20260726/plots/MNIST_cpu_threads1_leiden_seed4.png","success",,0.30096435546875
"MNIST","cpu",1,"leiden",17,70000,1518319,7.826,0.883711625501197,16,0.805297129365455,0.836790992486595,"skipped_size_policy",,,,,,"/Users/stefano/Documents/umap/results/local_graph_clustering_full_20260726/cache/MNIST_cpu_t1_leiden_seed17_membership.rds","/Users/stefano/Documents/umap/results/local_graph_clustering_full_20260726/plots/MNIST_cpu_threads1_leiden_seed17.png","success",,0.3497314453125
"MNIST","cpu",1,"leiden",42,70000,1518319,6.231,0.883823016718445,14,0.806847281545117,0.843158154343861,"skipped_size_policy",,,,,,"/Users/stefano/Documents/umap/results/local_graph_clustering_full_20260726/cache/MNIST_cpu_t1_leiden_seed42_membership.rds","/Users/stefano/Documents/umap/results/local_graph_clustering_full_20260726/plots/MNIST_cpu_threads1_leiden_seed42.png","success",,0.347091674804688
"MNIST","cpu",4,"louvain",4,70000,1518319,1.304,0.880174100129589,14,0.803674381299014,0.838626511992876,"skipped_size_policy",,,,,,"/Users/stefano/Documents/umap/results/local_graph_clustering_full_20260726/cache/MNIST_cpu_t4_louvain_seed4_membership.rds","/Users/stefano/Documents/umap/results/local_graph_clustering_full_20260726/plots/MNIST_cpu_threads4_louvain_seed4.png","success",,0.323272705078125
"MNIST","cpu",4,"louvain",17,70000,1518319,1.296,0.880066777781615,16,0.779508979947275,0.827151208714707,"skipped_size_policy",,,,,,"/Users/stefano/Documents/umap/results/local_graph_clustering_full_20260726/cache/MNIST_cpu_t4_louvain_seed17_membership.rds","/Users/stefano/Documents/umap/results/local_graph_clustering_full_20260726/plots/MNIST_cpu_threads4_louvain_seed17.png","success",,0.321823120117188
"MNIST","cpu",4,"louvain",42,70000,1518319,1.309,0.880280383909184,14,0.801718533046974,0.8345502486647,"skipped_size_policy",,,,,,"/Users/stefano/Documents/umap/results/local_graph_clustering_full_20260726/cache/MNIST_cpu_t4_louvain_seed42_membership.rds","/Users/stefano/Documents/umap/results/local_graph_clustering_full_20260726/plots/MNIST_cpu_threads4_louvain_seed42.png","success",,0.321548461914062
"MNIST","cpu",4,"leiden",4,70000,1518319,6.686,0.88389614882351,15,0.778379181890635,0.83308588758955,"skipped_size_policy",,,,,,"/Users/stefano/Documents/umap/results/local_graph_clustering_full_20260726/cache/MNIST_cpu_t4_leiden_seed4_membership.rds","/Users/stefano/Documents/umap/results/local_graph_clustering_full_20260726/plots/MNIST_cpu_threads4_leiden_seed4.png","success",,0.354446411132812
"MNIST","cpu",4,"leiden",17,70000,1518319,7.7,0.883711625501197,16,0.805297129365455,0.836790992486595,"skipped_size_policy",,,,,,"/Users/stefano/Documents/umap/results/local_graph_clustering_full_20260726/cache/MNIST_cpu_t4_leiden_seed17_membership.rds","/Users/stefano/Documents/umap/results/local_graph_clustering_full_20260726/plots/MNIST_cpu_threads4_leiden_seed17.png","success",,0.349899291992188
"MNIST","cpu",4,"leiden",42,70000,1518319,6.534,0.883823016718445,14,0.806847281545117,0.843158154343861,"skipped_size_policy",,,,,,"/Users/stefano/Documents/umap/results/local_graph_clustering_full_20260726/cache/MNIST_cpu_t4_leiden_seed42_membership.rds","/Users/stefano/Documents/umap/results/local_graph_clustering_full_20260726/plots/MNIST_cpu_threads4_leiden_seed42.png","success",,0.353912353515625
"MNIST","metal",4,"louvain",4,70000,1509343,1.52,0.88042314315242,14,0.805428990985472,0.842558805247076,"skipped_size_policy",,,,,,"/Users/stefano/Documents/umap/results/local_graph_clustering_full_20260726/cache/MNIST_metal_t4_louvain_seed4_membership.rds","/Users/stefano/Documents/umap/results/local_graph_clustering_full_20260726/plots/MNIST_metal_threads4_louvain_seed4.png","success",,0.325729370117188
"MNIST","metal",4,"louvain",17,70000,1509343,1.292,0.880616823830701,14,0.808239422158141,0.845013052825231,"skipped_size_policy",,,,,,"/Users/stefano/Documents/umap/results/local_graph_clustering_full_20260726/cache/MNIST_metal_t4_louvain_seed17_membership.rds","/Users/stefano/Documents/umap/results/local_graph_clustering_full_20260726/plots/MNIST_metal_threads4_louvain_seed17.png","success",,0.316543579101562
"MNIST","metal",4,"louvain",42,70000,1509343,1.317,0.880440461799715,16,0.779082119537511,0.827650689176515,"skipped_size_policy",,,,,,"/Users/stefano/Documents/umap/results/local_graph_clustering_full_20260726/cache/MNIST_metal_t4_louvain_seed42_membership.rds","/Users/stefano/Documents/umap/results/local_graph_clustering_full_20260726/plots/MNIST_metal_threads4_louvain_seed42.png","success",,0.326004028320312
"MNIST","metal",4,"leiden",4,70000,1509343,7.524,0.884825132396556,16,0.785342580768752,0.834403170398674,"skipped_size_policy",,,,,,"/Users/stefano/Documents/umap/results/local_graph_clustering_full_20260726/cache/MNIST_metal_t4_leiden_seed4_membership.rds","/Users/stefano/Documents/umap/results/local_graph_clustering_full_20260726/plots/MNIST_metal_threads4_leiden_seed4.png","success",,0.362075805664062
"MNIST","metal",4,"leiden",17,70000,1509343,7.067,0.885080810365177,16,0.788820855981815,0.835822222458206,"skipped_size_policy",,,,,,"/Users/stefano/Documents/umap/results/local_graph_clustering_full_20260726/cache/MNIST_metal_t4_leiden_seed17_membership.rds","/Users/stefano/Documents/umap/results/local_graph_clustering_full_20260726/plots/MNIST_metal_threads4_leiden_seed17.png","success",,0.357955932617188
"MNIST","metal",4,"leiden",42,70000,1509343,7.541,0.8849422592174,16,0.789074054356938,0.835812243416738,"skipped_size_policy",,,,,,"/Users/stefano/Documents/umap/results/local_graph_clustering_full_20260726/cache/MNIST_metal_t4_leiden_seed42_membership.rds","/Users/stefano/Documents/umap/results/local_graph_clustering_full_20260726/plots/MNIST_metal_threads4_leiden_seed42.png","success",,0.354400634765625
"TabulaMuris","cpu",1,"louvain",4,100102,2178521,2.292,0.970214612150791,81,0.469949221787941,0.734302959704995,"skipped_size_policy",,,,,,"/Users/stefano/Documents/umap/results/local_graph_clustering_full_20260726/cache/TabulaMuris_cpu_t1_louvain_seed4_membership.rds","/Users/stefano/Documents/umap/results/local_graph_clustering_full_20260726/plots/TabulaMuris_cpu_threads1_louvain_seed4.png","success",,0.38232421875
"TabulaMuris","cpu",1,"louvain",17,100102,2178521,1.788,0.970301634292769,81,0.471078877298304,0.734391838094413,"skipped_size_policy",,,,,,"/Users/stefano/Documents/umap/results/local_graph_clustering_full_20260726/cache/TabulaMuris_cpu_t1_louvain_seed17_membership.rds","/Users/stefano/Documents/umap/results/local_graph_clustering_full_20260726/plots/TabulaMuris_cpu_threads1_louvain_seed17.png","success",,0.39276123046875
"TabulaMuris","cpu",1,"louvain",42,100102,2178521,1.835,0.9701231314133,80,0.46670773373082,0.733005068097099,"skipped_size_policy",,,,,,"/Users/stefano/Documents/umap/results/local_graph_clustering_full_20260726/cache/TabulaMuris_cpu_t1_louvain_seed42_membership.rds","/Users/stefano/Documents/umap/results/local_graph_clustering_full_20260726/plots/TabulaMuris_cpu_threads1_louvain_seed42.png","success",,0.37713623046875
"TabulaMuris","cpu",1,"leiden",4,100102,2178521,8.687,0.971222543370484,84,0.475588844716143,0.73691275475095,"skipped_size_policy",,,,,,"/Users/stefano/Documents/umap/results/local_graph_clustering_full_20260726/cache/TabulaMuris_cpu_t1_leiden_seed4_membership.rds","/Users/stefano/Documents/umap/results/local_graph_clustering_full_20260726/plots/TabulaMuris_cpu_threads1_leiden_seed4.png","success",,0.39141845703125
"TabulaMuris","cpu",1,"leiden",17,100102,2178521,8.558,0.971150206010332,84,0.472746603359608,0.736736354006944,"skipped_size_policy",,,,,,"/Users/stefano/Documents/umap/results/local_graph_clustering_full_20260726/cache/TabulaMuris_cpu_t1_leiden_seed17_membership.rds","/Users/stefano/Documents/umap/results/local_graph_clustering_full_20260726/plots/TabulaMuris_cpu_threads1_leiden_seed17.png","success",,0.393722534179688
"TabulaMuris","cpu",1,"leiden",42,100102,2178521,8.193,0.971167043766744,84,0.476630366742985,0.737202622141276,"skipped_size_policy",,,,,,"/Users/stefano/Documents/umap/results/local_graph_clustering_full_20260726/cache/TabulaMuris_cpu_t1_leiden_seed42_membership.rds","/Users/stefano/Documents/umap/results/local_graph_clustering_full_20260726/plots/TabulaMuris_cpu_threads1_leiden_seed42.png","success",,0.438491821289062
"TabulaMuris","cpu",4,"louvain",4,100102,2178521,1.774,0.970214612150791,81,0.469949221787941,0.734302959704995,"skipped_size_policy",,,,,,"/Users/stefano/Documents/umap/results/local_graph_clustering_full_20260726/cache/TabulaMuris_cpu_t4_louvain_seed4_membership.rds","/Users/stefano/Documents/umap/results/local_graph_clustering_full_20260726/plots/TabulaMuris_cpu_threads4_louvain_seed4.png","success",,0.419143676757812
"TabulaMuris","cpu",4,"louvain",17,100102,2178521,1.795,0.970301634292769,81,0.471078877298304,0.734391838094413,"skipped_size_policy",,,,,,"/Users/stefano/Documents/umap/results/local_graph_clustering_full_20260726/cache/TabulaMuris_cpu_t4_louvain_seed17_membership.rds","/Users/stefano/Documents/umap/results/local_graph_clustering_full_20260726/plots/TabulaMuris_cpu_threads4_louvain_seed17.png","success",,0.406951904296875
"TabulaMuris","cpu",4,"louvain",42,100102,2178521,1.815,0.9701231314133,80,0.46670773373082,0.733005068097099,"skipped_size_policy",,,,,,"/Users/stefano/Documents/umap/results/local_graph_clustering_full_20260726/cache/TabulaMuris_cpu_t4_louvain_seed42_membership.rds","/Users/stefano/Documents/umap/results/local_graph_clustering_full_20260726/plots/TabulaMuris_cpu_threads4_louvain_seed42.png","success",,0.422286987304688
"TabulaMuris","cpu",4,"leiden",4,100102,2178521,8.895,0.971222543370484,84,0.475588844716143,0.73691275475095,"skipped_size_policy",,,,,,"/Users/stefano/Documents/umap/results/local_graph_clustering_full_20260726/cache/TabulaMuris_cpu_t4_leiden_seed4_membership.rds","/Users/stefano/Documents/umap/results/local_graph_clustering_full_20260726/plots/TabulaMuris_cpu_threads4_leiden_seed4.png","success",,0.3997802734375
"TabulaMuris","cpu",4,"leiden",17,100102,2178521,8.024,0.971150206010332,84,0.472746603359608,0.736736354006944,"skipped_size_policy",,,,,,"/Users/stefano/Documents/umap/results/local_graph_clustering_full_20260726/cache/TabulaMuris_cpu_t4_leiden_seed17_membership.rds","/Users/stefano/Documents/umap/results/local_graph_clustering_full_20260726/plots/TabulaMuris_cpu_threads4_leiden_seed17.png","success",,0.424285888671875
"TabulaMuris","cpu",4,"leiden",42,100102,2178521,8.787,0.971167043766744,84,0.476630366742985,0.737202622141276,"skipped_size_policy",,,,,,"/Users/stefano/Documents/umap/results/local_graph_clustering_full_20260726/cache/TabulaMuris_cpu_t4_leiden_seed42_membership.rds","/Users/stefano/Documents/umap/results/local_graph_clustering_full_20260726/plots/TabulaMuris_cpu_threads4_leiden_seed42.png","success",,0.399917602539062
"TabulaMuris","metal",4,"louvain",4,100102,2180000,1.887,0.970310118577438,79,0.469730619015381,0.735022345386636,"skipped_size_policy",,,,,,"/Users/stefano/Documents/umap/results/local_graph_clustering_full_20260726/cache/TabulaMuris_metal_t4_louvain_seed4_membership.rds","/Users/stefano/Documents/umap/results/local_graph_clustering_full_20260726/plots/TabulaMuris_metal_threads4_louvain_seed4.png","success",,0.41357421875
"TabulaMuris","metal",4,"louvain",17,100102,2180000,2.059,0.9702192384142,79,0.471433430171777,0.734783452824349,"skipped_size_policy",,,,,,"/Users/stefano/Documents/umap/results/local_graph_clustering_full_20260726/cache/TabulaMuris_metal_t4_louvain_seed17_membership.rds","/Users/stefano/Documents/umap/results/local_graph_clustering_full_20260726/plots/TabulaMuris_metal_threads4_louvain_seed17.png","success",,0.37982177734375
"TabulaMuris","metal",4,"louvain",42,100102,2180000,1.877,0.970350871957512,80,0.473051943476712,0.737926730453464,"skipped_size_policy",,,,,,"/Users/stefano/Documents/umap/results/local_graph_clustering_full_20260726/cache/TabulaMuris_metal_t4_louvain_seed42_membership.rds","/Users/stefano/Documents/umap/results/local_graph_clustering_full_20260726/plots/TabulaMuris_metal_threads4_louvain_seed42.png","success",,0.37860107421875
"TabulaMuris","metal",4,"leiden",4,100102,2180000,7.324,0.971166199485393,83,0.470309536973522,0.737251887961916,"skipped_size_policy",,,,,,"/Users/stefano/Documents/umap/results/local_graph_clustering_full_20260726/cache/TabulaMuris_metal_t4_leiden_seed4_membership.rds","/Users/stefano/Documents/umap/results/local_graph_clustering_full_20260726/plots/TabulaMuris_metal_threads4_leiden_seed4.png","success",,0.383697509765625
"TabulaMuris","metal",4,"leiden",17,100102,2180000,7.959,0.971213605087032,83,0.476897291251669,0.737769843691927,"skipped_size_policy",,,,,,"/Users/stefano/Documents/umap/results/local_graph_clustering_full_20260726/cache/TabulaMuris_metal_t4_leiden_seed17_membership.rds","/Users/stefano/Documents/umap/results/local_graph_clustering_full_20260726/plots/TabulaMuris_metal_threads4_leiden_seed17.png","success",,0.392745971679688
"TabulaMuris","metal",4,"leiden",42,100102,2180000,7.334,0.971219468090175,82,0.46982582454424,0.736972908690365,"skipped_size_policy",,,,,,"/Users/stefano/Documents/umap/results/local_graph_clustering_full_20260726/cache/TabulaMuris_metal_t4_leiden_seed42_membership.rds","/Users/stefano/Documents/umap/results/local_graph_clustering_full_20260726/plots/TabulaMuris_metal_threads4_leiden_seed42.png","success",,0.428268432617188
