"dataset","runtime_candidate","trust_candidate","preserve30_candidate","label_accuracy_candidate","peak_ram_gb_candidate","runtime_reference","trust_reference","preserve30_reference","label_accuracy_reference","peak_ram_gb_reference","speedup","trust_delta","preserve30_delta","label_accuracy_delta","ram_ratio","candidate","reference","family"
"COIL20",16.438,0.905713000449843,0.574358974358974,0.576923076923077,1.01515197753906,8.238,0.844871794871795,0.527991452991453,0.58974358974359,1.58675765991211,0.501155858376932,0.0608412055780481,0.046367521367521,-0.012820512820513,0.639764976836658,"fastEmbedR_opentsne_cpu_full","Rtsne_full","t-SNE"
"FashionMNIST",69.958,0.962753205479008,0.553174603174603,0.736694677871149,1.74129486083984,101.257,0.924170169756277,0.515686274509804,0.714285714285714,2.63107681274414,1.44739700963435,0.038583035722731,0.037488328664799,0.022408963585435,0.661818329440454,"fastEmbedR_opentsne_cpu_full","Rtsne_full","t-SNE"
"MNIST",69.556,0.923649266749633,0.477124183006536,0.952380952380952,1.74161148071289,125.833,0.906553648955964,0.468534080298786,0.956582633053221,2.14950942993164,1.80908907930301,0.017095617793669,0.00859010270774996,-0.004201680672269,0.810236724929501,"fastEmbedR_opentsne_cpu_full","Rtsne_full","t-SNE"
"Macosko2015_retina",19.013,0.925181301635475,0.418516666666667,0.9675,0.607166290283203,52.268,0.919542286292362,0.4127,0.9675,0.546253204345703,2.74906642823331,0.00563901534311295,0.00581666666666697,0,1.11151071600662,"fastEmbedR_opentsne_cpu_full","Rtsne_full","t-SNE"
"MetRef",1.761,0.884126586258788,0.442764413898435,0.707903780068729,0.517345428466797,0.878,0.878097163263931,0.412600229095074,0.698739977090493,0.417247772216797,0.498580352072686,0.00602942299485709,0.030164184803361,0.00916380297823605,1.23989979795025,"fastEmbedR_opentsne_cpu_full","Rtsne_full","t-SNE"
"TabulaMuris",48.91,0.97680944191536,0.61795,0.84,0.698776245117188,105.214,0.93335397066262,0.562966666666667,0.814,0.586219787597656,2.15117562870579,0.04345547125274,0.054983333333333,0.026,1.19200385231074,"fastEmbedR_opentsne_cpu_full","Rtsne_full","t-SNE"
"USPS",12.508,0.948599271936974,0.453973333333333,0.74,0.563934326171875,12.193,0.942293985330073,0.45736,0.7592,0.517940521240234,0.974816117684682,0.006305286606901,-0.00338666666666698,-0.0192,1.0888013257227,"fastEmbedR_opentsne_cpu_full","Rtsne_full","t-SNE"
"flow18",356.27,0.975126740853145,0.4387,0.955,1.94469833374023,1925.527,0.77698406676783,0.2256,0.7445,3.26904678344727,5.40468464928285,0.198142674085315,0.2131,0.2105,0.594882380878474,"fastEmbedR_opentsne_cpu_full","Rtsne_full","t-SNE"
"mass41",339.476,0.973045624683864,0.409116666666667,0.879,1.94624328613281,2307.297,0.868080374304502,0.29875,0.762,3.40436553955078,6.79664247251647,0.104965250379362,0.110366666666667,0.117,0.571690455540689,"fastEmbedR_opentsne_cpu_full","Rtsne_full","t-SNE"
"COIL20",6.42,0.9052888631836,0.572222222222222,0.576923076923077,1.24110412597656,8.238,0.844871794871795,0.527991452991453,0.58974358974359,1.58675765991211,1.28317757009346,0.060417068311805,0.044230769230769,-0.012820512820513,0.782163626703592,"fastEmbedR_opentsne_cuda_full","Rtsne_full","t-SNE"
"FashionMNIST",1.868,0.965552839563225,0.5562558356676,0.742296918767507,1.45217895507812,101.257,0.924170169756277,0.515686274509804,0.714285714285714,2.63107681274414,54.2061027837259,0.041382669806948,0.040569561157796,0.0280112044817931,0.551933317964798,"fastEmbedR_opentsne_cuda_full","Rtsne_full","t-SNE"
"MNIST",1.938,0.924249082170254,0.474276377217554,0.96218487394958,1.45226669311523,125.833,0.906553648955964,0.468534080298786,0.956582633053221,2.14950942993164,64.9293085655315,0.01769543321429,0.00574229691876799,0.00560224089635897,0.675627039775962,"fastEmbedR_opentsne_cuda_full","Rtsne_full","t-SNE"
"Macosko2015_retina",0.916,0.924561355589277,0.423583333333333,0.966,0.987293243408203,52.268,0.919542286292362,0.4127,0.9675,0.546253204345703,57.061135371179,0.00501906929691498,0.010883333333333,-0.00150000000000006,1.80739121629643,"fastEmbedR_opentsne_cuda_full","Rtsne_full","t-SNE"
"MetRef",0.701,0.885633223277856,0.451355479190531,0.722794959908362,0.990623474121094,0.878,0.878097163263931,0.412600229095074,0.698739977090493,0.417247772216797,1.25249643366619,0.00753606001392504,0.038755250095457,0.024054982817869,2.37418517265654,"fastEmbedR_opentsne_cuda_full","Rtsne_full","t-SNE"
"TabulaMuris",3.088,0.983247091552858,0.631933333333333,0.8405,0.817470550537109,105.214,0.93335397066262,0.562966666666667,0.814,0.586219787597656,34.0718911917098,0.049893120890238,0.0689666666666661,0.0265000000000001,1.39447792079337,"fastEmbedR_opentsne_cuda_full","Rtsne_full","t-SNE"
"USPS",0.767,0.954678663406683,0.456853333333333,0.7376,0.987209320068359,12.193,0.942293985330073,0.45736,0.7592,0.517940521240234,15.897001303781,0.0123846780766099,-0.000506666666666988,-0.0216,1.90602835573559,"fastEmbedR_opentsne_cuda_full","Rtsne_full","t-SNE"
"flow18",5.471,0.977266885853988,0.441033333333333,0.956,0.944881439208984,1925.527,0.77698406676783,0.2256,0.7445,3.26904678344727,351.951562785597,0.200282819086158,0.215433333333333,0.2115,0.289038824403911,"fastEmbedR_opentsne_cuda_full","Rtsne_full","t-SNE"
"mass41",5.773,0.975007975046367,0.415983333333333,0.887,0.926914215087891,2307.297,0.868080374304502,0.29875,0.762,3.40436553955078,399.67036203014,0.106927600741865,0.117233333333333,0.125,0.272272235257734,"fastEmbedR_opentsne_cuda_full","Rtsne_full","t-SNE"
"COIL20",13.469,0.826791337317653,0.48482905982906,0.628205128205128,0.543449401855469,23.495,0.860404215667374,0.581623931623932,0.647435897435897,1.06206512451172,1.74437597445987,-0.033612878349721,-0.096794871794872,-0.019230769230769,0.511691222424159,"fastEmbedR_umap_cpu_fuzzy_full","uwot_fast_sgd","UMAP"
"FashionMNIST",47.722,0.966259267817112,0.580999066293184,0.728291316526611,0.808822631835938,61.679,0.944238650597721,0.545331465919701,0.717086834733894,1.40840148925781,1.29246469133733,0.022020617219391,0.0356676003734829,0.011204481792717,0.574284135599832,"fastEmbedR_umap_cpu_fuzzy_full","uwot_fast_sgd","UMAP"
"MNIST",50.042,0.925011451758706,0.490056022408964,0.959383753501401,0.79296875,65.338,0.928768439358377,0.491316526610644,0.96218487394958,1.61708450317383,1.30566324287598,-0.00375698759967102,-0.00126050420168,-0.00280112044817893,0.490369395318334,"fastEmbedR_umap_cpu_fuzzy_full","uwot_fast_sgd","UMAP"
"Macosko2015_retina",17.928,0.91882505479683,0.4069,0.9635,0.528007507324219,20.831,0.918991316809981,0.40715,0.964,0.73126220703125,1.16192547969656,-0.000166262013151064,-0.000250000000000028,-0.000499999999999945,0.722049495033804,"fastEmbedR_umap_cpu_fuzzy_full","uwot_fast_sgd","UMAP"
"MetRef",0.669,0.86227702535768,0.414471172203131,0.703321878579611,0.420673370361328,1.578,0.864647305886845,0.422947689957999,0.725085910652921,0.485088348388672,2.35874439461883,-0.00237028052916499,-0.00847651775486796,-0.02176403207331,0.86720980159323,"fastEmbedR_umap_cpu_fuzzy_full","uwot_fast_sgd","UMAP"
"TabulaMuris",33.012,0.970258978249874,0.6115,0.819,0.710742950439453,59.054,0.981968942842691,0.640133333333333,0.827,0.915767669677734,1.78886465527687,-0.011709964592817,-0.028633333333333,-0.00800000000000001,0.776117102593903,"fastEmbedR_umap_cpu_fuzzy_full","uwot_fast_sgd","UMAP"
"USPS",5.857,0.889570268948655,0.366933333333333,0.7112,0.429542541503906,7.497,0.886037881010595,0.3724,0.7128,0.579704284667969,1.28000682943486,0.00353238793805999,-0.00546666666666701,-0.00159999999999993,0.740968374504823,"fastEmbedR_umap_cpu_fuzzy_full","uwot_fast_sgd","UMAP"
"flow18",398.817,0.964973882987692,0.4298,0.954,3.67353439331055,789.126,0.966161406170966,0.429433333333333,0.9555,6.57590103149414,1.97866690737857,-0.00118752318327398,0.000366666666667015,-0.00150000000000006,0.558635900345336,"fastEmbedR_umap_cpu_fuzzy_full","uwot_fast_sgd","UMAP"
"mass41",411.15,0.971090574945203,0.4102,0.9075,3.78664398193359,407.708,0.971277491148204,0.41075,0.8965,6.0094108581543,0.991628359479509,-0.000186916203001042,-0.000549999999999995,0.011,0.63011900356179,"fastEmbedR_umap_cpu_fuzzy_full","uwot_fast_sgd","UMAP"
"COIL20",0.602,0.859902962534541,0.514102564102564,0.602564102564103,1.03472900390625,23.495,0.860404215667374,0.581623931623932,0.647435897435897,1.06206512451172,39.0282392026578,-0.000501253132833002,-0.067521367521368,-0.044871794871794,0.974261351799836,"fastEmbedR_umap_cuda_fuzzy_full","uwot_fast_sgd","UMAP"
"FashionMNIST",0.972,0.964485359990595,0.574743230625584,0.735294117647059,1.12826156616211,61.679,0.944238650597721,0.545331465919701,0.717086834733894,1.40840148925781,63.4557613168724,0.020246709392874,0.0294117647058829,0.018207282913165,0.801093704293563,"fastEmbedR_umap_cuda_fuzzy_full","uwot_fast_sgd","UMAP"
"MNIST",0.991,0.927346664666832,0.490429505135387,0.963585434173669,1.13073348999023,65.338,0.928768439358377,0.491316526610644,0.96218487394958,1.61708450317383,65.9313824419778,-0.00142177469154503,-0.000887021475256988,0.00140056022408908,0.699242054308822,"fastEmbedR_umap_cuda_fuzzy_full","uwot_fast_sgd","UMAP"
"Macosko2015_retina",0.656,0.912367442252571,0.399033333333333,0.9645,0.941627502441406,20.831,0.918991316809981,0.40715,0.964,0.73126220703125,31.7545731707317,-0.00662387455740998,-0.00811666666666699,0.000500000000000056,1.28767423420416,"fastEmbedR_umap_cuda_fuzzy_full","uwot_fast_sgd","UMAP"
"MetRef",0.58,0.870686970779148,0.42401680030546,0.717067583046964,0.909629821777344,1.578,0.864647305886845,0.422947689957999,0.725085910652921,0.485088348388672,2.72068965517241,0.00603966489230301,0.00106911034746104,-0.008018327605957,1.87518381919269,"fastEmbedR_umap_cuda_fuzzy_full","uwot_fast_sgd","UMAP"
"TabulaMuris",0.891,0.96363631765301,0.603483333333333,0.8135,0.771785736083984,59.054,0.981968942842691,0.640133333333333,0.827,0.915767669677734,66.2783389450056,-0.0183326251896809,-0.03665,-0.0135,0.842774604999521,"fastEmbedR_umap_cuda_fuzzy_full","uwot_fast_sgd","UMAP"
"USPS",0.628,0.888755490355882,0.36496,0.7072,0.914051055908203,7.497,0.886037881010595,0.3724,0.7128,0.579704284667969,11.937898089172,0.00271760934528698,-0.00744,-0.00559999999999994,1.57675401076557,"fastEmbedR_umap_cuda_fuzzy_full","uwot_fast_sgd","UMAP"
"flow18",1.77,0.964518007081437,0.427016666666667,0.952,0.898582458496094,789.126,0.966161406170966,0.429433333333333,0.9555,6.57590103149414,445.833898305085,-0.00164339908952904,-0.00241666666666601,-0.00350000000000006,0.13664780753124,"fastEmbedR_umap_cuda_fuzzy_full","uwot_fast_sgd","UMAP"
"mass41",2.151,0.970044275838813,0.409,0.9005,0.876422882080078,407.708,0.971277491148204,0.41075,0.8965,6.0094108581543,189.543468154347,-0.00123321530939102,-0.00175000000000003,0.004,0.145841731039381,"fastEmbedR_umap_cuda_fuzzy_full","uwot_fast_sgd","UMAP"
