"dataset","method","method_label","family","backend","profile","timing_interface","n_runs","runtime","runtime_q1","runtime_q3","dataset_label","display_label"
"mass41","fastEmbedR_umap_cpu_binary_full","fastEmbedR binary","UMAP","cpu","cpu4","R public function",3,844.689,831.2275,846.19,"mass41","fastEmbedR binary [CPU]"
"TabulaMuris","fastEmbedR_umap_cpu_binary_full","fastEmbedR binary","UMAP","cpu","cpu4","R public function",3,105.016,104.9,106.388,"Tabula Muris","fastEmbedR binary [CPU]"
"MNIST","fastEmbedR_umap_cpu_binary_full","fastEmbedR binary","UMAP","cpu","cpu4","R public function",3,113.974,113.3575,114.453,"MNIST","fastEmbedR binary [CPU]"
"MetRef","fastEmbedR_umap_cpu_binary_full","fastEmbedR binary","UMAP","cpu","cpu4","R public function",3,0.955,0.9475,0.958,"MetRef","fastEmbedR binary [CPU]"
"FashionMNIST","fastEmbedR_umap_cpu_binary_full","fastEmbedR binary","UMAP","cpu","cpu4","R public function",3,121.761,119.985,123.1265,"Fashion-MNIST","fastEmbedR binary [CPU]"
"imagenet","fastEmbedR_umap_cpu_binary_full","fastEmbedR binary","UMAP","cpu","cpu4","R public function",3,2140.43,2138.4165,2217.4195,"ImageNet","fastEmbedR binary [CPU]"
"Macosko2015_retina","fastEmbedR_umap_cpu_binary_full","fastEmbedR binary","UMAP","cpu","cpu4","R public function",3,65.488,64.2645,66.4585,"Retina","fastEmbedR binary [CPU]"
"flow18","fastEmbedR_umap_cpu_binary_full","fastEmbedR binary","UMAP","cpu","cpu4","R public function",3,878.961,877.1695,881.754,"flow18","fastEmbedR binary [CPU]"
"COIL20","fastEmbedR_umap_cpu_binary_full","fastEmbedR binary","UMAP","cpu","cpu4","R public function",3,13.705,13.4485,14.0435,"COIL-20","fastEmbedR binary [CPU]"
"USPS","fastEmbedR_umap_cpu_binary_full","fastEmbedR binary","UMAP","cpu","cpu4","R public function",3,15.192,14.6225,15.254,"USPS","fastEmbedR binary [CPU]"
"TabulaMuris","fastEmbedR_umap_cpu_fuzzy_full","fastEmbedR fuzzy","UMAP","cpu","cpu4","R public function",3,33.012,32.0025,33.3695,"Tabula Muris","fastEmbedR fuzzy [CPU]"
"mass41","fastEmbedR_umap_cpu_fuzzy_full","fastEmbedR fuzzy","UMAP","cpu","cpu4","R public function",3,411.15,399.5725,414.45,"mass41","fastEmbedR fuzzy [CPU]"
"FashionMNIST","fastEmbedR_umap_cpu_fuzzy_full","fastEmbedR fuzzy","UMAP","cpu","cpu4","R public function",3,47.722,47.275,49.5005,"Fashion-MNIST","fastEmbedR fuzzy [CPU]"
"USPS","fastEmbedR_umap_cpu_fuzzy_full","fastEmbedR fuzzy","UMAP","cpu","cpu4","R public function",3,5.857,5.8335,5.9685,"USPS","fastEmbedR fuzzy [CPU]"
"flow18","fastEmbedR_umap_cpu_fuzzy_full","fastEmbedR fuzzy","UMAP","cpu","cpu4","R public function",3,398.817,396.601,400.715,"flow18","fastEmbedR fuzzy [CPU]"
"COIL20","fastEmbedR_umap_cpu_fuzzy_full","fastEmbedR fuzzy","UMAP","cpu","cpu4","R public function",3,13.469,13.447,13.8275,"COIL-20","fastEmbedR fuzzy [CPU]"
"Macosko2015_retina","fastEmbedR_umap_cpu_fuzzy_full","fastEmbedR fuzzy","UMAP","cpu","cpu4","R public function",3,17.928,17.3765,18.6075,"Retina","fastEmbedR fuzzy [CPU]"
"MetRef","fastEmbedR_umap_cpu_fuzzy_full","fastEmbedR fuzzy","UMAP","cpu","cpu4","R public function",3,0.669,0.665,0.6835,"MetRef","fastEmbedR fuzzy [CPU]"
"MNIST","fastEmbedR_umap_cpu_fuzzy_full","fastEmbedR fuzzy","UMAP","cpu","cpu4","R public function",3,50.042,49.136,50.1945,"MNIST","fastEmbedR fuzzy [CPU]"
"imagenet","fastEmbedR_umap_cpu_fuzzy_full","fastEmbedR fuzzy","UMAP","cpu","cpu4","R public function",3,1166.129,1142.6765,1180.3525,"ImageNet","fastEmbedR fuzzy [CPU]"
"flow18","fastEmbedR_umap_cuda_binary_full","fastEmbedR binary","UMAP","cuda","cuda","R public function",3,2.562,2.5545,2.564,"flow18","fastEmbedR binary [CUDA]"
"TabulaMuris","fastEmbedR_umap_cuda_binary_full","fastEmbedR binary","UMAP","cuda","cuda","R public function",3,0.981,0.969,1.042,"Tabula Muris","fastEmbedR binary [CUDA]"
"MetRef","fastEmbedR_umap_cuda_binary_full","fastEmbedR binary","UMAP","cuda","cuda","R public function",3,0.578,0.5725,0.5795,"MetRef","fastEmbedR binary [CUDA]"
"Macosko2015_retina","fastEmbedR_umap_cuda_binary_full","fastEmbedR binary","UMAP","cuda","cuda","R public function",3,0.698,0.697,0.711,"Retina","fastEmbedR binary [CUDA]"
"FlowRepository_FR-FCM-ZYRM_files","fastEmbedR_umap_cuda_binary_full","fastEmbedR binary","UMAP","cuda","cuda","R public function",3,81.348,81.2575,81.718,"FlowRepository","fastEmbedR binary [CUDA]"
"MNIST","fastEmbedR_umap_cuda_binary_full","fastEmbedR binary","UMAP","cuda","cuda","R public function",3,1.047,1.0415,1.0535,"MNIST","fastEmbedR binary [CUDA]"
"mass41","fastEmbedR_umap_cuda_binary_full","fastEmbedR binary","UMAP","cuda","cuda","R public function",3,3.009,2.967,3.0185,"mass41","fastEmbedR binary [CUDA]"
"COIL20","fastEmbedR_umap_cuda_binary_full","fastEmbedR binary","UMAP","cuda","cuda","R public function",3,0.615,0.608,0.6265,"COIL-20","fastEmbedR binary [CUDA]"
"USPS","fastEmbedR_umap_cuda_binary_full","fastEmbedR binary","UMAP","cuda","cuda","R public function",3,0.616,0.615,0.621,"USPS","fastEmbedR binary [CUDA]"
"FashionMNIST","fastEmbedR_umap_cuda_binary_full","fastEmbedR binary","UMAP","cuda","cuda","R public function",3,1.04,1.037,1.0475,"Fashion-MNIST","fastEmbedR binary [CUDA]"
"COIL20","fastEmbedR_umap_cuda_fuzzy_full","fastEmbedR fuzzy","UMAP","cuda","cuda","R public function",3,0.602,0.6,0.6175,"COIL-20","fastEmbedR fuzzy [CUDA]"
"Macosko2015_retina","fastEmbedR_umap_cuda_fuzzy_full","fastEmbedR fuzzy","UMAP","cuda","cuda","R public function",3,0.656,0.656,0.6675,"Retina","fastEmbedR fuzzy [CUDA]"
"USPS","fastEmbedR_umap_cuda_fuzzy_full","fastEmbedR fuzzy","UMAP","cuda","cuda","R public function",3,0.628,0.616,0.6345,"USPS","fastEmbedR fuzzy [CUDA]"
"MetRef","fastEmbedR_umap_cuda_fuzzy_full","fastEmbedR fuzzy","UMAP","cuda","cuda","R public function",3,0.58,0.5735,0.641,"MetRef","fastEmbedR fuzzy [CUDA]"
"mass41","fastEmbedR_umap_cuda_fuzzy_full","fastEmbedR fuzzy","UMAP","cuda","cuda","R public function",3,2.151,2.1435,2.1565,"mass41","fastEmbedR fuzzy [CUDA]"
"flow18","fastEmbedR_umap_cuda_fuzzy_full","fastEmbedR fuzzy","UMAP","cuda","cuda","R public function",3,1.77,1.7645,1.772,"flow18","fastEmbedR fuzzy [CUDA]"
"TabulaMuris","fastEmbedR_umap_cuda_fuzzy_full","fastEmbedR fuzzy","UMAP","cuda","cuda","R public function",3,0.891,0.8695,0.9395,"Tabula Muris","fastEmbedR fuzzy [CUDA]"
"MNIST","fastEmbedR_umap_cuda_fuzzy_full","fastEmbedR fuzzy","UMAP","cuda","cuda","R public function",3,0.991,0.977,0.9965,"MNIST","fastEmbedR fuzzy [CUDA]"
"FlowRepository_FR-FCM-ZYRM_files","fastEmbedR_umap_cuda_fuzzy_full","fastEmbedR fuzzy","UMAP","cuda","cuda","R public function",3,76.84,76.797,77.098,"FlowRepository","fastEmbedR fuzzy [CUDA]"
"FashionMNIST","fastEmbedR_umap_cuda_fuzzy_full","fastEmbedR fuzzy","UMAP","cuda","cuda","R public function",3,0.972,0.968,0.9745,"Fashion-MNIST","fastEmbedR fuzzy [CUDA]"
"USPS","umap_package","umap","UMAP","cpu","cpu4","R public function",3,91.252,88.6555,95.805,"USPS","umap [CPU]"
"TabulaMuris","umap_package","umap","UMAP","cpu","cpu4","R public function",3,837.215,828.3415,865.881,"Tabula Muris","umap [CPU]"
"COIL20","umap_package","umap","UMAP","cpu","cpu4","R public function",3,40.474,39.704,41.0005,"COIL-20","umap [CPU]"
"MetRef","umap_package","umap","UMAP","cpu","cpu4","R public function",3,3.827,3.802,3.9105,"MetRef","umap [CPU]"
"MNIST","umap_package","umap","UMAP","cpu","cpu4","R public function",3,1038.809,1038.5775,1061.974,"MNIST","umap [CPU]"
"FashionMNIST","umap_package","umap","UMAP","cpu","cpu4","R public function",3,1188.269,1185.6455,1210.619,"Fashion-MNIST","umap [CPU]"
"Macosko2015_retina","umap_package","umap","UMAP","cpu","cpu4","R public function",3,465.905,455.8465,467.0055,"Retina","umap [CPU]"
"mass41","uwot_default","uwot default","UMAP","cpu","cpu4","R public function",3,913.797,913.2705,913.8045,"mass41","uwot default [CPU]"
"USPS","uwot_default","uwot default","UMAP","cpu","cpu4","R public function",3,9.936,9.8625,10.038,"USPS","uwot default [CPU]"
"FashionMNIST","uwot_default","uwot default","UMAP","cpu","cpu4","R public function",3,78.885,77.2825,79.6105,"Fashion-MNIST","uwot default [CPU]"
"flow18","uwot_default","uwot default","UMAP","cpu","cpu4","R public function",3,1339.36,1320.773,1347.8855,"flow18","uwot default [CPU]"
"COIL20","uwot_default","uwot default","UMAP","cpu","cpu4","R public function",3,22.766,22.738,22.9155,"COIL-20","uwot default [CPU]"
"MNIST","uwot_default","uwot default","UMAP","cpu","cpu4","R public function",3,80.129,79.4495,81.1455,"MNIST","uwot default [CPU]"
"MetRef","uwot_default","uwot default","UMAP","cpu","cpu4","R public function",3,2.206,2.2015,2.2115,"MetRef","uwot default [CPU]"
"TabulaMuris","uwot_default","uwot default","UMAP","cpu","cpu4","R public function",3,84.374,82.6495,84.382,"Tabula Muris","uwot default [CPU]"
"Macosko2015_retina","uwot_default","uwot default","UMAP","cpu","cpu4","R public function",3,31.439,31.1245,32.0445,"Retina","uwot default [CPU]"
"flow18","uwot_fast_sgd","uwot fast SGD","UMAP","cpu","cpu4","R public function",3,789.126,784.3195,796.48,"flow18","uwot fast SGD [CPU]"
"MNIST","uwot_fast_sgd","uwot fast SGD","UMAP","cpu","cpu4","R public function",3,65.338,65.188,65.371,"MNIST","uwot fast SGD [CPU]"
"COIL20","uwot_fast_sgd","uwot fast SGD","UMAP","cpu","cpu4","R public function",3,23.495,23.383,24.4705,"COIL-20","uwot fast SGD [CPU]"
"Macosko2015_retina","uwot_fast_sgd","uwot fast SGD","UMAP","cpu","cpu4","R public function",3,20.831,20.275,21.59,"Retina","uwot fast SGD [CPU]"
"TabulaMuris","uwot_fast_sgd","uwot fast SGD","UMAP","cpu","cpu4","R public function",3,59.054,58.2395,59.3975,"Tabula Muris","uwot fast SGD [CPU]"
"FashionMNIST","uwot_fast_sgd","uwot fast SGD","UMAP","cpu","cpu4","R public function",3,61.679,60.8655,62.465,"Fashion-MNIST","uwot fast SGD [CPU]"
"mass41","uwot_fast_sgd","uwot fast SGD","UMAP","cpu","cpu4","R public function",3,407.708,401.999,408.693,"mass41","uwot fast SGD [CPU]"
"USPS","uwot_fast_sgd","uwot fast SGD","UMAP","cpu","cpu4","R public function",3,7.497,7.3935,7.5195,"USPS","uwot fast SGD [CPU]"
"MetRef","uwot_fast_sgd","uwot fast SGD","UMAP","cpu","cpu4","R public function",3,1.578,1.5615,1.622,"MetRef","uwot fast SGD [CPU]"
"COIL20","python_umap_learn","Python umap-learn via R","UMAP","cpu","cpu4","R/reticulate",3,20.974,20.8005,21.005,"COIL-20","Python umap-learn via R [CPU]"
"MNIST","python_umap_learn","Python umap-learn via R","UMAP","cpu","cpu4","R/reticulate",3,83.356,83.1485,84.211,"MNIST","Python umap-learn via R [CPU]"
"Macosko2015_retina","python_umap_learn","Python umap-learn via R","UMAP","cpu","cpu4","R/reticulate",3,50.987,50.5515,51.574,"Retina","Python umap-learn via R [CPU]"
"MetRef","python_umap_learn","Python umap-learn via R","UMAP","cpu","cpu4","R/reticulate",3,15.081,14.6945,15.102,"MetRef","Python umap-learn via R [CPU]"
"FashionMNIST","python_umap_learn","Python umap-learn via R","UMAP","cpu","cpu4","R/reticulate",3,79.73,77.004,80.1735,"Fashion-MNIST","Python umap-learn via R [CPU]"
"TabulaMuris","python_umap_learn","Python umap-learn via R","UMAP","cpu","cpu4","R/reticulate",3,90.442,88.7825,93.868,"Tabula Muris","Python umap-learn via R [CPU]"
"USPS","python_umap_learn","Python umap-learn via R","UMAP","cpu","cpu4","R/reticulate",3,22.939,22.5165,23.2385,"USPS","Python umap-learn via R [CPU]"
"flow18","python_umap_learn","Python umap-learn via R","UMAP","cpu","cpu4","R/reticulate",3,1143.379,1106.332,1154.2565,"flow18","Python umap-learn via R [CPU]"
"mass41","python_umap_learn","Python umap-learn via R","UMAP","cpu","cpu4","R/reticulate",3,1118.253,1084.5035,1118.6075,"mass41","Python umap-learn via R [CPU]"
"FashionMNIST","python_umap_learn_direct","Python umap-learn direct","UMAP","cpu","cpu4","direct Python",3,77.2495644148439,73.1501032384112,77.4797252453863,"Fashion-MNIST","Python umap-learn direct [CPU]"
"MNIST","python_umap_learn_direct","Python umap-learn direct","UMAP","cpu","cpu4","direct Python",3,81.752477925038,81.6330028244993,82.3135749894427,"MNIST","Python umap-learn direct [CPU]"
"Macosko2015_retina","python_umap_learn_direct","Python umap-learn direct","UMAP","cpu","cpu4","direct Python",3,49.5112347989343,49.3873907953966,49.5538525304291,"Retina","Python umap-learn direct [CPU]"
"MetRef","python_umap_learn_direct","Python umap-learn direct","UMAP","cpu","cpu4","direct Python",3,12.4954642071389,12.3284325001296,12.7064031065674,"MetRef","Python umap-learn direct [CPU]"
"TabulaMuris","python_umap_learn_direct","Python umap-learn direct","UMAP","cpu","cpu4","direct Python",3,85.8204787860159,85.7404421430547,87.7716002280359,"Tabula Muris","Python umap-learn direct [CPU]"
"USPS","python_umap_learn_direct","Python umap-learn direct","UMAP","cpu","cpu4","direct Python",3,21.3630882289726,20.9046891705365,21.4163335064659,"USPS","Python umap-learn direct [CPU]"
"flow18","python_umap_learn_direct","Python umap-learn direct","UMAP","cpu","cpu4","direct Python",3,1126.65822762297,1109.20507570845,1146.921354071,"flow18","Python umap-learn direct [CPU]"
"mass41","python_umap_learn_direct","Python umap-learn direct","UMAP","cpu","cpu4","direct Python",3,1121.98841348523,1091.36205221363,1128.05325653544,"mass41","Python umap-learn direct [CPU]"
"COIL20","python_umap_learn_direct","Python umap-learn direct","UMAP","cpu","cpu4","direct Python",3,19.3118180399761,18.3453930753749,19.388034429634,"COIL-20","Python umap-learn direct [CPU]"
"COIL20","rapids_cuml_umap_full","RAPIDS cuML UMAP via R","UMAP","cuda","cuda","R/reticulate",3,3.358,3.348,3.401,"COIL-20","RAPIDS cuML UMAP via R [CUDA]"
"FashionMNIST","rapids_cuml_umap_full","RAPIDS cuML UMAP via R","UMAP","cuda","cuda","R/reticulate",3,4.135,4.134,4.2345,"Fashion-MNIST","RAPIDS cuML UMAP via R [CUDA]"
"FlowRepository_FR-FCM-ZYRM_files","rapids_cuml_umap_full","RAPIDS cuML UMAP via R","UMAP","cuda","cuda","R/reticulate",3,199.395,198.3515,200.149,"FlowRepository","RAPIDS cuML UMAP via R [CUDA]"
"MNIST","rapids_cuml_umap_full","RAPIDS cuML UMAP via R","UMAP","cuda","cuda","R/reticulate",3,4.099,4.0905,4.1205,"MNIST","RAPIDS cuML UMAP via R [CUDA]"
"Macosko2015_retina","rapids_cuml_umap_full","RAPIDS cuML UMAP via R","UMAP","cuda","cuda","R/reticulate",3,3.157,3.151,3.2065,"Retina","RAPIDS cuML UMAP via R [CUDA]"
"MetRef","rapids_cuml_umap_full","RAPIDS cuML UMAP via R","UMAP","cuda","cuda","R/reticulate",3,3.009,3.007,3.014,"MetRef","RAPIDS cuML UMAP via R [CUDA]"
"TabulaMuris","rapids_cuml_umap_full","RAPIDS cuML UMAP via R","UMAP","cuda","cuda","R/reticulate",3,3.638,3.622,3.6435,"Tabula Muris","RAPIDS cuML UMAP via R [CUDA]"
"USPS","rapids_cuml_umap_full","RAPIDS cuML UMAP via R","UMAP","cuda","cuda","R/reticulate",3,2.979,2.9775,2.987,"USPS","RAPIDS cuML UMAP via R [CUDA]"
"flow18","rapids_cuml_umap_full","RAPIDS cuML UMAP via R","UMAP","cuda","cuda","R/reticulate",3,12.095,11.9695,12.1205,"flow18","RAPIDS cuML UMAP via R [CUDA]"
"imagenet","rapids_cuml_umap_full","RAPIDS cuML UMAP via R","UMAP","cuda","cuda","R/reticulate",3,326.833,326.189,327.8085,"ImageNet","RAPIDS cuML UMAP via R [CUDA]"
"mass41","rapids_cuml_umap_full","RAPIDS cuML UMAP via R","UMAP","cuda","cuda","R/reticulate",3,9.576,9.5345,9.6345,"mass41","RAPIDS cuML UMAP via R [CUDA]"
"COIL20","rapids_cuml_umap_full_direct","RAPIDS cuML UMAP direct","UMAP","cuda","cuda","direct Python",3,1.86406767833978,1.86252010241151,1.86959386244417,"COIL-20","RAPIDS cuML UMAP direct [CUDA]"
"FashionMNIST","rapids_cuml_umap_full_direct","RAPIDS cuML UMAP direct","UMAP","cuda","cuda","direct Python",3,2.60256805364043,2.59907742682844,2.60710952151567,"Fashion-MNIST","RAPIDS cuML UMAP direct [CUDA]"
"FlowRepository_FR-FCM-ZYRM_files","rapids_cuml_umap_full_direct","RAPIDS cuML UMAP direct","UMAP","cuda","cuda","direct Python",3,197.748181656934,196.814913364127,197.921184864827,"FlowRepository","RAPIDS cuML UMAP direct [CUDA]"
"MNIST","rapids_cuml_umap_full_direct","RAPIDS cuML UMAP direct","UMAP","cuda","cuda","direct Python",3,2.56984229385853,2.56647183792666,2.57658606069162,"MNIST","RAPIDS cuML UMAP direct [CUDA]"
"Macosko2015_retina","rapids_cuml_umap_full_direct","RAPIDS cuML UMAP direct","UMAP","cuda","cuda","direct Python",3,1.93199953064322,1.92589293187484,1.94116666447371,"Retina","RAPIDS cuML UMAP direct [CUDA]"
"MetRef","rapids_cuml_umap_full_direct","RAPIDS cuML UMAP direct","UMAP","cuda","cuda","direct Python",3,1.79930601175874,1.79632379487157,1.7995433663018,"MetRef","RAPIDS cuML UMAP direct [CUDA]"
"TabulaMuris","rapids_cuml_umap_full_direct","RAPIDS cuML UMAP direct","UMAP","cuda","cuda","direct Python",3,2.3722264803946,2.35661225859076,2.37270225817337,"Tabula Muris","RAPIDS cuML UMAP direct [CUDA]"
"USPS","rapids_cuml_umap_full_direct","RAPIDS cuML UMAP direct","UMAP","cuda","cuda","direct Python",3,1.75825468637049,1.75695904763416,1.77371809491888,"USPS","RAPIDS cuML UMAP direct [CUDA]"
"flow18","rapids_cuml_umap_full_direct","RAPIDS cuML UMAP direct","UMAP","cuda","cuda","direct Python",3,10.7477177632973,10.6208542222158,10.7515285941773,"flow18","RAPIDS cuML UMAP direct [CUDA]"
"imagenet","rapids_cuml_umap_full_direct","RAPIDS cuML UMAP direct","UMAP","cuda","cuda","direct Python",3,314.316558673978,313.249233205803,315.027831885032,"ImageNet","RAPIDS cuML UMAP direct [CUDA]"
"mass41","rapids_cuml_umap_full_direct","RAPIDS cuML UMAP direct","UMAP","cuda","cuda","direct Python",3,8.14320587273687,8.14034624071791,8.15092507284134,"mass41","RAPIDS cuML UMAP direct [CUDA]"
