"dataset","method","method_label","family","backend","profile","timing_interface","timing_scope","runtime_measure","n_runs","runtime","runtime_q1","runtime_q3","r_public_function_total_call_sec","r_mediated_total_call_sec","direct_python_fit_sec","direct_python_process_total_sec","dataset_label","display_label"
"MNIST","KlugerLab_FItSNE","FIt-SNE","t-SNE","cpu","cpu4","R public function","full_pipeline","r_public_function_total_call_sec",3,116.486,114.558,116.6355,116.486,,,,"MNIST","FIt-SNE [CPU]"
"USPS","KlugerLab_FItSNE","FIt-SNE","t-SNE","cpu","cpu4","R public function","full_pipeline","r_public_function_total_call_sec",3,18.494,18.4125,18.713,18.494,,,,"USPS","FIt-SNE [CPU]"
"FashionMNIST","KlugerLab_FItSNE","FIt-SNE","t-SNE","cpu","cpu4","R public function","full_pipeline","r_public_function_total_call_sec",3,105.28,104.87,106.3135,105.28,,,,"Fashion-MNIST","FIt-SNE [CPU]"
"COIL20","KlugerLab_FItSNE","FIt-SNE","t-SNE","cpu","cpu4","R public function","full_pipeline","r_public_function_total_call_sec",3,21.694,21.5315,21.754,21.694,,,,"COIL-20","FIt-SNE [CPU]"
"Macosko2015_retina","KlugerLab_FItSNE","FIt-SNE","t-SNE","cpu","cpu4","R public function","full_pipeline","r_public_function_total_call_sec",3,36.717,36.684,37.5765,36.717,,,,"Retina","FIt-SNE [CPU]"
"TabulaMuris","KlugerLab_FItSNE","FIt-SNE","t-SNE","cpu","cpu4","R public function","full_pipeline","r_public_function_total_call_sec",3,59.028,58.5645,61.0525,59.028,,,,"Tabula Muris","FIt-SNE [CPU]"
"mass41","KlugerLab_FItSNE","FIt-SNE","t-SNE","cpu","cpu4","R public function","full_pipeline","r_public_function_total_call_sec",3,403.201,402.441,403.5115,403.201,,,,"mass41","FIt-SNE [CPU]"
"flow18","KlugerLab_FItSNE","FIt-SNE","t-SNE","cpu","cpu4","R public function","full_pipeline","r_public_function_total_call_sec",3,464.383,455.6495,466.438,464.383,,,,"flow18","FIt-SNE [CPU]"
"MetRef","KlugerLab_FItSNE","FIt-SNE","t-SNE","cpu","cpu4","R public function","full_pipeline","r_public_function_total_call_sec",3,5.548,5.1425,5.736,5.548,,,,"MetRef","FIt-SNE [CPU]"
"flow18","Rtsne_full","Rtsne","t-SNE","cpu","cpu4","R public function","full_pipeline","r_public_function_total_call_sec",3,1925.527,1893.5205,1970.9645,1925.527,,,,"flow18","Rtsne [CPU]"
"Macosko2015_retina","Rtsne_full","Rtsne","t-SNE","cpu","cpu4","R public function","full_pipeline","r_public_function_total_call_sec",3,52.268,50.235,53.8065,52.268,,,,"Retina","Rtsne [CPU]"
"TabulaMuris","Rtsne_full","Rtsne","t-SNE","cpu","cpu4","R public function","full_pipeline","r_public_function_total_call_sec",3,105.214,103.5255,109.9245,105.214,,,,"Tabula Muris","Rtsne [CPU]"
"USPS","Rtsne_full","Rtsne","t-SNE","cpu","cpu4","R public function","full_pipeline","r_public_function_total_call_sec",3,12.193,12.161,12.968,12.193,,,,"USPS","Rtsne [CPU]"
"COIL20","Rtsne_full","Rtsne","t-SNE","cpu","cpu4","R public function","full_pipeline","r_public_function_total_call_sec",3,8.238,8.194,8.609,8.238,,,,"COIL-20","Rtsne [CPU]"
"MetRef","Rtsne_full","Rtsne","t-SNE","cpu","cpu4","R public function","full_pipeline","r_public_function_total_call_sec",3,0.878,0.864,0.879,0.878,,,,"MetRef","Rtsne [CPU]"
"mass41","Rtsne_full","Rtsne","t-SNE","cpu","cpu4","R public function","full_pipeline","r_public_function_total_call_sec",3,2307.297,2278.5975,2461.8,2307.297,,,,"mass41","Rtsne [CPU]"
"FashionMNIST","Rtsne_full","Rtsne","t-SNE","cpu","cpu4","R public function","full_pipeline","r_public_function_total_call_sec",3,101.257,98.6605,105.2145,101.257,,,,"Fashion-MNIST","Rtsne [CPU]"
"MNIST","Rtsne_full","Rtsne","t-SNE","cpu","cpu4","R public function","full_pipeline","r_public_function_total_call_sec",3,125.833,125.2995,126.935,125.833,,,,"MNIST","Rtsne [CPU]"
"FashionMNIST","fastEmbedR_opentsne_cpu_full","fastEmbedR openTSNE","t-SNE","cpu","cpu4","R public function","full_pipeline","r_public_function_total_call_sec",3,69.958,69.172,69.9805,69.958,,,,"Fashion-MNIST","fastEmbedR openTSNE [CPU]"
"flow18","fastEmbedR_opentsne_cpu_full","fastEmbedR openTSNE","t-SNE","cpu","cpu4","R public function","full_pipeline","r_public_function_total_call_sec",3,356.27,356.091,358.955,356.27,,,,"flow18","fastEmbedR openTSNE [CPU]"
"MetRef","fastEmbedR_opentsne_cpu_full","fastEmbedR openTSNE","t-SNE","cpu","cpu4","R public function","full_pipeline","r_public_function_total_call_sec",3,1.761,1.753,1.767,1.761,,,,"MetRef","fastEmbedR openTSNE [CPU]"
"USPS","fastEmbedR_opentsne_cpu_full","fastEmbedR openTSNE","t-SNE","cpu","cpu4","R public function","full_pipeline","r_public_function_total_call_sec",3,12.508,12.478,12.8965,12.508,,,,"USPS","fastEmbedR openTSNE [CPU]"
"Macosko2015_retina","fastEmbedR_opentsne_cpu_full","fastEmbedR openTSNE","t-SNE","cpu","cpu4","R public function","full_pipeline","r_public_function_total_call_sec",3,19.013,18.328,19.028,19.013,,,,"Retina","fastEmbedR openTSNE [CPU]"
"TabulaMuris","fastEmbedR_opentsne_cpu_full","fastEmbedR openTSNE","t-SNE","cpu","cpu4","R public function","full_pipeline","r_public_function_total_call_sec",3,48.91,47.3595,49.8775,48.91,,,,"Tabula Muris","fastEmbedR openTSNE [CPU]"
"mass41","fastEmbedR_opentsne_cpu_full","fastEmbedR openTSNE","t-SNE","cpu","cpu4","R public function","full_pipeline","r_public_function_total_call_sec",3,339.476,335.8885,340.782,339.476,,,,"mass41","fastEmbedR openTSNE [CPU]"
"COIL20","fastEmbedR_opentsne_cpu_full","fastEmbedR openTSNE","t-SNE","cpu","cpu4","R public function","full_pipeline","r_public_function_total_call_sec",3,16.438,16.356,17.3255,16.438,,,,"COIL-20","fastEmbedR openTSNE [CPU]"
"MNIST","fastEmbedR_opentsne_cpu_full","fastEmbedR openTSNE","t-SNE","cpu","cpu4","R public function","full_pipeline","r_public_function_total_call_sec",3,69.556,68.632,69.6135,69.556,,,,"MNIST","fastEmbedR openTSNE [CPU]"
"imagenet","fastEmbedR_opentsne_cpu_full","fastEmbedR openTSNE","t-SNE","cpu","cpu4","R public function","full_pipeline","r_public_function_total_call_sec",3,1026.293,1022.584,1063.0515,1026.293,,,,"ImageNet","fastEmbedR openTSNE [CPU]"
"Macosko2015_retina","fastEmbedR_opentsne_cuda_full","fastEmbedR openTSNE","t-SNE","cuda","cuda","R public function","full_pipeline","r_public_function_total_call_sec",3,0.916,0.916,1.007,0.916,,,,"Retina","fastEmbedR openTSNE [CUDA]"
"MetRef","fastEmbedR_opentsne_cuda_full","fastEmbedR openTSNE","t-SNE","cuda","cuda","R public function","full_pipeline","r_public_function_total_call_sec",3,0.701,0.701,0.7405,0.701,,,,"MetRef","fastEmbedR openTSNE [CUDA]"
"FlowRepository_FR-FCM-ZYRM_files","fastEmbedR_opentsne_cuda_full","fastEmbedR openTSNE","t-SNE","cuda","cuda","R public function","full_pipeline","r_public_function_total_call_sec",3,90.995,90.963,91.162,90.995,,,,"FlowRepository","fastEmbedR openTSNE [CUDA]"
"MNIST","fastEmbedR_opentsne_cuda_full","fastEmbedR openTSNE","t-SNE","cuda","cuda","R public function","full_pipeline","r_public_function_total_call_sec",3,1.938,1.912,1.9645,1.938,,,,"MNIST","fastEmbedR openTSNE [CUDA]"
"USPS","fastEmbedR_opentsne_cuda_full","fastEmbedR openTSNE","t-SNE","cuda","cuda","R public function","full_pipeline","r_public_function_total_call_sec",3,0.767,0.7615,0.8665,0.767,,,,"USPS","fastEmbedR openTSNE [CUDA]"
"mass41","fastEmbedR_opentsne_cuda_full","fastEmbedR openTSNE","t-SNE","cuda","cuda","R public function","full_pipeline","r_public_function_total_call_sec",3,5.773,5.772,5.882,5.773,,,,"mass41","fastEmbedR openTSNE [CUDA]"
"COIL20","fastEmbedR_opentsne_cuda_full","fastEmbedR openTSNE","t-SNE","cuda","cuda","R public function","full_pipeline","r_public_function_total_call_sec",3,6.42,6.41,6.541,6.42,,,,"COIL-20","fastEmbedR openTSNE [CUDA]"
"TabulaMuris","fastEmbedR_opentsne_cuda_full","fastEmbedR openTSNE","t-SNE","cuda","cuda","R public function","full_pipeline","r_public_function_total_call_sec",3,3.088,3.086,3.172,3.088,,,,"Tabula Muris","fastEmbedR openTSNE [CUDA]"
"flow18","fastEmbedR_opentsne_cuda_full","fastEmbedR openTSNE","t-SNE","cuda","cuda","R public function","full_pipeline","r_public_function_total_call_sec",3,5.471,5.44,5.5625,5.471,,,,"flow18","fastEmbedR openTSNE [CUDA]"
"FashionMNIST","fastEmbedR_opentsne_cuda_full","fastEmbedR openTSNE","t-SNE","cuda","cuda","R public function","full_pipeline","r_public_function_total_call_sec",3,1.868,1.8655,1.9165,1.868,,,,"Fashion-MNIST","fastEmbedR openTSNE [CUDA]"
"COIL20","python_opentsne_fft","Python openTSNE via R (total call)","t-SNE","cpu","cpu4","R/reticulate","r_mediated_total_call","r_mediated_total_call_sec",3,36.631,35.3375,38.602,,36.631,,,"COIL-20","Python openTSNE via R (total call) [CPU]"
"FashionMNIST","python_opentsne_fft","Python openTSNE via R (total call)","t-SNE","cpu","cpu4","R/reticulate","r_mediated_total_call","r_mediated_total_call_sec",3,120.127,119.67,121.907,,120.127,,,"Fashion-MNIST","Python openTSNE via R (total call) [CPU]"
"MNIST","python_opentsne_fft","Python openTSNE via R (total call)","t-SNE","cpu","cpu4","R/reticulate","r_mediated_total_call","r_mediated_total_call_sec",3,156.313,156.0345,157.226,,156.313,,,"MNIST","Python openTSNE via R (total call) [CPU]"
"Macosko2015_retina","python_opentsne_fft","Python openTSNE via R (total call)","t-SNE","cpu","cpu4","R/reticulate","r_mediated_total_call","r_mediated_total_call_sec",3,75.343,72.79,78.1375,,75.343,,,"Retina","Python openTSNE via R (total call) [CPU]"
"MetRef","python_opentsne_fft","Python openTSNE via R (total call)","t-SNE","cpu","cpu4","R/reticulate","r_mediated_total_call","r_mediated_total_call_sec",3,18.305,18.0775,22.2015,,18.305,,,"MetRef","Python openTSNE via R (total call) [CPU]"
"TabulaMuris","python_opentsne_fft","Python openTSNE via R (total call)","t-SNE","cpu","cpu4","R/reticulate","r_mediated_total_call","r_mediated_total_call_sec",3,94.445,92.86,97.795,,94.445,,,"Tabula Muris","Python openTSNE via R (total call) [CPU]"
"USPS","python_opentsne_fft","Python openTSNE via R (total call)","t-SNE","cpu","cpu4","R/reticulate","r_mediated_total_call","r_mediated_total_call_sec",2,47.8005,47.11975,48.48125,,47.8005,,,"USPS","Python openTSNE via R (total call) [CPU]"
"flow18","python_opentsne_fft","Python openTSNE via R (total call)","t-SNE","cpu","cpu4","R/reticulate","r_mediated_total_call","r_mediated_total_call_sec",3,622.765,594.62,640.053,,622.765,,,"flow18","Python openTSNE via R (total call) [CPU]"
"mass41","python_opentsne_fft","Python openTSNE via R (total call)","t-SNE","cpu","cpu4","R/reticulate","r_mediated_total_call","r_mediated_total_call_sec",3,576.581,533.587,605.0825,,576.581,,,"mass41","Python openTSNE via R (total call) [CPU]"
"COIL20","python_opentsne_fft_direct","Python openTSNE direct (fit only)","t-SNE","cpu","cpu4","direct Python","direct_python_fit","direct_python_fit_sec",3,30.9538748310879,30.3245661696419,32.018502243096,,,30.9538748310879,32.444,"COIL-20","Python openTSNE direct (fit only) [CPU]"
"FashionMNIST","python_opentsne_fft_direct","Python openTSNE direct (fit only)","t-SNE","cpu","cpu4","direct Python","direct_python_fit","direct_python_fit_sec",3,109.011737803929,108.550643150462,111.20113939885,,,109.011737803929,110.682,"Fashion-MNIST","Python openTSNE direct (fit only) [CPU]"
"MNIST","python_opentsne_fft_direct","Python openTSNE direct (fit only)","t-SNE","cpu","cpu4","direct Python","direct_python_fit","direct_python_fit_sec",3,149.059720859863,147.878489239957,150.988541688421,,,149.059720859863,150.551,"MNIST","Python openTSNE direct (fit only) [CPU]"
"Macosko2015_retina","python_opentsne_fft_direct","Python openTSNE direct (fit only)","t-SNE","cpu","cpu4","direct Python","direct_python_fit","direct_python_fit_sec",3,65.9533350327983,64.160100797424,67.6423673573881,,,65.9533350327983,66.733,"Retina","Python openTSNE direct (fit only) [CPU]"
"MetRef","python_opentsne_fft_direct","Python openTSNE direct (fit only)","t-SNE","cpu","cpu4","direct Python","direct_python_fit","direct_python_fit_sec",3,15.593038574094,14.6339892125688,15.6910352250562,,,15.593038574094,16.364,"MetRef","Python openTSNE direct (fit only) [CPU]"
"TabulaMuris","python_opentsne_fft_direct","Python openTSNE direct (fit only)","t-SNE","cpu","cpu4","direct Python","direct_python_fit","direct_python_fit_sec",3,87.8777839019895,87.6628818300087,89.9889848229941,,,87.8777839019895,88.531,"Tabula Muris","Python openTSNE direct (fit only) [CPU]"
"USPS","python_opentsne_fft_direct","Python openTSNE direct (fit only)","t-SNE","cpu","cpu4","direct Python","direct_python_fit","direct_python_fit_sec",3,44.5203884639777,43.9677056154469,44.5263945724582,,,44.5203884639777,44.928,"USPS","Python openTSNE direct (fit only) [CPU]"
"flow18","python_opentsne_fft_direct","Python openTSNE direct (fit only)","t-SNE","cpu","cpu4","direct Python","direct_python_fit","direct_python_fit_sec",3,610.252521623857,604.671843291027,618.028243823908,,,610.252521623857,612.617,"flow18","Python openTSNE direct (fit only) [CPU]"
"mass41","python_opentsne_fft_direct","Python openTSNE direct (fit only)","t-SNE","cpu","cpu4","direct Python","direct_python_fit","direct_python_fit_sec",3,572.086173487362,555.876685773022,588.16974529135,,,572.086173487362,574.612,"mass41","Python openTSNE direct (fit only) [CPU]"
"Macosko2015_retina","rapids_cuml_tsne_full","RAPIDS cuML t-SNE via R (total call)","t-SNE","cuda","cuda","R/reticulate","r_mediated_total_call","r_mediated_total_call_sec",3,5.668,5.66,6.019,,5.668,,,"Retina","RAPIDS cuML t-SNE via R (total call) [CUDA]"
"COIL20","rapids_cuml_tsne_full","RAPIDS cuML t-SNE via R (total call)","t-SNE","cuda","cuda","R/reticulate","r_mediated_total_call","r_mediated_total_call_sec",3,5.812,5.8055,6.1385,,5.812,,,"COIL-20","RAPIDS cuML t-SNE via R (total call) [CUDA]"
"FashionMNIST","rapids_cuml_tsne_full","RAPIDS cuML t-SNE via R (total call)","t-SNE","cuda","cuda","R/reticulate","r_mediated_total_call","r_mediated_total_call_sec",3,6.78,6.652,7.8165,,6.78,,,"Fashion-MNIST","RAPIDS cuML t-SNE via R (total call) [CUDA]"
"MNIST","rapids_cuml_tsne_full","RAPIDS cuML t-SNE via R (total call)","t-SNE","cuda","cuda","R/reticulate","r_mediated_total_call","r_mediated_total_call_sec",3,6.433,6.4245,6.4445,,6.433,,,"MNIST","RAPIDS cuML t-SNE via R (total call) [CUDA]"
"MetRef","rapids_cuml_tsne_full","RAPIDS cuML t-SNE via R (total call)","t-SNE","cuda","cuda","R/reticulate","r_mediated_total_call","r_mediated_total_call_sec",3,5.048,5.0205,5.051,,5.048,,,"MetRef","RAPIDS cuML t-SNE via R (total call) [CUDA]"
"TabulaMuris","rapids_cuml_tsne_full","RAPIDS cuML t-SNE via R (total call)","t-SNE","cuda","cuda","R/reticulate","r_mediated_total_call","r_mediated_total_call_sec",3,6.195,6.19,6.214,,6.195,,,"Tabula Muris","RAPIDS cuML t-SNE via R (total call) [CUDA]"
"USPS","rapids_cuml_tsne_full","RAPIDS cuML t-SNE via R (total call)","t-SNE","cuda","cuda","R/reticulate","r_mediated_total_call","r_mediated_total_call_sec",3,5.358,5.3545,5.3605,,5.358,,,"USPS","RAPIDS cuML t-SNE via R (total call) [CUDA]"
"FashionMNIST","rapids_cuml_tsne_full_direct","RAPIDS cuML t-SNE direct (fit only)","t-SNE","cuda","cuda","direct Python","direct_python_fit","direct_python_fit_sec",3,2.91078185662627,2.86363128572702,2.94125327048823,,,2.91078185662627,4.543,"Fashion-MNIST","RAPIDS cuML t-SNE direct (fit only) [CUDA]"
"MetRef","rapids_cuml_tsne_full_direct","RAPIDS cuML t-SNE direct (fit only)","t-SNE","cuda","cuda","direct Python","direct_python_fit","direct_python_fit_sec",3,1.59085529483855,1.58753224462271,1.59197025280446,,,1.59085529483855,1.98,"MetRef","RAPIDS cuML t-SNE direct (fit only) [CUDA]"
"FlowRepository_FR-FCM-ZYRM_files","rapids_cuml_tsne_full_direct","RAPIDS cuML t-SNE direct (fit only)","t-SNE","cuda","cuda","direct Python","direct_python_fit","direct_python_fit_sec",3,779.210353499278,766.009776502847,779.909238719381,,,779.210353499278,791.905,"FlowRepository","RAPIDS cuML t-SNE direct (fit only) [CUDA]"
"MNIST","rapids_cuml_tsne_full_direct","RAPIDS cuML t-SNE direct (fit only)","t-SNE","cuda","cuda","direct Python","direct_python_fit","direct_python_fit_sec",3,2.71646160166711,2.71112602716312,2.72078189998865,,,2.71646160166711,3.746,"MNIST","RAPIDS cuML t-SNE direct (fit only) [CUDA]"
"Macosko2015_retina","rapids_cuml_tsne_full_direct","RAPIDS cuML t-SNE direct (fit only)","t-SNE","cuda","cuda","direct Python","direct_python_fit","direct_python_fit_sec",3,2.26436308585107,2.26005031121895,2.26533065084368,,,2.26436308585107,2.81,"Retina","RAPIDS cuML t-SNE direct (fit only) [CUDA]"
"COIL20","rapids_cuml_tsne_full_direct","RAPIDS cuML t-SNE direct (fit only)","t-SNE","cuda","cuda","direct Python","direct_python_fit","direct_python_fit_sec",3,2.11078825686127,2.10531478840858,2.12195726763457,,,2.11078825686127,3.225,"COIL-20","RAPIDS cuML t-SNE direct (fit only) [CUDA]"
"imagenet","rapids_cuml_tsne_full_direct","RAPIDS cuML t-SNE direct (fit only)","t-SNE","cuda","cuda","direct Python","direct_python_fit","direct_python_fit_sec",3,166.472339186817,163.755921480245,168.255837560166,,,166.472339186817,210.069,"ImageNet","RAPIDS cuML t-SNE direct (fit only) [CUDA]"
"TabulaMuris","rapids_cuml_tsne_full_direct","RAPIDS cuML t-SNE direct (fit only)","t-SNE","cuda","cuda","direct Python","direct_python_fit","direct_python_fit_sec",3,2.69658135436475,2.67737882537767,2.72798268869519,,,2.69658135436475,3.415,"Tabula Muris","RAPIDS cuML t-SNE direct (fit only) [CUDA]"
"USPS","rapids_cuml_tsne_full_direct","RAPIDS cuML t-SNE direct (fit only)","t-SNE","cuda","cuda","direct Python","direct_python_fit","direct_python_fit_sec",3,1.94197330996394,1.94036589935422,1.95025413343683,,,1.94197330996394,2.398,"USPS","RAPIDS cuML t-SNE direct (fit only) [CUDA]"
"flow18","rapids_cuml_tsne_full_direct","RAPIDS cuML t-SNE direct (fit only)","t-SNE","cuda","cuda","direct Python","direct_python_fit","direct_python_fit_sec",3,34.3854468232021,34.3428668333218,34.3892163131386,,,34.3854468232021,36.7,"flow18","RAPIDS cuML t-SNE direct (fit only) [CUDA]"
"mass41","rapids_cuml_tsne_full_direct","RAPIDS cuML t-SNE direct (fit only)","t-SNE","cuda","cuda","direct Python","direct_python_fit","direct_python_fit_sec",3,33.2783109210432,33.1297873556614,33.3134305784479,,,33.2783109210432,35.593,"mass41","RAPIDS cuML t-SNE direct (fit only) [CUDA]"
