"dataset","requested_method","source_method","display","seed","profile","fallback_used","status","image_path"
"COIL20","Rtsne_full","Rtsne_full","Rtsne::Rtsne",4,"cpu4",FALSE,"success","/Users/stefano/Documents/fastEmbedR-results/COIL20/standard/cpu4/20260721_084502_1071178/plots/COIL20_Rtsne_full_threads4_seed4.png"
"COIL20","KlugerLab_FItSNE","KlugerLab_FItSNE","FIt-SNE",4,"cpu4",FALSE,"success","/Users/stefano/Documents/fastEmbedR-results/COIL20/standard/cpu4/20260721_084502_1071178/plots/COIL20_KlugerLab_FItSNE_threads4_seed4.png"
"COIL20","fastEmbedR_opentsne_cpu_full","fastEmbedR_opentsne_cpu_full","fastEmbedR::opentsne",4,"cpu4",FALSE,"success","/Users/stefano/Documents/fastEmbedR-results/COIL20/standard/cpu4/20260721_084502_1071178/plots/COIL20_fastEmbedR_opentsne_cpu_full_threads4_seed4.png"
"COIL20","uwot_fast_sgd","uwot_fast_sgd","uwot::umap (fast_sgd = TRUE)",4,"cpu4",FALSE,"success","/Users/stefano/Documents/fastEmbedR-results/COIL20/standard/cpu4/20260721_084502_1071178/plots/COIL20_uwot_fast_sgd_threads4_seed4.png"
"COIL20","fastEmbedR_umap_cpu_fuzzy_full","fastEmbedR_umap_cpu_fuzzy_full","fastEmbedR::umap (fuzzy)",4,"cpu4",FALSE,"success","/Users/stefano/Documents/fastEmbedR-results/COIL20/standard/cpu4/20260721_084502_1071178/plots/COIL20_fastEmbedR_umap_cpu_fuzzy_full_threads4_seed4.png"
"COIL20","fastEmbedR_umap_cpu_binary_full","fastEmbedR_umap_cpu_binary_full","fastEmbedR::umap (binary)",4,"cpu4",FALSE,"success","/Users/stefano/Documents/fastEmbedR-results/COIL20/standard/cpu4/20260721_084502_1071178/plots/COIL20_fastEmbedR_umap_cpu_binary_full_threads4_seed4.png"
"USPS","Rtsne_full","Rtsne_full","Rtsne::Rtsne",4,"cpu4",FALSE,"success","/Users/stefano/Documents/fastEmbedR-results/USPS/standard/cpu4/20260721_084502_1071188/plots/USPS_Rtsne_full_threads4_seed4.png"
"USPS","KlugerLab_FItSNE","KlugerLab_FItSNE","FIt-SNE",4,"cpu4",FALSE,"success","/Users/stefano/Documents/fastEmbedR-results/USPS/standard/cpu4/20260721_084502_1071188/plots/USPS_KlugerLab_FItSNE_threads4_seed4.png"
"USPS","fastEmbedR_opentsne_cpu_full","fastEmbedR_opentsne_cpu_full","fastEmbedR::opentsne",4,"cpu4",FALSE,"success","/Users/stefano/Documents/fastEmbedR-results/USPS/standard/cpu4/20260721_084502_1071188/plots/USPS_fastEmbedR_opentsne_cpu_full_threads4_seed4.png"
"USPS","uwot_fast_sgd","uwot_fast_sgd","uwot::umap (fast_sgd = TRUE)",4,"cpu4",FALSE,"success","/Users/stefano/Documents/fastEmbedR-results/USPS/standard/cpu4/20260721_084502_1071188/plots/USPS_uwot_fast_sgd_threads4_seed4.png"
"USPS","fastEmbedR_umap_cpu_fuzzy_full","fastEmbedR_umap_cpu_fuzzy_full","fastEmbedR::umap (fuzzy)",4,"cpu4",FALSE,"success","/Users/stefano/Documents/fastEmbedR-results/USPS/standard/cpu4/20260721_084502_1071188/plots/USPS_fastEmbedR_umap_cpu_fuzzy_full_threads4_seed4.png"
"USPS","fastEmbedR_umap_cpu_binary_full","fastEmbedR_umap_cpu_binary_full","fastEmbedR::umap (binary)",4,"cpu4",FALSE,"success","/Users/stefano/Documents/fastEmbedR-results/USPS/standard/cpu4/20260721_084502_1071188/plots/USPS_fastEmbedR_umap_cpu_binary_full_threads4_seed4.png"
"FashionMNIST","Rtsne_full","Rtsne_full","Rtsne::Rtsne",4,"cpu4",FALSE,"success","/Users/stefano/Documents/fastEmbedR-results/FashionMNIST/standard/cpu4/20260721_084502_1071179/plots/FashionMNIST_Rtsne_full_threads4_seed4.png"
"FashionMNIST","KlugerLab_FItSNE","KlugerLab_FItSNE","FIt-SNE",4,"cpu4",FALSE,"success","/Users/stefano/Documents/fastEmbedR-results/FashionMNIST/standard/cpu4/20260721_084502_1071179/plots/FashionMNIST_KlugerLab_FItSNE_threads4_seed4.png"
"FashionMNIST","fastEmbedR_opentsne_cpu_full","fastEmbedR_opentsne_cpu_full","fastEmbedR::opentsne",4,"cpu4",FALSE,"success","/Users/stefano/Documents/fastEmbedR-results/FashionMNIST/standard/cpu4/20260721_084502_1071179/plots/FashionMNIST_fastEmbedR_opentsne_cpu_full_threads4_seed4.png"
"FashionMNIST","uwot_fast_sgd","uwot_fast_sgd","uwot::umap (fast_sgd = TRUE)",4,"cpu4",FALSE,"success","/Users/stefano/Documents/fastEmbedR-results/FashionMNIST/standard/cpu4/20260721_084502_1071179/plots/FashionMNIST_uwot_fast_sgd_threads4_seed4.png"
"FashionMNIST","fastEmbedR_umap_cpu_fuzzy_full","fastEmbedR_umap_cpu_fuzzy_full","fastEmbedR::umap (fuzzy)",4,"cpu4",FALSE,"success","/Users/stefano/Documents/fastEmbedR-results/FashionMNIST/standard/cpu4/20260721_084502_1071179/plots/FashionMNIST_fastEmbedR_umap_cpu_fuzzy_full_threads4_seed4.png"
"FashionMNIST","fastEmbedR_umap_cpu_binary_full","fastEmbedR_umap_cpu_binary_full","fastEmbedR::umap (binary)",4,"cpu4",FALSE,"success","/Users/stefano/Documents/fastEmbedR-results/FashionMNIST/standard/cpu4/20260721_084502_1071179/plots/FashionMNIST_fastEmbedR_umap_cpu_binary_full_threads4_seed4.png"
"FlowRepository_FR-FCM-ZYRM_files","Rtsne_full","Rtsne_full","Rtsne::Rtsne",4,"cpu4",FALSE,"not_run",
"FlowRepository_FR-FCM-ZYRM_files","KlugerLab_FItSNE","KlugerLab_FItSNE","FIt-SNE",4,"cpu4",FALSE,"not_run",
"FlowRepository_FR-FCM-ZYRM_files","fastEmbedR_opentsne_cpu_full","fastEmbedR_opentsne_cuda_full","fastEmbedR::opentsne",4,"cuda",TRUE,"success","/Users/stefano/Documents/fastEmbedR-results/FlowRepository_FR-FCM-ZYRM_files/standard/cuda/20260721_193418_1071192/plots/FlowRepository_FR-FCM-ZYRM_files_fastEmbedR_opentsne_cuda_full_threads1_seed4.png"
"FlowRepository_FR-FCM-ZYRM_files","uwot_fast_sgd","uwot_fast_sgd","uwot::umap (fast_sgd = TRUE)",4,"cpu4",FALSE,"not_run",
"FlowRepository_FR-FCM-ZYRM_files","fastEmbedR_umap_cpu_fuzzy_full","fastEmbedR_umap_cuda_fuzzy_full","fastEmbedR::umap (fuzzy)",4,"cuda",TRUE,"success","/Users/stefano/Documents/fastEmbedR-results/FlowRepository_FR-FCM-ZYRM_files/standard/cuda/20260721_193418_1071192/plots/FlowRepository_FR-FCM-ZYRM_files_fastEmbedR_umap_cuda_fuzzy_full_threads1_seed4.png"
"FlowRepository_FR-FCM-ZYRM_files","fastEmbedR_umap_cpu_binary_full","fastEmbedR_umap_cuda_binary_full","fastEmbedR::umap (binary)",4,"cuda",TRUE,"success","/Users/stefano/Documents/fastEmbedR-results/FlowRepository_FR-FCM-ZYRM_files/standard/cuda/20260721_193418_1071192/plots/FlowRepository_FR-FCM-ZYRM_files_fastEmbedR_umap_cuda_binary_full_threads1_seed4.png"
"flow18","Rtsne_full","Rtsne_full","Rtsne::Rtsne",4,"cpu4",FALSE,"success","/Users/stefano/Documents/fastEmbedR-results/flow18/standard/cpu4/20260721_084502_1071180/plots/flow18_Rtsne_full_threads4_seed4.png"
"flow18","KlugerLab_FItSNE","KlugerLab_FItSNE","FIt-SNE",4,"cpu4",FALSE,"success","/Users/stefano/Documents/fastEmbedR-results/flow18/standard/cpu4/20260721_084502_1071180/plots/flow18_KlugerLab_FItSNE_threads4_seed4.png"
"flow18","fastEmbedR_opentsne_cpu_full","fastEmbedR_opentsne_cpu_full","fastEmbedR::opentsne",4,"cpu4",FALSE,"success","/Users/stefano/Documents/fastEmbedR-results/flow18/standard/cpu4/20260721_084502_1071180/plots/flow18_fastEmbedR_opentsne_cpu_full_threads4_seed4.png"
"flow18","uwot_fast_sgd","uwot_fast_sgd","uwot::umap (fast_sgd = TRUE)",4,"cpu4",FALSE,"success","/Users/stefano/Documents/fastEmbedR-results/flow18/standard/cpu4/20260721_084502_1071180/plots/flow18_uwot_fast_sgd_threads4_seed4.png"
"flow18","fastEmbedR_umap_cpu_fuzzy_full","fastEmbedR_umap_cpu_fuzzy_full","fastEmbedR::umap (fuzzy)",4,"cpu4",FALSE,"success","/Users/stefano/Documents/fastEmbedR-results/flow18/standard/cpu4/20260721_084502_1071180/plots/flow18_fastEmbedR_umap_cpu_fuzzy_full_threads4_seed4.png"
"flow18","fastEmbedR_umap_cpu_binary_full","fastEmbedR_umap_cpu_binary_full","fastEmbedR::umap (binary)",4,"cpu4",FALSE,"success","/Users/stefano/Documents/fastEmbedR-results/flow18/standard/cpu4/20260721_084502_1071180/plots/flow18_fastEmbedR_umap_cpu_binary_full_threads4_seed4.png"
"MNIST","Rtsne_full","Rtsne_full","Rtsne::Rtsne",4,"cpu4",FALSE,"success","/Users/stefano/Documents/fastEmbedR-results/MNIST/standard/cpu4/20260721_084502_1071186/plots/MNIST_Rtsne_full_threads4_seed4.png"
"MNIST","KlugerLab_FItSNE","KlugerLab_FItSNE","FIt-SNE",4,"cpu4",FALSE,"success","/Users/stefano/Documents/fastEmbedR-results/MNIST/standard/cpu4/20260721_084502_1071186/plots/MNIST_KlugerLab_FItSNE_threads4_seed4.png"
"MNIST","fastEmbedR_opentsne_cpu_full","fastEmbedR_opentsne_cpu_full","fastEmbedR::opentsne",4,"cpu4",FALSE,"success","/Users/stefano/Documents/fastEmbedR-results/MNIST/standard/cpu4/20260721_084502_1071186/plots/MNIST_fastEmbedR_opentsne_cpu_full_threads4_seed4.png"
"MNIST","uwot_fast_sgd","uwot_fast_sgd","uwot::umap (fast_sgd = TRUE)",4,"cpu4",FALSE,"success","/Users/stefano/Documents/fastEmbedR-results/MNIST/standard/cpu4/20260721_084502_1071186/plots/MNIST_uwot_fast_sgd_threads4_seed4.png"
"MNIST","fastEmbedR_umap_cpu_fuzzy_full","fastEmbedR_umap_cpu_fuzzy_full","fastEmbedR::umap (fuzzy)",4,"cpu4",FALSE,"success","/Users/stefano/Documents/fastEmbedR-results/MNIST/standard/cpu4/20260721_084502_1071186/plots/MNIST_fastEmbedR_umap_cpu_fuzzy_full_threads4_seed4.png"
"MNIST","fastEmbedR_umap_cpu_binary_full","fastEmbedR_umap_cpu_binary_full","fastEmbedR::umap (binary)",4,"cpu4",FALSE,"success","/Users/stefano/Documents/fastEmbedR-results/MNIST/standard/cpu4/20260721_084502_1071186/plots/MNIST_fastEmbedR_umap_cpu_binary_full_threads4_seed4.png"
"imagenet","Rtsne_full","Rtsne_full","Rtsne::Rtsne",4,"cpu4",FALSE,"failed",
"imagenet","KlugerLab_FItSNE","KlugerLab_FItSNE","FIt-SNE",4,"cpu4",FALSE,"failed",
"imagenet","fastEmbedR_opentsne_cpu_full","fastEmbedR_opentsne_cpu_full","fastEmbedR::opentsne",4,"cpu4",FALSE,"success","/Users/stefano/Documents/fastEmbedR-results/imagenet/standard/cpu4/20260721_084502_1071182/plots/imagenet_fastEmbedR_opentsne_cpu_full_threads4_seed4.png"
"imagenet","uwot_fast_sgd","uwot_fast_sgd","uwot::umap (fast_sgd = TRUE)",4,"cpu4",FALSE,"timeout",
"imagenet","fastEmbedR_umap_cpu_fuzzy_full","fastEmbedR_umap_cpu_fuzzy_full","fastEmbedR::umap (fuzzy)",4,"cpu4",FALSE,"success","/Users/stefano/Documents/fastEmbedR-results/imagenet/standard/cpu4/20260721_084502_1071182/plots/imagenet_fastEmbedR_umap_cpu_fuzzy_full_threads4_seed4.png"
"imagenet","fastEmbedR_umap_cpu_binary_full","fastEmbedR_umap_cpu_binary_full","fastEmbedR::umap (binary)",4,"cpu4",FALSE,"success","/Users/stefano/Documents/fastEmbedR-results/imagenet/standard/cpu4/20260721_084502_1071182/plots/imagenet_fastEmbedR_umap_cpu_binary_full_threads4_seed4.png"
"MetRef","Rtsne_full","Rtsne_full","Rtsne::Rtsne",4,"cpu4",FALSE,"success","/Users/stefano/Documents/fastEmbedR-results/MetRef/standard/cpu4/20260721_084502_1071185/plots/MetRef_Rtsne_full_threads4_seed4.png"
"MetRef","KlugerLab_FItSNE","KlugerLab_FItSNE","FIt-SNE",4,"cpu4",FALSE,"success","/Users/stefano/Documents/fastEmbedR-results/MetRef/standard/cpu4/20260721_084502_1071185/plots/MetRef_KlugerLab_FItSNE_threads4_seed4.png"
"MetRef","fastEmbedR_opentsne_cpu_full","fastEmbedR_opentsne_cpu_full","fastEmbedR::opentsne",4,"cpu4",FALSE,"success","/Users/stefano/Documents/fastEmbedR-results/MetRef/standard/cpu4/20260721_084502_1071185/plots/MetRef_fastEmbedR_opentsne_cpu_full_threads4_seed4.png"
"MetRef","uwot_fast_sgd","uwot_fast_sgd","uwot::umap (fast_sgd = TRUE)",4,"cpu4",FALSE,"success","/Users/stefano/Documents/fastEmbedR-results/MetRef/standard/cpu4/20260721_084502_1071185/plots/MetRef_uwot_fast_sgd_threads4_seed4.png"
"MetRef","fastEmbedR_umap_cpu_fuzzy_full","fastEmbedR_umap_cpu_fuzzy_full","fastEmbedR::umap (fuzzy)",4,"cpu4",FALSE,"success","/Users/stefano/Documents/fastEmbedR-results/MetRef/standard/cpu4/20260721_084502_1071185/plots/MetRef_fastEmbedR_umap_cpu_fuzzy_full_threads4_seed4.png"
"MetRef","fastEmbedR_umap_cpu_binary_full","fastEmbedR_umap_cpu_binary_full","fastEmbedR::umap (binary)",4,"cpu4",FALSE,"success","/Users/stefano/Documents/fastEmbedR-results/MetRef/standard/cpu4/20260721_084502_1071185/plots/MetRef_fastEmbedR_umap_cpu_binary_full_threads4_seed4.png"
"mass41","Rtsne_full","Rtsne_full","Rtsne::Rtsne",4,"cpu4",FALSE,"success","/Users/stefano/Documents/fastEmbedR-results/mass41/standard/cpu4/20260721_084502_1071184/plots/mass41_Rtsne_full_threads4_seed4.png"
"mass41","KlugerLab_FItSNE","KlugerLab_FItSNE","FIt-SNE",4,"cpu4",FALSE,"success","/Users/stefano/Documents/fastEmbedR-results/mass41/standard/cpu4/20260721_084502_1071184/plots/mass41_KlugerLab_FItSNE_threads4_seed4.png"
"mass41","fastEmbedR_opentsne_cpu_full","fastEmbedR_opentsne_cpu_full","fastEmbedR::opentsne",4,"cpu4",FALSE,"success","/Users/stefano/Documents/fastEmbedR-results/mass41/standard/cpu4/20260721_084502_1071184/plots/mass41_fastEmbedR_opentsne_cpu_full_threads4_seed4.png"
"mass41","uwot_fast_sgd","uwot_fast_sgd","uwot::umap (fast_sgd = TRUE)",4,"cpu4",FALSE,"success","/Users/stefano/Documents/fastEmbedR-results/mass41/standard/cpu4/20260721_084502_1071184/plots/mass41_uwot_fast_sgd_threads4_seed4.png"
"mass41","fastEmbedR_umap_cpu_fuzzy_full","fastEmbedR_umap_cpu_fuzzy_full","fastEmbedR::umap (fuzzy)",4,"cpu4",FALSE,"success","/Users/stefano/Documents/fastEmbedR-results/mass41/standard/cpu4/20260721_084502_1071184/plots/mass41_fastEmbedR_umap_cpu_fuzzy_full_threads4_seed4.png"
"mass41","fastEmbedR_umap_cpu_binary_full","fastEmbedR_umap_cpu_binary_full","fastEmbedR::umap (binary)",4,"cpu4",FALSE,"success","/Users/stefano/Documents/fastEmbedR-results/mass41/standard/cpu4/20260721_084502_1071184/plots/mass41_fastEmbedR_umap_cpu_binary_full_threads4_seed4.png"
"TabulaMuris","Rtsne_full","Rtsne_full","Rtsne::Rtsne",4,"cpu4",FALSE,"success","/Users/stefano/Documents/fastEmbedR-results/TabulaMuris/standard/cpu4/20260721_084502_1071187/plots/TabulaMuris_Rtsne_full_threads4_seed4.png"
"TabulaMuris","KlugerLab_FItSNE","KlugerLab_FItSNE","FIt-SNE",4,"cpu4",FALSE,"success","/Users/stefano/Documents/fastEmbedR-results/TabulaMuris/standard/cpu4/20260721_084502_1071187/plots/TabulaMuris_KlugerLab_FItSNE_threads4_seed4.png"
"TabulaMuris","fastEmbedR_opentsne_cpu_full","fastEmbedR_opentsne_cpu_full","fastEmbedR::opentsne",4,"cpu4",FALSE,"success","/Users/stefano/Documents/fastEmbedR-results/TabulaMuris/standard/cpu4/20260721_084502_1071187/plots/TabulaMuris_fastEmbedR_opentsne_cpu_full_threads4_seed4.png"
"TabulaMuris","uwot_fast_sgd","uwot_fast_sgd","uwot::umap (fast_sgd = TRUE)",4,"cpu4",FALSE,"success","/Users/stefano/Documents/fastEmbedR-results/TabulaMuris/standard/cpu4/20260721_084502_1071187/plots/TabulaMuris_uwot_fast_sgd_threads4_seed4.png"
"TabulaMuris","fastEmbedR_umap_cpu_fuzzy_full","fastEmbedR_umap_cpu_fuzzy_full","fastEmbedR::umap (fuzzy)",4,"cpu4",FALSE,"success","/Users/stefano/Documents/fastEmbedR-results/TabulaMuris/standard/cpu4/20260721_084502_1071187/plots/TabulaMuris_fastEmbedR_umap_cpu_fuzzy_full_threads4_seed4.png"
"TabulaMuris","fastEmbedR_umap_cpu_binary_full","fastEmbedR_umap_cpu_binary_full","fastEmbedR::umap (binary)",4,"cpu4",FALSE,"success","/Users/stefano/Documents/fastEmbedR-results/TabulaMuris/standard/cpu4/20260721_084502_1071187/plots/TabulaMuris_fastEmbedR_umap_cpu_binary_full_threads4_seed4.png"
"Macosko2015_retina","Rtsne_full","Rtsne_full","Rtsne::Rtsne",4,"cpu4",FALSE,"success","/Users/stefano/Documents/fastEmbedR-results/Macosko2015_retina/standard/cpu4/20260721_084502_1071183/plots/Macosko2015_retina_Rtsne_full_threads4_seed4.png"
"Macosko2015_retina","KlugerLab_FItSNE","KlugerLab_FItSNE","FIt-SNE",4,"cpu4",FALSE,"success","/Users/stefano/Documents/fastEmbedR-results/Macosko2015_retina/standard/cpu4/20260721_084502_1071183/plots/Macosko2015_retina_KlugerLab_FItSNE_threads4_seed4.png"
"Macosko2015_retina","fastEmbedR_opentsne_cpu_full","fastEmbedR_opentsne_cpu_full","fastEmbedR::opentsne",4,"cpu4",FALSE,"success","/Users/stefano/Documents/fastEmbedR-results/Macosko2015_retina/standard/cpu4/20260721_084502_1071183/plots/Macosko2015_retina_fastEmbedR_opentsne_cpu_full_threads4_seed4.png"
"Macosko2015_retina","uwot_fast_sgd","uwot_fast_sgd","uwot::umap (fast_sgd = TRUE)",4,"cpu4",FALSE,"success","/Users/stefano/Documents/fastEmbedR-results/Macosko2015_retina/standard/cpu4/20260721_084502_1071183/plots/Macosko2015_retina_uwot_fast_sgd_threads4_seed4.png"
"Macosko2015_retina","fastEmbedR_umap_cpu_fuzzy_full","fastEmbedR_umap_cpu_fuzzy_full","fastEmbedR::umap (fuzzy)",4,"cpu4",FALSE,"success","/Users/stefano/Documents/fastEmbedR-results/Macosko2015_retina/standard/cpu4/20260721_084502_1071183/plots/Macosko2015_retina_fastEmbedR_umap_cpu_fuzzy_full_threads4_seed4.png"
"Macosko2015_retina","fastEmbedR_umap_cpu_binary_full","fastEmbedR_umap_cpu_binary_full","fastEmbedR::umap (binary)",4,"cpu4",FALSE,"success","/Users/stefano/Documents/fastEmbedR-results/Macosko2015_retina/standard/cpu4/20260721_084502_1071183/plots/Macosko2015_retina_fastEmbedR_umap_cpu_binary_full_threads4_seed4.png"
