"key","dataset","method","display","implementation","family","profile","backend","status","n_runs","n_success","n","p","k","perplexity","input_type","requested_threads","effective_threads","total_runtime_sec_median","total_runtime_sec_q1","total_runtime_sec_q3","total_runtime_sec_iqr","peak_ram_gb_median","peak_gpu_delta_mb_median","trustworthiness_median","knn_preservation_15_median","knn_preservation_30_median","knn_preservation_50_median","silhouette_median","label_knn_accuracy_median","tsne_kl_median","run_dir","source_file"
"COIL20Rtsne_fullcpu4cpu","COIL20","Rtsne_full","Rtsne::Rtsne","Rtsne CPU (4 threads)","t-SNE","cpu4","cpu","success",3,3,1440,16384,,30,"standard_R_double",4,4,8.238,8.194,8.609,0.415000000000001,1.58675765991211,,0.844871794871795,0.530769230769231,0.527991452991453,0.540384615384615,0.464582856357673,0.58974358974359,0.962016725852954,"/Users/stefano/Documents/fastEmbedR-results/COIL20/standard/cpu4/20260721_084502_1071178","/Users/stefano/Documents/fastEmbedR-results/COIL20/standard/cpu4/20260721_084502_1071178/benchmark_summary_median_variability.csv"
"COIL20KlugerLab_FItSNEcpu4cpu","COIL20","KlugerLab_FItSNE","FIt-SNE","FIt-SNE CPU (4 threads)","t-SNE","cpu4","cpu","success",3,3,1440,16384,,30,"standard_R_double",4,4,21.694,21.5315,21.754,0.222499999999997,1.32224655151367,,0.870143306985412,0.57948717948718,0.626282051282051,0.639871794871795,0.39408073810194,0.621794871794872,1.01821545469563,"/Users/stefano/Documents/fastEmbedR-results/COIL20/standard/cpu4/20260721_084502_1071178","/Users/stefano/Documents/fastEmbedR-results/COIL20/standard/cpu4/20260721_084502_1071178/benchmark_summary_median_variability.csv"
"COIL20fastEmbedR_opentsne_cpu_fullcpu4cpu","COIL20","fastEmbedR_opentsne_cpu_full","fastEmbedR::opentsne","fastEmbedR openTSNE CPU (4 threads)","t-SNE","cpu4","cpu","success",3,3,1440,16384,,30,"float32",4,4,16.438,16.356,17.3255,0.969499999999996,1.01515197753906,,0.905713000449843,0.521794871794872,0.574358974358974,0.656153846153846,0.457890075855963,0.576923076923077,0.721785448278456,"/Users/stefano/Documents/fastEmbedR-results/COIL20/standard/cpu4/20260721_084502_1071178","/Users/stefano/Documents/fastEmbedR-results/COIL20/standard/cpu4/20260721_084502_1071178/benchmark_summary_median_variability.csv"
"COIL20fastEmbedR_opentsne_cuda_fullcudacuda","COIL20","fastEmbedR_opentsne_cuda_full","fastEmbedR::opentsne","fastEmbedR openTSNE CUDA","t-SNE","cuda","cuda","success",3,3,1440,16384,,30,"float32",1,,6.42,6.41,6.541,0.131,1.24110412597656,8285,0.9052888631836,0.528205128205128,0.572222222222222,0.659871794871795,0.4454442476872,0.576923076923077,0.724022479489211,"/Users/stefano/Documents/fastEmbedR-results/COIL20/standard/cuda/20260721_192838_1071189","/Users/stefano/Documents/fastEmbedR-results/COIL20/standard/cuda/20260721_192838_1071189/benchmark_summary_median_variability.csv"
"COIL20uwot_fast_sgdcpu4cpu","COIL20","uwot_fast_sgd","uwot::umap (fast_sgd = TRUE)","uwot UMAP fast SGD CPU (4 threads)","UMAP","cpu4","cpu","success",3,3,1440,16384,30,,"standard_R_double",4,4,23.495,23.383,24.4705,1.0875,1.06206512451172,,0.860404215667374,0.539316239316239,0.581623931623932,0.585897435897436,0.485856242279451,0.647435897435897,,"/Users/stefano/Documents/fastEmbedR-results/COIL20/standard/cpu4/20260721_084502_1071178","/Users/stefano/Documents/fastEmbedR-results/COIL20/standard/cpu4/20260721_084502_1071178/benchmark_summary_median_variability.csv"
"COIL20fastEmbedR_umap_cpu_fuzzy_fullcpu4cpu","COIL20","fastEmbedR_umap_cpu_fuzzy_full","fastEmbedR::umap (fuzzy)","fastEmbedR fuzzy UMAP CPU (4 threads)","UMAP","cpu4","cpu","success",3,3,1440,16384,30,,"float32",4,4,13.469,13.447,13.8275,0.380500000000001,0.543449401855469,,0.826791337317653,0.495299145299145,0.48482905982906,0.531153846153846,0.543671330318049,0.628205128205128,,"/Users/stefano/Documents/fastEmbedR-results/COIL20/standard/cpu4/20260721_084502_1071178","/Users/stefano/Documents/fastEmbedR-results/COIL20/standard/cpu4/20260721_084502_1071178/benchmark_summary_median_variability.csv"
"COIL20fastEmbedR_umap_cuda_fuzzy_fullcudacuda","COIL20","fastEmbedR_umap_cuda_fuzzy_full","fastEmbedR::umap (fuzzy)","fastEmbedR fuzzy UMAP CUDA","UMAP","cuda","cuda","success",3,3,1440,16384,30,,"float32",1,,0.602,0.6,0.6175,0.0175,1.03472900390625,2265,0.859902962534541,0.518803418803419,0.514102564102564,0.572179487179487,0.539616151106626,0.602564102564103,,"/Users/stefano/Documents/fastEmbedR-results/COIL20/standard/cuda/20260721_192838_1071189","/Users/stefano/Documents/fastEmbedR-results/COIL20/standard/cuda/20260721_192838_1071189/benchmark_summary_median_variability.csv"
"COIL20fastEmbedR_umap_cpu_binary_fullcpu4cpu","COIL20","fastEmbedR_umap_cpu_binary_full","fastEmbedR::umap (binary)","fastEmbedR binary UMAP CPU (4 threads)","UMAP","cpu4","cpu","success",3,3,1440,16384,30,,"float32",4,4,13.705,13.4485,14.0435,0.595000000000001,0.542892456054688,,0.804771544245228,0.447008547008547,0.438034188034188,0.439230769230769,0.238511512701319,0.493589743589744,,"/Users/stefano/Documents/fastEmbedR-results/COIL20/standard/cpu4/20260721_084502_1071178","/Users/stefano/Documents/fastEmbedR-results/COIL20/standard/cpu4/20260721_084502_1071178/benchmark_summary_median_variability.csv"
"COIL20fastEmbedR_umap_cuda_binary_fullcudacuda","COIL20","fastEmbedR_umap_cuda_binary_full","fastEmbedR::umap (binary)","fastEmbedR binary UMAP CUDA","UMAP","cuda","cuda","success",3,3,1440,16384,30,,"float32",1,,0.615,0.608,0.6265,0.0185000000000001,1.03459167480469,2265,0.870066191118823,0.524358974358974,0.544017094017094,0.602435897435897,0.409742826935423,0.557692307692308,,"/Users/stefano/Documents/fastEmbedR-results/COIL20/standard/cuda/20260721_192838_1071189","/Users/stefano/Documents/fastEmbedR-results/COIL20/standard/cuda/20260721_192838_1071189/benchmark_summary_median_variability.csv"
"USPSRtsne_fullcpu4cpu","USPS","Rtsne_full","Rtsne::Rtsne","Rtsne CPU (4 threads)","t-SNE","cpu4","cpu","success",3,3,11000,256,,30,"standard_R_double",4,4,12.193,12.161,12.968,0.807,0.517940521240234,,0.942293985330073,0.447573333333333,0.45736,0.462864,0.179282997622854,0.7592,2.02309888172866,"/Users/stefano/Documents/fastEmbedR-results/USPS/standard/cpu4/20260721_084502_1071188","/Users/stefano/Documents/fastEmbedR-results/USPS/standard/cpu4/20260721_084502_1071188/benchmark_summary_median_variability.csv"
"USPSKlugerLab_FItSNEcpu4cpu","USPS","KlugerLab_FItSNE","FIt-SNE","FIt-SNE CPU (4 threads)","t-SNE","cpu4","cpu","success",3,3,11000,256,,30,"standard_R_double",4,4,18.494,18.4125,18.713,0.3005,0.563140869140625,,0.9449273132301,0.438026666666667,0.457626666666667,0.466992,0.160054754926177,0.728,2.11079814106231,"/Users/stefano/Documents/fastEmbedR-results/USPS/standard/cpu4/20260721_084502_1071188","/Users/stefano/Documents/fastEmbedR-results/USPS/standard/cpu4/20260721_084502_1071188/benchmark_summary_median_variability.csv"
"USPSfastEmbedR_opentsne_cpu_fullcpu4cpu","USPS","fastEmbedR_opentsne_cpu_full","fastEmbedR::opentsne","fastEmbedR openTSNE CPU (4 threads)","t-SNE","cpu4","cpu","success",3,3,11000,256,,30,"float32",4,4,12.508,12.478,12.8965,0.4185,0.563934326171875,,0.948599271936974,0.4528,0.453973333333333,0.460848,0.176601760733508,0.74,2.0623228393979,"/Users/stefano/Documents/fastEmbedR-results/USPS/standard/cpu4/20260721_084502_1071188","/Users/stefano/Documents/fastEmbedR-results/USPS/standard/cpu4/20260721_084502_1071188/benchmark_summary_median_variability.csv"
"USPSfastEmbedR_opentsne_cuda_fullcudacuda","USPS","fastEmbedR_opentsne_cuda_full","fastEmbedR::opentsne","fastEmbedR openTSNE CUDA","t-SNE","cuda","cuda","success",3,3,11000,256,,30,"float32",1,,0.767,0.7615,0.8665,0.105,0.987209320068359,2011,0.954678663406683,0.456106666666667,0.456853333333333,0.461392,0.203321696247637,0.7376,2.03072566454911,"/Users/stefano/Documents/fastEmbedR-results/USPS/standard/cuda/20260722_160038_1071199","/Users/stefano/Documents/fastEmbedR-results/USPS/standard/cuda/20260722_160038_1071199/benchmark_summary_median_variability.csv"
"USPSuwot_fast_sgdcpu4cpu","USPS","uwot_fast_sgd","uwot::umap (fast_sgd = TRUE)","uwot UMAP fast SGD CPU (4 threads)","UMAP","cpu4","cpu","success",3,3,11000,256,30,,"standard_R_double",4,4,7.497,7.3935,7.5195,0.126,0.579704284667969,,0.886037881010595,0.352906666666667,0.3724,0.382224,0.117846770745928,0.7128,,"/Users/stefano/Documents/fastEmbedR-results/USPS/standard/cpu4/20260721_084502_1071188","/Users/stefano/Documents/fastEmbedR-results/USPS/standard/cpu4/20260721_084502_1071188/benchmark_summary_median_variability.csv"
"USPSfastEmbedR_umap_cpu_fuzzy_fullcpu4cpu","USPS","fastEmbedR_umap_cpu_fuzzy_full","fastEmbedR::umap (fuzzy)","fastEmbedR fuzzy UMAP CPU (4 threads)","UMAP","cpu4","cpu","success",3,3,11000,256,30,,"float32",4,4,5.857,5.8335,5.9685,0.135000000000001,0.429542541503906,,0.889570268948655,0.33872,0.366933333333333,0.37792,0.106402668033094,0.7112,,"/Users/stefano/Documents/fastEmbedR-results/USPS/standard/cpu4/20260721_084502_1071188","/Users/stefano/Documents/fastEmbedR-results/USPS/standard/cpu4/20260721_084502_1071188/benchmark_summary_median_variability.csv"
"USPSfastEmbedR_umap_cuda_fuzzy_fullcudacuda","USPS","fastEmbedR_umap_cuda_fuzzy_full","fastEmbedR::umap (fuzzy)","fastEmbedR fuzzy UMAP CUDA","UMAP","cuda","cuda","success",3,3,11000,256,30,,"float32",1,,0.628,0.616,0.6345,0.0185000000000001,0.914051055908203,1995,0.888755490355882,0.343093333333333,0.36496,0.378608,0.128531564352866,0.7072,,"/Users/stefano/Documents/fastEmbedR-results/USPS/standard/cuda/20260722_160038_1071199","/Users/stefano/Documents/fastEmbedR-results/USPS/standard/cuda/20260722_160038_1071199/benchmark_summary_median_variability.csv"
"USPSfastEmbedR_umap_cpu_binary_fullcpu4cpu","USPS","fastEmbedR_umap_cpu_binary_full","fastEmbedR::umap (binary)","fastEmbedR binary UMAP CPU (4 threads)","UMAP","cpu4","cpu","success",3,3,11000,256,30,,"float32",4,4,15.192,14.6225,15.254,0.631500000000001,0.427478790283203,,0.923260157565879,0.3576,0.4036,0.435248,0.18257718430606,0.676,,"/Users/stefano/Documents/fastEmbedR-results/USPS/standard/cpu4/20260721_084502_1071188","/Users/stefano/Documents/fastEmbedR-results/USPS/standard/cpu4/20260721_084502_1071188/benchmark_summary_median_variability.csv"
"USPSfastEmbedR_umap_cuda_binary_fullcudacuda","USPS","fastEmbedR_umap_cuda_binary_full","fastEmbedR::umap (binary)","fastEmbedR binary UMAP CUDA","UMAP","cuda","cuda","success",3,3,11000,256,30,,"float32",1,,0.616,0.615,0.621,0.00600000000000001,0.920734405517578,1995,0.920883499049171,0.359733333333333,0.393946666666667,0.419152,0.132603508350644,0.6832,,"/Users/stefano/Documents/fastEmbedR-results/USPS/standard/cuda/20260722_160038_1071199","/Users/stefano/Documents/fastEmbedR-results/USPS/standard/cuda/20260722_160038_1071199/benchmark_summary_median_variability.csv"
"FashionMNISTRtsne_fullcpu4cpu","FashionMNIST","Rtsne_full","Rtsne::Rtsne","Rtsne CPU (4 threads)","t-SNE","cpu4","cpu","success",3,3,70000,784,,30,"standard_R_double",4,4,101.257,98.6605,105.2145,6.554,2.63107681274414,,0.924170169756277,0.471148459383753,0.515686274509804,0.522913165266106,0.0997006473544386,0.714285714285714,1.84447724119345,"/Users/stefano/Documents/fastEmbedR-results/FashionMNIST/standard/cpu4/20260721_084502_1071179","/Users/stefano/Documents/fastEmbedR-results/FashionMNIST/standard/cpu4/20260721_084502_1071179/benchmark_summary_median_variability.csv"
"FashionMNISTKlugerLab_FItSNEcpu4cpu","FashionMNIST","KlugerLab_FItSNE","FIt-SNE","FIt-SNE CPU (4 threads)","t-SNE","cpu4","cpu","success",3,3,70000,784,,30,"standard_R_double",4,4,105.28,104.87,106.3135,1.4435,2.9209098815918,,0.930558156692489,0.464239028944911,0.517413632119515,0.540924369747899,0.126919929643289,0.733893557422969,1.96290103135083,"/Users/stefano/Documents/fastEmbedR-results/FashionMNIST/standard/cpu4/20260721_084502_1071179","/Users/stefano/Documents/fastEmbedR-results/FashionMNIST/standard/cpu4/20260721_084502_1071179/benchmark_summary_median_variability.csv"
"FashionMNISTfastEmbedR_opentsne_cpu_fullcpu4cpu","FashionMNIST","fastEmbedR_opentsne_cpu_full","fastEmbedR::opentsne","fastEmbedR openTSNE CPU (4 threads)","t-SNE","cpu4","cpu","success",3,3,70000,784,,30,"float32",4,4,69.958,69.172,69.9805,0.808500000000009,1.74129486083984,,0.962753205479008,0.498225957049486,0.553174603174603,0.57546218487395,0.121039979090181,0.736694677871149,1.84651607280656,"/Users/stefano/Documents/fastEmbedR-results/FashionMNIST/standard/cpu4/20260721_084502_1071179","/Users/stefano/Documents/fastEmbedR-results/FashionMNIST/standard/cpu4/20260721_084502_1071179/benchmark_summary_median_variability.csv"
"FashionMNISTfastEmbedR_opentsne_cuda_fullcudacuda","FashionMNIST","fastEmbedR_opentsne_cuda_full","fastEmbedR::opentsne","fastEmbedR openTSNE CUDA","t-SNE","cuda","cuda","success",3,3,70000,784,,30,"float32",1,,1.868,1.8655,1.9165,0.0510000000000002,1.45217895507812,2807,0.965552839563225,0.501680672268908,0.5562558356676,0.58109243697479,0.126424444277741,0.742296918767507,1.82785493496267,"/Users/stefano/Documents/fastEmbedR-results/FashionMNIST/standard/cuda/20260721_193104_1071190","/Users/stefano/Documents/fastEmbedR-results/FashionMNIST/standard/cuda/20260721_193104_1071190/benchmark_summary_median_variability.csv"
"FashionMNISTuwot_fast_sgdcpu4cpu","FashionMNIST","uwot_fast_sgd","uwot::umap (fast_sgd = TRUE)","uwot UMAP fast SGD CPU (4 threads)","UMAP","cpu4","cpu","success",3,3,70000,784,30,,"standard_R_double",4,4,61.679,60.8655,62.465,1.59950000000001,1.40840148925781,,0.944238650597721,0.489635854341737,0.545331465919701,0.567871148459384,0.205398644480764,0.717086834733894,,"/Users/stefano/Documents/fastEmbedR-results/FashionMNIST/standard/cpu4/20260721_084502_1071179","/Users/stefano/Documents/fastEmbedR-results/FashionMNIST/standard/cpu4/20260721_084502_1071179/benchmark_summary_median_variability.csv"
"FashionMNISTfastEmbedR_umap_cpu_fuzzy_fullcpu4cpu","FashionMNIST","fastEmbedR_umap_cpu_fuzzy_full","fastEmbedR::umap (fuzzy)","fastEmbedR fuzzy UMAP CPU (4 threads)","UMAP","cpu4","cpu","success",3,3,70000,784,30,,"float32",4,4,47.722,47.275,49.5005,2.2255,0.808822631835938,,0.966259267817112,0.520821661998133,0.580999066293184,0.601456582633053,0.142329104695951,0.728291316526611,,"/Users/stefano/Documents/fastEmbedR-results/FashionMNIST/standard/cpu4/20260721_084502_1071179","/Users/stefano/Documents/fastEmbedR-results/FashionMNIST/standard/cpu4/20260721_084502_1071179/benchmark_summary_median_variability.csv"
"FashionMNISTfastEmbedR_umap_cuda_fuzzy_fullcudacuda","FashionMNIST","fastEmbedR_umap_cuda_fuzzy_full","fastEmbedR::umap (fuzzy)","fastEmbedR fuzzy UMAP CUDA","UMAP","cuda","cuda","success",3,3,70000,784,30,,"float32",1,,0.972,0.968,0.9745,0.00649999999999995,1.12826156616211,2807,0.964485359990595,0.516619981325864,0.574743230625584,0.595518207282913,0.0751227127573011,0.735294117647059,,"/Users/stefano/Documents/fastEmbedR-results/FashionMNIST/standard/cuda/20260721_193104_1071190","/Users/stefano/Documents/fastEmbedR-results/FashionMNIST/standard/cuda/20260721_193104_1071190/benchmark_summary_median_variability.csv"
"FashionMNISTfastEmbedR_umap_cpu_binary_fullcpu4cpu","FashionMNIST","fastEmbedR_umap_cpu_binary_full","fastEmbedR::umap (binary)","fastEmbedR binary UMAP CPU (4 threads)","UMAP","cpu4","cpu","success",3,3,70000,784,30,,"float32",4,4,121.761,119.985,123.1265,3.14149999999999,0.809051513671875,,0.968374228610885,0.53015873015873,0.593650793650794,0.610056022408964,0.17216320963768,0.718487394957983,,"/Users/stefano/Documents/fastEmbedR-results/FashionMNIST/standard/cpu4/20260721_084502_1071179","/Users/stefano/Documents/fastEmbedR-results/FashionMNIST/standard/cpu4/20260721_084502_1071179/benchmark_summary_median_variability.csv"
"FashionMNISTfastEmbedR_umap_cuda_binary_fullcudacuda","FashionMNIST","fastEmbedR_umap_cuda_binary_full","fastEmbedR::umap (binary)","fastEmbedR binary UMAP CUDA","UMAP","cuda","cuda","success",3,3,70000,784,30,,"float32",1,,1.04,1.037,1.0475,0.0105,1.12309646606445,2807,0.968783248948398,0.527264239028945,0.58608776844071,0.605042016806723,0.189536921388295,0.725490196078431,,"/Users/stefano/Documents/fastEmbedR-results/FashionMNIST/standard/cuda/20260721_193104_1071190","/Users/stefano/Documents/fastEmbedR-results/FashionMNIST/standard/cuda/20260721_193104_1071190/benchmark_summary_median_variability.csv"
"FlowRepository_FR-FCM-ZYRM_filesRtsne_fullcpu4cpu","FlowRepository_FR-FCM-ZYRM_files","Rtsne_full","Rtsne::Rtsne","Rtsne CPU (4 threads)","t-SNE","cpu4","cpu","not_run",,,,,,,,,,,,,,,,,,,,,,,,
"FlowRepository_FR-FCM-ZYRM_filesKlugerLab_FItSNEcpu4cpu","FlowRepository_FR-FCM-ZYRM_files","KlugerLab_FItSNE","FIt-SNE","FIt-SNE CPU (4 threads)","t-SNE","cpu4","cpu","not_run",,,,,,,,,,,,,,,,,,,,,,,,
"FlowRepository_FR-FCM-ZYRM_filesfastEmbedR_opentsne_cpu_fullcpu4cpu","FlowRepository_FR-FCM-ZYRM_files","fastEmbedR_opentsne_cpu_full","fastEmbedR::opentsne","fastEmbedR openTSNE CPU (4 threads)","t-SNE","cpu4","cpu","not_run",,,,,,,,,,,,,,,,,,,,,,,,
"FlowRepository_FR-FCM-ZYRM_filesfastEmbedR_opentsne_cuda_fullcudacuda","FlowRepository_FR-FCM-ZYRM_files","fastEmbedR_opentsne_cuda_full","fastEmbedR::opentsne","fastEmbedR openTSNE CUDA","t-SNE","cuda","cuda","success",3,3,5220347,32,,30,"float32",1,,90.995,90.963,91.162,0.199000000000012,2.60515975952148,3513,0.973779059180577,0.384866666666667,0.444666666666667,0.4911,-0.203624138507501,0.4765,1.9983653014892,"/Users/stefano/Documents/fastEmbedR-results/FlowRepository_FR-FCM-ZYRM_files/standard/cuda/20260721_193418_1071192","/Users/stefano/Documents/fastEmbedR-results/FlowRepository_FR-FCM-ZYRM_files/standard/cuda/20260721_193418_1071192/benchmark_summary_median_variability.csv"
"FlowRepository_FR-FCM-ZYRM_filesuwot_fast_sgdcpu4cpu","FlowRepository_FR-FCM-ZYRM_files","uwot_fast_sgd","uwot::umap (fast_sgd = TRUE)","uwot UMAP fast SGD CPU (4 threads)","UMAP","cpu4","cpu","not_run",,,,,,,,,,,,,,,,,,,,,,,,
"FlowRepository_FR-FCM-ZYRM_filesfastEmbedR_umap_cpu_fuzzy_fullcpu4cpu","FlowRepository_FR-FCM-ZYRM_files","fastEmbedR_umap_cpu_fuzzy_full","fastEmbedR::umap (fuzzy)","fastEmbedR fuzzy UMAP CPU (4 threads)","UMAP","cpu4","cpu","not_run",,,,,,,,,,,,,,,,,,,,,,,,
"FlowRepository_FR-FCM-ZYRM_filesfastEmbedR_umap_cuda_fuzzy_fullcudacuda","FlowRepository_FR-FCM-ZYRM_files","fastEmbedR_umap_cuda_fuzzy_full","fastEmbedR::umap (fuzzy)","fastEmbedR fuzzy UMAP CUDA","UMAP","cuda","cuda","success",3,3,5220347,32,30,,"float32",1,,76.84,76.797,77.098,0.301000000000002,1.96230316162109,12887,0.96831298263362,0.354266666666667,0.442616666666667,0.50768,-0.191047925705389,0.479,,"/Users/stefano/Documents/fastEmbedR-results/FlowRepository_FR-FCM-ZYRM_files/standard/cuda/20260721_193418_1071192","/Users/stefano/Documents/fastEmbedR-results/FlowRepository_FR-FCM-ZYRM_files/standard/cuda/20260721_193418_1071192/benchmark_summary_median_variability.csv"
"FlowRepository_FR-FCM-ZYRM_filesfastEmbedR_umap_cpu_binary_fullcpu4cpu","FlowRepository_FR-FCM-ZYRM_files","fastEmbedR_umap_cpu_binary_full","fastEmbedR::umap (binary)","fastEmbedR binary UMAP CPU (4 threads)","UMAP","cpu4","cpu","not_run",,,,,,,,,,,,,,,,,,,,,,,,
"FlowRepository_FR-FCM-ZYRM_filesfastEmbedR_umap_cuda_binary_fullcudacuda","FlowRepository_FR-FCM-ZYRM_files","fastEmbedR_umap_cuda_binary_full","fastEmbedR::umap (binary)","fastEmbedR binary UMAP CUDA","UMAP","cuda","cuda","success",3,3,5220347,32,30,,"float32",1,,81.348,81.2575,81.718,0.460499999999996,1.94642639160156,12887,0.968729674591131,0.356866666666667,0.448783333333333,0.51353,-0.229021858576571,0.4725,,"/Users/stefano/Documents/fastEmbedR-results/FlowRepository_FR-FCM-ZYRM_files/standard/cuda/20260721_193418_1071192","/Users/stefano/Documents/fastEmbedR-results/FlowRepository_FR-FCM-ZYRM_files/standard/cuda/20260721_193418_1071192/benchmark_summary_median_variability.csv"
"flow18Rtsne_fullcpu4cpu","flow18","Rtsne_full","Rtsne::Rtsne","Rtsne CPU (4 threads)","t-SNE","cpu4","cpu","success",3,3,1000021,11,,30,"standard_R_double",4,4,1925.527,1893.5205,1970.9645,77.444,3.26904678344727,,0.77698406676783,0.171433333333333,0.2256,0.26739,-0.165879248907169,0.7445,2.70718790549303,"/Users/stefano/Documents/fastEmbedR-results/flow18/standard/cpu4/20260721_084502_1071180","/Users/stefano/Documents/fastEmbedR-results/flow18/standard/cpu4/20260721_084502_1071180/benchmark_summary_median_variability.csv"
"flow18KlugerLab_FItSNEcpu4cpu","flow18","KlugerLab_FItSNE","FIt-SNE","FIt-SNE CPU (4 threads)","t-SNE","cpu4","cpu","success",3,3,1000021,11,,30,"standard_R_double",4,4,464.383,455.6495,466.438,10.7885,3.33035278320312,,0.974468740515933,0.392266666666667,0.436033333333333,0.47803,0.0497212852703548,0.953,2.05813001059824,"/Users/stefano/Documents/fastEmbedR-results/flow18/standard/cpu4/20260721_084502_1071180","/Users/stefano/Documents/fastEmbedR-results/flow18/standard/cpu4/20260721_084502_1071180/benchmark_summary_median_variability.csv"
"flow18fastEmbedR_opentsne_cpu_fullcpu4cpu","flow18","fastEmbedR_opentsne_cpu_full","fastEmbedR::opentsne","fastEmbedR openTSNE CPU (4 threads)","t-SNE","cpu4","cpu","success",3,3,1000021,11,,30,"float32",4,4,356.27,356.091,358.955,2.86399999999998,1.94469833374023,,0.975126740853145,0.397766666666667,0.4387,0.47877,0.0538105049024427,0.955,2.02514999257983,"/Users/stefano/Documents/fastEmbedR-results/flow18/standard/cpu4/20260721_084502_1071180","/Users/stefano/Documents/fastEmbedR-results/flow18/standard/cpu4/20260721_084502_1071180/benchmark_summary_median_variability.csv"
"flow18fastEmbedR_opentsne_cuda_fullcudacuda","flow18","fastEmbedR_opentsne_cuda_full","fastEmbedR::opentsne","fastEmbedR openTSNE CUDA","t-SNE","cuda","cuda","success",3,3,1000021,11,,30,"float32",1,,5.471,5.44,5.5625,0.1225,0.944881439208984,1299,0.977266885853988,0.4009,0.441033333333333,0.48293,0.0710134739764368,0.956,1.99676421415215,"/Users/stefano/Documents/fastEmbedR-results/flow18/standard/cuda/20260721_193325_1071191","/Users/stefano/Documents/fastEmbedR-results/flow18/standard/cuda/20260721_193325_1071191/benchmark_summary_median_variability.csv"
"flow18uwot_fast_sgdcpu4cpu","flow18","uwot_fast_sgd","uwot::umap (fast_sgd = TRUE)","uwot UMAP fast SGD CPU (4 threads)","UMAP","cpu4","cpu","success",3,3,1000021,11,30,,"standard_R_double",4,4,789.126,784.3195,796.48,12.1605,6.57590103149414,,0.966161406170966,0.336866666666667,0.429433333333333,0.49989,0.397319316641167,0.9555,,"/Users/stefano/Documents/fastEmbedR-results/flow18/standard/cpu4/20260721_084502_1071180","/Users/stefano/Documents/fastEmbedR-results/flow18/standard/cpu4/20260721_084502_1071180/benchmark_summary_median_variability.csv"
"flow18fastEmbedR_umap_cpu_fuzzy_fullcpu4cpu","flow18","fastEmbedR_umap_cpu_fuzzy_full","fastEmbedR::umap (fuzzy)","fastEmbedR fuzzy UMAP CPU (4 threads)","UMAP","cpu4","cpu","success",3,3,1000021,11,30,,"float32",4,4,398.817,396.601,400.715,4.11400000000003,3.67353439331055,,0.964973882987692,0.3408,0.4298,0.49906,0.455608758050752,0.954,,"/Users/stefano/Documents/fastEmbedR-results/flow18/standard/cpu4/20260721_084502_1071180","/Users/stefano/Documents/fastEmbedR-results/flow18/standard/cpu4/20260721_084502_1071180/benchmark_summary_median_variability.csv"
"flow18fastEmbedR_umap_cuda_fuzzy_fullcudacuda","flow18","fastEmbedR_umap_cuda_fuzzy_full","fastEmbedR::umap (fuzzy)","fastEmbedR fuzzy UMAP CUDA","UMAP","cuda","cuda","success",3,3,1000021,11,30,,"float32",1,,1.77,1.7645,1.772,0.00750000000000006,0.898582458496094,2927,0.964518007081437,0.332533333333333,0.427016666666667,0.4983,0.396854143377644,0.952,,"/Users/stefano/Documents/fastEmbedR-results/flow18/standard/cuda/20260721_193325_1071191","/Users/stefano/Documents/fastEmbedR-results/flow18/standard/cuda/20260721_193325_1071191/benchmark_summary_median_variability.csv"
"flow18fastEmbedR_umap_cpu_binary_fullcpu4cpu","flow18","fastEmbedR_umap_cpu_binary_full","fastEmbedR::umap (binary)","fastEmbedR binary UMAP CPU (4 threads)","UMAP","cpu4","cpu","success",3,3,1000021,11,30,,"float32",4,4,878.961,877.1695,881.754,4.58450000000005,3.67349624633789,,0.966637481031866,0.3421,0.433583333333333,0.50457,0.461152006053576,0.9535,,"/Users/stefano/Documents/fastEmbedR-results/flow18/standard/cpu4/20260721_084502_1071180","/Users/stefano/Documents/fastEmbedR-results/flow18/standard/cpu4/20260721_084502_1071180/benchmark_summary_median_variability.csv"
"flow18fastEmbedR_umap_cuda_binary_fullcudacuda","flow18","fastEmbedR_umap_cuda_binary_full","fastEmbedR::umap (binary)","fastEmbedR binary UMAP CUDA","UMAP","cuda","cuda","success",3,3,1000021,11,30,,"float32",1,,2.562,2.5545,2.564,0.00950000000000006,0.898456573486328,2927,0.966115494857528,0.3362,0.4303,0.50304,0.40452541737143,0.9535,,"/Users/stefano/Documents/fastEmbedR-results/flow18/standard/cuda/20260721_193325_1071191","/Users/stefano/Documents/fastEmbedR-results/flow18/standard/cuda/20260721_193325_1071191/benchmark_summary_median_variability.csv"
"MNISTRtsne_fullcpu4cpu","MNIST","Rtsne_full","Rtsne::Rtsne","Rtsne CPU (4 threads)","t-SNE","cpu4","cpu","success",3,3,70000,784,,30,"standard_R_double",4,4,125.833,125.2995,126.935,1.63550000000001,2.14950942993164,,0.906553648955964,0.454154995331466,0.468534080298786,0.455182072829132,0.306602406517342,0.956582633053221,2.08283689222525,"/Users/stefano/Documents/fastEmbedR-results/MNIST/standard/cpu4/20260721_084502_1071186","/Users/stefano/Documents/fastEmbedR-results/MNIST/standard/cpu4/20260721_084502_1071186/benchmark_summary_median_variability.csv"
"MNISTKlugerLab_FItSNEcpu4cpu","MNIST","KlugerLab_FItSNE","FIt-SNE","FIt-SNE CPU (4 threads)","t-SNE","cpu4","cpu","success",3,3,70000,784,,30,"standard_R_double",4,4,116.486,114.558,116.6355,2.07750000000001,3.1267204284668,,0.916664166872731,0.437721755368814,0.461297852474323,0.459383753501401,0.335344106781681,0.950980392156863,2.28072091890017,"/Users/stefano/Documents/fastEmbedR-results/MNIST/standard/cpu4/20260721_084502_1071186","/Users/stefano/Documents/fastEmbedR-results/MNIST/standard/cpu4/20260721_084502_1071186/benchmark_summary_median_variability.csv"
"MNISTfastEmbedR_opentsne_cpu_fullcpu4cpu","MNIST","fastEmbedR_opentsne_cpu_full","fastEmbedR::opentsne","fastEmbedR openTSNE CPU (4 threads)","t-SNE","cpu4","cpu","success",3,3,70000,784,,30,"float32",4,4,69.556,68.632,69.6135,0.981499999999997,1.74161148071289,,0.923649266749633,0.456769374416433,0.477124183006536,0.46453781512605,0.357363449095772,0.952380952380952,2.22366443327544,"/Users/stefano/Documents/fastEmbedR-results/MNIST/standard/cpu4/20260721_084502_1071186","/Users/stefano/Documents/fastEmbedR-results/MNIST/standard/cpu4/20260721_084502_1071186/benchmark_summary_median_variability.csv"
"MNISTfastEmbedR_opentsne_cuda_fullcudacuda","MNIST","fastEmbedR_opentsne_cuda_full","fastEmbedR::opentsne","fastEmbedR openTSNE CUDA","t-SNE","cuda","cuda","success",3,3,70000,784,,30,"float32",1,,1.938,1.912,1.9645,0.0525000000000002,1.45226669311523,2807,0.924249082170254,0.457609710550887,0.474276377217554,0.465238095238095,0.375693481358488,0.96218487394958,2.20898030411275,"/Users/stefano/Documents/fastEmbedR-results/MNIST/standard/cuda/20260722_125640_1071197","/Users/stefano/Documents/fastEmbedR-results/MNIST/standard/cuda/20260722_125640_1071197/benchmark_summary_median_variability.csv"
"MNISTuwot_fast_sgdcpu4cpu","MNIST","uwot_fast_sgd","uwot::umap (fast_sgd = TRUE)","uwot UMAP fast SGD CPU (4 threads)","UMAP","cpu4","cpu","success",3,3,70000,784,30,,"standard_R_double",4,4,65.338,65.188,65.371,0.183000000000007,1.61708450317383,,0.928768439358377,0.472549019607843,0.491316526610644,0.475658263305322,0.533163900955265,0.96218487394958,,"/Users/stefano/Documents/fastEmbedR-results/MNIST/standard/cpu4/20260721_084502_1071186","/Users/stefano/Documents/fastEmbedR-results/MNIST/standard/cpu4/20260721_084502_1071186/benchmark_summary_median_variability.csv"
"MNISTfastEmbedR_umap_cpu_fuzzy_fullcpu4cpu","MNIST","fastEmbedR_umap_cpu_fuzzy_full","fastEmbedR::umap (fuzzy)","fastEmbedR fuzzy UMAP CPU (4 threads)","UMAP","cpu4","cpu","success",3,3,70000,784,30,,"float32",4,4,50.042,49.136,50.1945,1.05850000000001,0.79296875,,0.925011451758706,0.46984126984127,0.490056022408964,0.474957983193277,0.534631277350005,0.959383753501401,,"/Users/stefano/Documents/fastEmbedR-results/MNIST/standard/cpu4/20260721_084502_1071186","/Users/stefano/Documents/fastEmbedR-results/MNIST/standard/cpu4/20260721_084502_1071186/benchmark_summary_median_variability.csv"
"MNISTfastEmbedR_umap_cuda_fuzzy_fullcudacuda","MNIST","fastEmbedR_umap_cuda_fuzzy_full","fastEmbedR::umap (fuzzy)","fastEmbedR fuzzy UMAP CUDA","UMAP","cuda","cuda","success",3,3,70000,784,30,,"float32",1,,0.991,0.977,0.9965,0.0195,1.13073348999023,2807,0.927346664666832,0.46750700280112,0.490429505135387,0.474397759103641,0.518540715374824,0.963585434173669,,"/Users/stefano/Documents/fastEmbedR-results/MNIST/standard/cuda/20260722_125640_1071197","/Users/stefano/Documents/fastEmbedR-results/MNIST/standard/cuda/20260722_125640_1071197/benchmark_summary_median_variability.csv"
"MNISTfastEmbedR_umap_cpu_binary_fullcpu4cpu","MNIST","fastEmbedR_umap_cpu_binary_full","fastEmbedR::umap (binary)","fastEmbedR binary UMAP CPU (4 threads)","UMAP","cpu4","cpu","success",3,3,70000,784,30,,"float32",4,4,113.974,113.3575,114.453,1.0955,0.789382934570312,,0.927699203173792,0.470681605975724,0.496825396825397,0.482212885154062,0.506096844476913,0.945378151260504,,"/Users/stefano/Documents/fastEmbedR-results/MNIST/standard/cpu4/20260721_084502_1071186","/Users/stefano/Documents/fastEmbedR-results/MNIST/standard/cpu4/20260721_084502_1071186/benchmark_summary_median_variability.csv"
"MNISTfastEmbedR_umap_cuda_binary_fullcudacuda","MNIST","fastEmbedR_umap_cuda_binary_full","fastEmbedR::umap (binary)","fastEmbedR binary UMAP CUDA","UMAP","cuda","cuda","success",3,3,70000,784,30,,"float32",1,,1.047,1.0415,1.0535,0.012,1.15337753295898,2807,0.926001099909332,0.467600373482726,0.494677871148459,0.485490196078431,0.488869299650653,0.949579831932773,,"/Users/stefano/Documents/fastEmbedR-results/MNIST/standard/cuda/20260722_125640_1071197","/Users/stefano/Documents/fastEmbedR-results/MNIST/standard/cuda/20260722_125640_1071197/benchmark_summary_median_variability.csv"
"imagenetRtsne_fullcpu4cpu","imagenet","Rtsne_full","Rtsne::Rtsne","Rtsne CPU (4 threads)","t-SNE","cpu4","cpu","failed",1,0,,,,30,"standard_R_double",4,4,,,,,30.780086517334,,,,,,,,,"/Users/stefano/Documents/fastEmbedR-results/imagenet/standard/cpu4/20260721_084502_1071182","/Users/stefano/Documents/fastEmbedR-results/imagenet/standard/cpu4/20260721_084502_1071182/benchmark_summary_median_variability.csv"
"imagenetKlugerLab_FItSNEcpu4cpu","imagenet","KlugerLab_FItSNE","FIt-SNE","FIt-SNE CPU (4 threads)","t-SNE","cpu4","cpu","failed",1,0,,,,30,"standard_R_double",4,4,,,,,30.7849082946777,,,,,,,,,"/Users/stefano/Documents/fastEmbedR-results/imagenet/standard/cpu4/20260721_084502_1071182","/Users/stefano/Documents/fastEmbedR-results/imagenet/standard/cpu4/20260721_084502_1071182/benchmark_summary_median_variability.csv"
"imagenetfastEmbedR_opentsne_cpu_fullcpu4cpu","imagenet","fastEmbedR_opentsne_cpu_full","fastEmbedR::opentsne","fastEmbedR openTSNE CPU (4 threads)","t-SNE","cpu4","cpu","success",3,3,1281167,1024,,30,"float32",4,4,1026.293,1022.584,1063.0515,40.4675000000001,30.4797821044922,,0.612870697674419,0.133226666666667,0.130026666666667,0.15024,0.513199013955506,0.032,4.24286362328248,"/Users/stefano/Documents/fastEmbedR-results/imagenet/standard/cpu4/20260721_084502_1071182","/Users/stefano/Documents/fastEmbedR-results/imagenet/standard/cpu4/20260721_084502_1071182/benchmark_summary_median_variability.csv"
"imagenetfastEmbedR_opentsne_cuda_fullcudacuda","imagenet","fastEmbedR_opentsne_cuda_full","fastEmbedR::opentsne","fastEmbedR openTSNE CUDA","t-SNE","cuda","cuda","not_run",,,,,,,,,,,,,,,,,,,,,,,,
"imagenetuwot_fast_sgdcpu4cpu","imagenet","uwot_fast_sgd","uwot::umap (fast_sgd = TRUE)","uwot UMAP fast SGD CPU (4 threads)","UMAP","cpu4","cpu","failed",3,0,,,30,,"standard_R_double",4,4,,,,,30.6557846069336,,,,,,,,,"/Users/stefano/Documents/fastEmbedR-results/imagenet/standard/cpu4/20260721_084502_1071182","/Users/stefano/Documents/fastEmbedR-results/imagenet/standard/cpu4/20260721_084502_1071182/benchmark_summary_median_variability.csv"
"imagenetfastEmbedR_umap_cpu_fuzzy_fullcpu4cpu","imagenet","fastEmbedR_umap_cpu_fuzzy_full","fastEmbedR::umap (fuzzy)","fastEmbedR fuzzy UMAP CPU (4 threads)","UMAP","cpu4","cpu","success",3,3,1281167,1024,30,,"float32",4,4,1166.129,1142.6765,1180.3525,37.6759999999999,11.1484489440918,,0.588191716500554,0.114773333333333,0.107466666666667,0.127072,0.557633670395338,0.0368,,"/Users/stefano/Documents/fastEmbedR-results/imagenet/standard/cpu4/20260721_084502_1071182","/Users/stefano/Documents/fastEmbedR-results/imagenet/standard/cpu4/20260721_084502_1071182/benchmark_summary_median_variability.csv"
"imagenetfastEmbedR_umap_cuda_fuzzy_fullcudacuda","imagenet","fastEmbedR_umap_cuda_fuzzy_full","fastEmbedR::umap (fuzzy)","fastEmbedR fuzzy UMAP CUDA","UMAP","cuda","cuda","not_run",,,,,,,,,,,,,,,,,,,,,,,,
"imagenetfastEmbedR_umap_cpu_binary_fullcpu4cpu","imagenet","fastEmbedR_umap_cpu_binary_full","fastEmbedR::umap (binary)","fastEmbedR binary UMAP CPU (4 threads)","UMAP","cpu4","cpu","success",3,3,1281167,1024,30,,"float32",4,4,2140.43,2138.4165,2217.4195,79.0030000000002,11.1483383178711,,0.62593080841639,0.148266666666667,0.14048,0.157696,0.596757515461277,0.0288,,"/Users/stefano/Documents/fastEmbedR-results/imagenet/standard/cpu4/20260721_084502_1071182","/Users/stefano/Documents/fastEmbedR-results/imagenet/standard/cpu4/20260721_084502_1071182/benchmark_summary_median_variability.csv"
"imagenetfastEmbedR_umap_cuda_binary_fullcudacuda","imagenet","fastEmbedR_umap_cuda_binary_full","fastEmbedR::umap (binary)","fastEmbedR binary UMAP CUDA","UMAP","cuda","cuda","not_run",,,,,,,,,,,,,,,,,,,,,,,,
"MetRefRtsne_fullcpu4cpu","MetRef","Rtsne_full","Rtsne::Rtsne","Rtsne CPU (4 threads)","t-SNE","cpu4","cpu","success",3,3,873,375,,30,"standard_R_double",4,4,0.878,0.864,0.879,0.015,0.417247772216797,,0.878097163263931,0.444902634593356,0.412600229095074,0.372943871706758,0.0232237019081752,0.698739977090493,2.01796043906024,"/Users/stefano/Documents/fastEmbedR-results/MetRef/standard/cpu4/20260721_084502_1071185","/Users/stefano/Documents/fastEmbedR-results/MetRef/standard/cpu4/20260721_084502_1071185/benchmark_summary_median_variability.csv"
"MetRefKlugerLab_FItSNEcpu4cpu","MetRef","KlugerLab_FItSNE","FIt-SNE","FIt-SNE CPU (4 threads)","t-SNE","cpu4","cpu","success",3,3,873,375,,30,"standard_R_double",4,4,5.548,5.1425,5.736,0.593500000000001,0.517936706542969,,0.868530692001887,0.437647957235586,0.403512791141657,0.368339060710195,0.0216918840889561,0.7262313860252,2.1166902407364,"/Users/stefano/Documents/fastEmbedR-results/MetRef/standard/cpu4/20260721_084502_1071185","/Users/stefano/Documents/fastEmbedR-results/MetRef/standard/cpu4/20260721_084502_1071185/benchmark_summary_median_variability.csv"
"MetReffastEmbedR_opentsne_cpu_fullcpu4cpu","MetRef","fastEmbedR_opentsne_cpu_full","fastEmbedR::opentsne","fastEmbedR openTSNE CPU (4 threads)","t-SNE","cpu4","cpu","success",3,3,873,375,,30,"float32",4,4,1.761,1.753,1.767,0.0139999999999998,0.517345428466797,,0.884126586258788,0.439251622756777,0.442764413898435,0.402542955326461,0.0330833412114059,0.707903780068729,1.8338908207125,"/Users/stefano/Documents/fastEmbedR-results/MetRef/standard/cpu4/20260721_084502_1071185","/Users/stefano/Documents/fastEmbedR-results/MetRef/standard/cpu4/20260721_084502_1071185/benchmark_summary_median_variability.csv"
"MetReffastEmbedR_opentsne_cuda_fullcudacuda","MetRef","fastEmbedR_opentsne_cuda_full","fastEmbedR::opentsne","fastEmbedR openTSNE CUDA","t-SNE","cuda","cuda","success",3,3,873,375,,30,"float32",1,,0.701,0.701,0.7405,0.0395,0.990623474121094,2029,0.885633223277856,0.442306223749523,0.451355479190531,0.411592210767468,0.0550213371908667,0.722794959908362,1.82390288204151,"/Users/stefano/Documents/fastEmbedR-results/MetRef/standard/cuda/20260722_125527_1071196","/Users/stefano/Documents/fastEmbedR-results/MetRef/standard/cuda/20260722_125527_1071196/benchmark_summary_median_variability.csv"
"MetRefuwot_fast_sgdcpu4cpu","MetRef","uwot_fast_sgd","uwot::umap (fast_sgd = TRUE)","uwot UMAP fast SGD CPU (4 threads)","UMAP","cpu4","cpu","success",3,3,873,375,30,,"standard_R_double",4,4,1.578,1.5615,1.622,0.0604999999999998,0.485088348388672,,0.864647305886845,0.409316533027873,0.422947689957999,0.384490263459336,0.161042559450164,0.725085910652921,,"/Users/stefano/Documents/fastEmbedR-results/MetRef/standard/cpu4/20260721_084502_1071185","/Users/stefano/Documents/fastEmbedR-results/MetRef/standard/cpu4/20260721_084502_1071185/benchmark_summary_median_variability.csv"
"MetReffastEmbedR_umap_cpu_fuzzy_fullcpu4cpu","MetRef","fastEmbedR_umap_cpu_fuzzy_full","fastEmbedR::umap (fuzzy)","fastEmbedR fuzzy UMAP CPU (4 threads)","UMAP","cpu4","cpu","success",3,3,873,375,30,,"float32",4,4,0.669,0.665,0.6835,0.0185,0.420673370361328,,0.86227702535768,0.401221840397098,0.414471172203131,0.383825887743414,0.130845559389812,0.703321878579611,,"/Users/stefano/Documents/fastEmbedR-results/MetRef/standard/cpu4/20260721_084502_1071185","/Users/stefano/Documents/fastEmbedR-results/MetRef/standard/cpu4/20260721_084502_1071185/benchmark_summary_median_variability.csv"
"MetReffastEmbedR_umap_cuda_fuzzy_fullcudacuda","MetRef","fastEmbedR_umap_cuda_fuzzy_full","fastEmbedR::umap (fuzzy)","fastEmbedR fuzzy UMAP CUDA","UMAP","cuda","cuda","success",3,3,873,375,30,,"float32",1,,0.58,0.5735,0.641,0.0675000000000001,0.909629821777344,1997,0.870686970779148,0.421000381825124,0.42401680030546,0.386254295532646,0.151632483743507,0.717067583046964,,"/Users/stefano/Documents/fastEmbedR-results/MetRef/standard/cuda/20260722_125527_1071196","/Users/stefano/Documents/fastEmbedR-results/MetRef/standard/cuda/20260722_125527_1071196/benchmark_summary_median_variability.csv"
"MetReffastEmbedR_umap_cpu_binary_fullcpu4cpu","MetRef","fastEmbedR_umap_cpu_binary_full","fastEmbedR::umap (binary)","fastEmbedR binary UMAP CPU (4 threads)","UMAP","cpu4","cpu","success",3,3,873,375,30,,"float32",4,4,0.955,0.9475,0.958,0.0105,0.4119873046875,,0.801959167172023,0.278426880488736,0.347155402825506,0.360114547537228,-0.0298519577240669,0.550973654066438,,"/Users/stefano/Documents/fastEmbedR-results/MetRef/standard/cpu4/20260721_084502_1071185","/Users/stefano/Documents/fastEmbedR-results/MetRef/standard/cpu4/20260721_084502_1071185/benchmark_summary_median_variability.csv"
"MetReffastEmbedR_umap_cuda_binary_fullcudacuda","MetRef","fastEmbedR_umap_cuda_binary_full","fastEmbedR::umap (binary)","fastEmbedR binary UMAP CUDA","UMAP","cuda","cuda","success",3,3,873,375,30,,"float32",1,,0.578,0.5725,0.5795,0.0069999999999999,0.905132293701172,1993,0.81597116097298,0.300267277586865,0.363535700649103,0.371408934707904,-0.0218946394802118,0.549828178694158,,"/Users/stefano/Documents/fastEmbedR-results/MetRef/standard/cuda/20260722_125527_1071196","/Users/stefano/Documents/fastEmbedR-results/MetRef/standard/cuda/20260722_125527_1071196/benchmark_summary_median_variability.csv"
"mass41Rtsne_fullcpu4cpu","mass41","Rtsne_full","Rtsne::Rtsne","Rtsne CPU (4 threads)","t-SNE","cpu4","cpu","success",3,3,965282,14,,30,"standard_R_double",4,4,2307.297,2278.5975,2461.8,183.2025,3.40436553955078,,0.868080374304502,0.2215,0.29875,0.36333,0.0687537047460859,0.762,2.46954531075272,"/Users/stefano/Documents/fastEmbedR-results/mass41/standard/cpu4/20260721_084502_1071184","/Users/stefano/Documents/fastEmbedR-results/mass41/standard/cpu4/20260721_084502_1071184/benchmark_summary_median_variability.csv"
"mass41KlugerLab_FItSNEcpu4cpu","mass41","KlugerLab_FItSNE","FIt-SNE","FIt-SNE CPU (4 threads)","t-SNE","cpu4","cpu","success",3,3,965282,14,,30,"standard_R_double",4,4,403.201,402.441,403.5115,1.07049999999998,3.48016738891602,,0.970281891755185,0.3423,0.3981,0.45512,0.191875033837874,0.8895,2.10785548429744,"/Users/stefano/Documents/fastEmbedR-results/mass41/standard/cpu4/20260721_084502_1071184","/Users/stefano/Documents/fastEmbedR-results/mass41/standard/cpu4/20260721_084502_1071184/benchmark_summary_median_variability.csv"
"mass41fastEmbedR_opentsne_cpu_fullcpu4cpu","mass41","fastEmbedR_opentsne_cpu_full","fastEmbedR::opentsne","fastEmbedR openTSNE CPU (4 threads)","t-SNE","cpu4","cpu","success",3,3,965282,14,,30,"float32",4,4,339.476,335.8885,340.782,4.89350000000002,1.94624328613281,,0.973045624683864,0.3511,0.409116666666667,0.46672,0.211441243569074,0.879,2.06647044994884,"/Users/stefano/Documents/fastEmbedR-results/mass41/standard/cpu4/20260721_084502_1071184","/Users/stefano/Documents/fastEmbedR-results/mass41/standard/cpu4/20260721_084502_1071184/benchmark_summary_median_variability.csv"
"mass41fastEmbedR_opentsne_cuda_fullcudacuda","mass41","fastEmbedR_opentsne_cuda_full","fastEmbedR::opentsne","fastEmbedR openTSNE CUDA","t-SNE","cuda","cuda","success",3,3,965282,14,,30,"float32",1,,5.773,5.772,5.882,0.109999999999999,0.926914215087891,1295,0.975007975046367,0.354666666666667,0.415983333333333,0.47199,0.225740431704233,0.887,2.03943211118098,"/Users/stefano/Documents/fastEmbedR-results/mass41/standard/cuda/20260722_125342_1071195","/Users/stefano/Documents/fastEmbedR-results/mass41/standard/cuda/20260722_125342_1071195/benchmark_summary_median_variability.csv"
"mass41uwot_fast_sgdcpu4cpu","mass41","uwot_fast_sgd","uwot::umap (fast_sgd = TRUE)","uwot UMAP fast SGD CPU (4 threads)","UMAP","cpu4","cpu","success",3,3,965282,14,30,,"standard_R_double",4,4,407.708,401.999,408.693,6.69399999999996,6.0094108581543,,0.971277491148204,0.311133333333333,0.41075,0.4958,0.317428879195473,0.8965,,"/Users/stefano/Documents/fastEmbedR-results/mass41/standard/cpu4/20260721_084502_1071184","/Users/stefano/Documents/fastEmbedR-results/mass41/standard/cpu4/20260721_084502_1071184/benchmark_summary_median_variability.csv"
"mass41fastEmbedR_umap_cpu_fuzzy_fullcpu4cpu","mass41","fastEmbedR_umap_cpu_fuzzy_full","fastEmbedR::umap (fuzzy)","fastEmbedR fuzzy UMAP CPU (4 threads)","UMAP","cpu4","cpu","success",3,3,965282,14,30,,"float32",4,4,411.15,399.5725,414.45,14.8775,3.78664398193359,,0.971090574945203,0.312533333333333,0.4102,0.49573,0.346937714230203,0.9075,,"/Users/stefano/Documents/fastEmbedR-results/mass41/standard/cpu4/20260721_084502_1071184","/Users/stefano/Documents/fastEmbedR-results/mass41/standard/cpu4/20260721_084502_1071184/benchmark_summary_median_variability.csv"
"mass41fastEmbedR_umap_cuda_fuzzy_fullcudacuda","mass41","fastEmbedR_umap_cuda_fuzzy_full","fastEmbedR::umap (fuzzy)","fastEmbedR fuzzy UMAP CUDA","UMAP","cuda","cuda","success",3,3,965282,14,30,,"float32",1,,2.151,2.1435,2.1565,0.0129999999999999,0.876422882080078,2845,0.970044275838813,0.3103,0.409,0.49219,0.289736692010766,0.9005,,"/Users/stefano/Documents/fastEmbedR-results/mass41/standard/cuda/20260722_125342_1071195","/Users/stefano/Documents/fastEmbedR-results/mass41/standard/cuda/20260722_125342_1071195/benchmark_summary_median_variability.csv"
"mass41fastEmbedR_umap_cpu_binary_fullcpu4cpu","mass41","fastEmbedR_umap_cpu_binary_full","fastEmbedR::umap (binary)","fastEmbedR binary UMAP CPU (4 threads)","UMAP","cpu4","cpu","success",3,3,965282,14,30,,"float32",4,4,844.689,831.2275,846.19,14.9625000000001,3.78665924072266,,0.970508093070308,0.315333333333333,0.413716666666667,0.49756,0.313163279388282,0.906,,"/Users/stefano/Documents/fastEmbedR-results/mass41/standard/cpu4/20260721_084502_1071184","/Users/stefano/Documents/fastEmbedR-results/mass41/standard/cpu4/20260721_084502_1071184/benchmark_summary_median_variability.csv"
"mass41fastEmbedR_umap_cuda_binary_fullcudacuda","mass41","fastEmbedR_umap_cuda_binary_full","fastEmbedR::umap (binary)","fastEmbedR binary UMAP CUDA","UMAP","cuda","cuda","success",3,3,965282,14,30,,"float32",1,,3.009,2.967,3.0185,0.0515000000000003,0.87646484375,2845,0.970762636992076,0.311466666666667,0.41075,0.49424,0.313611168919156,0.909,,"/Users/stefano/Documents/fastEmbedR-results/mass41/standard/cuda/20260722_125342_1071195","/Users/stefano/Documents/fastEmbedR-results/mass41/standard/cuda/20260722_125342_1071195/benchmark_summary_median_variability.csv"
"TabulaMurisRtsne_fullcpu4cpu","TabulaMuris","Rtsne_full","Rtsne::Rtsne","Rtsne CPU (4 threads)","t-SNE","cpu4","cpu","success",3,3,100102,50,,30,"standard_R_double",4,4,105.214,103.5255,109.9245,6.399,0.586219787597656,,0.93335397066262,0.605033333333333,0.562966666666667,0.50861,-0.120308228109144,0.814,1.87722105023335,"/Users/stefano/Documents/fastEmbedR-results/TabulaMuris/standard/cpu4/20260721_084502_1071187","/Users/stefano/Documents/fastEmbedR-results/TabulaMuris/standard/cpu4/20260721_084502_1071187/benchmark_summary_median_variability.csv"
"TabulaMurisKlugerLab_FItSNEcpu4cpu","TabulaMuris","KlugerLab_FItSNE","FIt-SNE","FIt-SNE CPU (4 threads)","t-SNE","cpu4","cpu","success",3,3,100102,50,,30,"standard_R_double",4,4,59.028,58.5645,61.0525,2.488,0.690887451171875,,0.977028662957343,0.621866666666667,0.609283333333333,0.58388,-0.0101429946628614,0.8385,1.73604062979369,"/Users/stefano/Documents/fastEmbedR-results/TabulaMuris/standard/cpu4/20260721_084502_1071187","/Users/stefano/Documents/fastEmbedR-results/TabulaMuris/standard/cpu4/20260721_084502_1071187/benchmark_summary_median_variability.csv"
"TabulaMurisfastEmbedR_opentsne_cpu_fullcpu4cpu","TabulaMuris","fastEmbedR_opentsne_cpu_full","fastEmbedR::opentsne","fastEmbedR openTSNE CPU (4 threads)","t-SNE","cpu4","cpu","success",3,3,100102,50,,30,"float32",4,4,48.91,47.3595,49.8775,2.518,0.698776245117188,,0.97680944191536,0.6261,0.61795,0.59111,-0.0180952087122255,0.84,1.71132940926134,"/Users/stefano/Documents/fastEmbedR-results/TabulaMuris/standard/cpu4/20260721_084502_1071187","/Users/stefano/Documents/fastEmbedR-results/TabulaMuris/standard/cpu4/20260721_084502_1071187/benchmark_summary_median_variability.csv"
"TabulaMurisfastEmbedR_opentsne_cuda_fullcudacuda","TabulaMuris","fastEmbedR_opentsne_cuda_full","fastEmbedR::opentsne","fastEmbedR openTSNE CUDA","t-SNE","cuda","cuda","success",3,3,100102,50,,30,"float32",1,,3.088,3.086,3.172,0.0859999999999994,0.817470550537109,927,0.983247091552858,0.641166666666667,0.631933333333333,0.60372,0.0162886694000834,0.8405,1.66563938335067,"/Users/stefano/Documents/fastEmbedR-results/TabulaMuris/standard/cuda/20260722_155959_1071198","/Users/stefano/Documents/fastEmbedR-results/TabulaMuris/standard/cuda/20260722_155959_1071198/benchmark_summary_median_variability.csv"
"TabulaMurisuwot_fast_sgdcpu4cpu","TabulaMuris","uwot_fast_sgd","uwot::umap (fast_sgd = TRUE)","uwot UMAP fast SGD CPU (4 threads)","UMAP","cpu4","cpu","success",3,3,100102,50,30,,"standard_R_double",4,4,59.054,58.2395,59.3975,1.158,0.915767669677734,,0.981968942842691,0.631466666666667,0.640133333333333,0.62077,0.0507538146772948,0.827,,"/Users/stefano/Documents/fastEmbedR-results/TabulaMuris/standard/cpu4/20260721_084502_1071187","/Users/stefano/Documents/fastEmbedR-results/TabulaMuris/standard/cpu4/20260721_084502_1071187/benchmark_summary_median_variability.csv"
"TabulaMurisfastEmbedR_umap_cpu_fuzzy_fullcpu4cpu","TabulaMuris","fastEmbedR_umap_cpu_fuzzy_full","fastEmbedR::umap (fuzzy)","fastEmbedR fuzzy UMAP CPU (4 threads)","UMAP","cpu4","cpu","success",3,3,100102,50,30,,"float32",4,4,33.012,32.0025,33.3695,1.367,0.710742950439453,,0.970258978249874,0.620233333333333,0.6115,0.57886,-0.0708903607449774,0.819,,"/Users/stefano/Documents/fastEmbedR-results/TabulaMuris/standard/cpu4/20260721_084502_1071187","/Users/stefano/Documents/fastEmbedR-results/TabulaMuris/standard/cpu4/20260721_084502_1071187/benchmark_summary_median_variability.csv"
"TabulaMurisfastEmbedR_umap_cuda_fuzzy_fullcudacuda","TabulaMuris","fastEmbedR_umap_cuda_fuzzy_full","fastEmbedR::umap (fuzzy)","fastEmbedR fuzzy UMAP CUDA","UMAP","cuda","cuda","success",3,3,100102,50,30,,"float32",1,,0.891,0.8695,0.9395,0.0700000000000001,0.771785736083984,641,0.96363631765301,0.616533333333333,0.603483333333333,0.57191,-0.0593576130411034,0.8135,,"/Users/stefano/Documents/fastEmbedR-results/TabulaMuris/standard/cuda/20260722_155959_1071198","/Users/stefano/Documents/fastEmbedR-results/TabulaMuris/standard/cuda/20260722_155959_1071198/benchmark_summary_median_variability.csv"
"TabulaMurisfastEmbedR_umap_cpu_binary_fullcpu4cpu","TabulaMuris","fastEmbedR_umap_cpu_binary_full","fastEmbedR::umap (binary)","fastEmbedR binary UMAP CPU (4 threads)","UMAP","cpu4","cpu","success",3,3,100102,50,30,,"float32",4,4,105.016,104.9,106.388,1.488,0.710502624511719,,0.98556904400607,0.630833333333333,0.647966666666667,0.63157,-0.0407259730858024,0.8135,,"/Users/stefano/Documents/fastEmbedR-results/TabulaMuris/standard/cpu4/20260721_084502_1071187","/Users/stefano/Documents/fastEmbedR-results/TabulaMuris/standard/cpu4/20260721_084502_1071187/benchmark_summary_median_variability.csv"
"TabulaMurisfastEmbedR_umap_cuda_binary_fullcudacuda","TabulaMuris","fastEmbedR_umap_cuda_binary_full","fastEmbedR::umap (binary)","fastEmbedR binary UMAP CUDA","UMAP","cuda","cuda","success",3,3,100102,50,30,,"float32",1,,0.981,0.969,1.042,0.0730000000000001,0.771156311035156,799,0.983853296240094,0.635433333333333,0.649883333333333,0.6406,-0.000309037303987841,0.8255,,"/Users/stefano/Documents/fastEmbedR-results/TabulaMuris/standard/cuda/20260722_155959_1071198","/Users/stefano/Documents/fastEmbedR-results/TabulaMuris/standard/cuda/20260722_155959_1071198/benchmark_summary_median_variability.csv"
"Macosko2015_retinaRtsne_fullcpu4cpu","Macosko2015_retina","Rtsne_full","Rtsne::Rtsne","Rtsne CPU (4 threads)","t-SNE","cpu4","cpu","success",3,3,44808,50,,30,"standard_R_double",4,4,52.268,50.235,53.8065,3.5715,0.546253204345703,,0.919542286292362,0.374666666666667,0.4127,0.45024,-0.0189327737857118,0.9675,1.87490299638203,"/Users/stefano/Documents/fastEmbedR-results/Macosko2015_retina/standard/cpu4/20260721_084502_1071183","/Users/stefano/Documents/fastEmbedR-results/Macosko2015_retina/standard/cpu4/20260721_084502_1071183/benchmark_summary_median_variability.csv"
"Macosko2015_retinaKlugerLab_FItSNEcpu4cpu","Macosko2015_retina","KlugerLab_FItSNE","FIt-SNE","FIt-SNE CPU (4 threads)","t-SNE","cpu4","cpu","success",3,3,44808,50,,30,"standard_R_double",4,4,36.717,36.684,37.5765,0.892499999999998,0.580257415771484,,0.92447376496375,0.3753,0.410566666666667,0.44878,0.0253299828301987,0.9675,2.00261638683096,"/Users/stefano/Documents/fastEmbedR-results/Macosko2015_retina/standard/cpu4/20260721_084502_1071183","/Users/stefano/Documents/fastEmbedR-results/Macosko2015_retina/standard/cpu4/20260721_084502_1071183/benchmark_summary_median_variability.csv"
"Macosko2015_retinafastEmbedR_opentsne_cpu_fullcpu4cpu","Macosko2015_retina","fastEmbedR_opentsne_cpu_full","fastEmbedR::opentsne","fastEmbedR openTSNE CPU (4 threads)","t-SNE","cpu4","cpu","success",3,3,44808,50,,30,"float32",4,4,19.013,18.328,19.028,0.699999999999996,0.607166290283203,,0.925181301635475,0.3868,0.418516666666667,0.4516,-0.0106501767444388,0.9675,2.01303228158539,"/Users/stefano/Documents/fastEmbedR-results/Macosko2015_retina/standard/cpu4/20260721_084502_1071183","/Users/stefano/Documents/fastEmbedR-results/Macosko2015_retina/standard/cpu4/20260721_084502_1071183/benchmark_summary_median_variability.csv"
"Macosko2015_retinafastEmbedR_opentsne_cuda_fullcudacuda","Macosko2015_retina","fastEmbedR_opentsne_cuda_full","fastEmbedR::opentsne","fastEmbedR openTSNE CUDA","t-SNE","cuda","cuda","success",3,3,44808,50,,30,"float32",1,,0.916,0.916,1.007,0.0910000000000001,0.987293243408203,2107,0.924561355589277,0.386733333333333,0.423583333333333,0.45892,0.089557979583277,0.966,1.91315897801347,"/Users/stefano/Documents/fastEmbedR-results/Macosko2015_retina/standard/cuda/20260722_125341_1071194","/Users/stefano/Documents/fastEmbedR-results/Macosko2015_retina/standard/cuda/20260722_125341_1071194/benchmark_summary_median_variability.csv"
"Macosko2015_retinauwot_fast_sgdcpu4cpu","Macosko2015_retina","uwot_fast_sgd","uwot::umap (fast_sgd = TRUE)","uwot UMAP fast SGD CPU (4 threads)","UMAP","cpu4","cpu","success",3,3,44808,50,30,,"standard_R_double",4,4,20.831,20.275,21.59,1.315,0.73126220703125,,0.918991316809981,0.350366666666667,0.40715,0.45848,0.35418137901349,0.964,,"/Users/stefano/Documents/fastEmbedR-results/Macosko2015_retina/standard/cpu4/20260721_084502_1071183","/Users/stefano/Documents/fastEmbedR-results/Macosko2015_retina/standard/cpu4/20260721_084502_1071183/benchmark_summary_median_variability.csv"
"Macosko2015_retinafastEmbedR_umap_cpu_fuzzy_fullcpu4cpu","Macosko2015_retina","fastEmbedR_umap_cpu_fuzzy_full","fastEmbedR::umap (fuzzy)","fastEmbedR fuzzy UMAP CPU (4 threads)","UMAP","cpu4","cpu","success",3,3,44808,50,30,,"float32",4,4,17.928,17.3765,18.6075,1.231,0.528007507324219,,0.91882505479683,0.355433333333333,0.4069,0.45491,0.345522759328256,0.9635,,"/Users/stefano/Documents/fastEmbedR-results/Macosko2015_retina/standard/cpu4/20260721_084502_1071183","/Users/stefano/Documents/fastEmbedR-results/Macosko2015_retina/standard/cpu4/20260721_084502_1071183/benchmark_summary_median_variability.csv"
"Macosko2015_retinafastEmbedR_umap_cuda_fuzzy_fullcudacuda","Macosko2015_retina","fastEmbedR_umap_cuda_fuzzy_full","fastEmbedR::umap (fuzzy)","fastEmbedR fuzzy UMAP CUDA","UMAP","cuda","cuda","success",3,3,44808,50,30,,"float32",1,,0.656,0.656,0.6675,0.0115,0.941627502441406,2031,0.912367442252571,0.3466,0.399033333333333,0.44217,0.325290946585166,0.9645,,"/Users/stefano/Documents/fastEmbedR-results/Macosko2015_retina/standard/cuda/20260722_125341_1071194","/Users/stefano/Documents/fastEmbedR-results/Macosko2015_retina/standard/cuda/20260722_125341_1071194/benchmark_summary_median_variability.csv"
"Macosko2015_retinafastEmbedR_umap_cpu_binary_fullcpu4cpu","Macosko2015_retina","fastEmbedR_umap_cpu_binary_full","fastEmbedR::umap (binary)","fastEmbedR binary UMAP CPU (4 threads)","UMAP","cpu4","cpu","success",3,3,44808,50,30,,"float32",4,4,65.488,64.2645,66.4585,2.194,0.528213500976562,,0.919916877423706,0.356466666666667,0.414833333333333,0.46812,0.391854544242999,0.971,,"/Users/stefano/Documents/fastEmbedR-results/Macosko2015_retina/standard/cpu4/20260721_084502_1071183","/Users/stefano/Documents/fastEmbedR-results/Macosko2015_retina/standard/cpu4/20260721_084502_1071183/benchmark_summary_median_variability.csv"
"Macosko2015_retinafastEmbedR_umap_cuda_binary_fullcudacuda","Macosko2015_retina","fastEmbedR_umap_cuda_binary_full","fastEmbedR::umap (binary)","fastEmbedR binary UMAP CUDA","UMAP","cuda","cuda","success",3,3,44808,50,30,,"float32",1,,0.698,0.697,0.711,0.014,0.941429138183594,2031,0.918755875906255,0.3558,0.41525,0.46598,0.107154161812036,0.964,,"/Users/stefano/Documents/fastEmbedR-results/Macosko2015_retina/standard/cuda/20260722_125341_1071194","/Users/stefano/Documents/fastEmbedR-results/Macosko2015_retina/standard/cuda/20260722_125341_1071194/benchmark_summary_median_variability.csv"
