"dataset","method","implementation","backend","runtime","quality","reference_runtime","reference_quality","speedup","quality_delta","panel","dataset_label","pareto_method"
"COIL20","fastEmbedR_opentsne_cuda_full","fastEmbedR openTSNE CUDA","cuda",6.42,0.9052888631836,8.238,0.844871794871795,1.28317757009346,0.060417068311805,"t-SNE: trustworthiness difference vs Rtsne","COIL-20","openTSNE CUDA"
"COIL20","KlugerLab_FItSNE","FIt-SNE CPU (4 threads)","cpu",21.694,0.870143306985412,8.238,0.844871794871795,0.379736332626533,0.025271512113617,"t-SNE: trustworthiness difference vs Rtsne","COIL-20","FIt-SNE CPU4"
"COIL20","fastEmbedR_opentsne_cpu_full","fastEmbedR openTSNE CPU (4 threads)","cpu",16.438,0.905713000449843,8.238,0.844871794871795,0.501155858376932,0.0608412055780481,"t-SNE: trustworthiness difference vs Rtsne","COIL-20","openTSNE CPU4"
"FashionMNIST","KlugerLab_FItSNE","FIt-SNE CPU (4 threads)","cpu",105.28,0.930558156692489,101.257,0.924170169756277,0.961787613981763,0.00638798693621201,"t-SNE: trustworthiness difference vs Rtsne","Fashion-MNIST","FIt-SNE CPU4"
"FashionMNIST","fastEmbedR_opentsne_cpu_full","fastEmbedR openTSNE CPU (4 threads)","cpu",69.958,0.962753205479008,101.257,0.924170169756277,1.44739700963435,0.038583035722731,"t-SNE: trustworthiness difference vs Rtsne","Fashion-MNIST","openTSNE CPU4"
"FashionMNIST","fastEmbedR_opentsne_cuda_full","fastEmbedR openTSNE CUDA","cuda",1.868,0.965552839563225,101.257,0.924170169756277,54.2061027837259,0.041382669806948,"t-SNE: trustworthiness difference vs Rtsne","Fashion-MNIST","openTSNE CUDA"
"MNIST","KlugerLab_FItSNE","FIt-SNE CPU (4 threads)","cpu",116.486,0.916664166872731,125.833,0.906553648955964,1.08024140240029,0.010110517916767,"t-SNE: trustworthiness difference vs Rtsne","MNIST","FIt-SNE CPU4"
"MNIST","fastEmbedR_opentsne_cpu_full","fastEmbedR openTSNE CPU (4 threads)","cpu",69.556,0.923649266749633,125.833,0.906553648955964,1.80908907930301,0.017095617793669,"t-SNE: trustworthiness difference vs Rtsne","MNIST","openTSNE CPU4"
"MNIST","fastEmbedR_opentsne_cuda_full","fastEmbedR openTSNE CUDA","cuda",1.938,0.924249082170254,125.833,0.906553648955964,64.9293085655315,0.01769543321429,"t-SNE: trustworthiness difference vs Rtsne","MNIST","openTSNE CUDA"
"Macosko2015_retina","KlugerLab_FItSNE","FIt-SNE CPU (4 threads)","cpu",36.717,0.92447376496375,52.268,0.919542286292362,1.42353678132745,0.00493147867138799,"t-SNE: trustworthiness difference vs Rtsne","Retina","FIt-SNE CPU4"
"Macosko2015_retina","fastEmbedR_opentsne_cpu_full","fastEmbedR openTSNE CPU (4 threads)","cpu",19.013,0.925181301635475,52.268,0.919542286292362,2.74906642823331,0.00563901534311295,"t-SNE: trustworthiness difference vs Rtsne","Retina","openTSNE CPU4"
"Macosko2015_retina","fastEmbedR_opentsne_cuda_full","fastEmbedR openTSNE CUDA","cuda",0.916,0.924561355589277,52.268,0.919542286292362,57.061135371179,0.00501906929691498,"t-SNE: trustworthiness difference vs Rtsne","Retina","openTSNE CUDA"
"MetRef","KlugerLab_FItSNE","FIt-SNE CPU (4 threads)","cpu",5.548,0.868530692001887,0.878,0.878097163263931,0.158255227108868,-0.00956647126204391,"t-SNE: trustworthiness difference vs Rtsne","MetRef","FIt-SNE CPU4"
"MetRef","fastEmbedR_opentsne_cpu_full","fastEmbedR openTSNE CPU (4 threads)","cpu",1.761,0.884126586258788,0.878,0.878097163263931,0.498580352072686,0.00602942299485709,"t-SNE: trustworthiness difference vs Rtsne","MetRef","openTSNE CPU4"
"MetRef","fastEmbedR_opentsne_cuda_full","fastEmbedR openTSNE CUDA","cuda",0.701,0.885633223277856,0.878,0.878097163263931,1.25249643366619,0.00753606001392504,"t-SNE: trustworthiness difference vs Rtsne","MetRef","openTSNE CUDA"
"TabulaMuris","KlugerLab_FItSNE","FIt-SNE CPU (4 threads)","cpu",59.028,0.977028662957343,105.214,0.93335397066262,1.78244223080572,0.043674692294723,"t-SNE: trustworthiness difference vs Rtsne","Tabula Muris","FIt-SNE CPU4"
"TabulaMuris","fastEmbedR_opentsne_cpu_full","fastEmbedR openTSNE CPU (4 threads)","cpu",48.91,0.97680944191536,105.214,0.93335397066262,2.15117562870579,0.04345547125274,"t-SNE: trustworthiness difference vs Rtsne","Tabula Muris","openTSNE CPU4"
"TabulaMuris","fastEmbedR_opentsne_cuda_full","fastEmbedR openTSNE CUDA","cuda",3.088,0.983247091552858,105.214,0.93335397066262,34.0718911917098,0.049893120890238,"t-SNE: trustworthiness difference vs Rtsne","Tabula Muris","openTSNE CUDA"
"USPS","KlugerLab_FItSNE","FIt-SNE CPU (4 threads)","cpu",18.494,0.9449273132301,12.193,0.942293985330073,0.659294906456148,0.00263332790002702,"t-SNE: trustworthiness difference vs Rtsne","USPS","FIt-SNE CPU4"
"USPS","fastEmbedR_opentsne_cpu_full","fastEmbedR openTSNE CPU (4 threads)","cpu",12.508,0.948599271936974,12.193,0.942293985330073,0.974816117684682,0.006305286606901,"t-SNE: trustworthiness difference vs Rtsne","USPS","openTSNE CPU4"
"USPS","fastEmbedR_opentsne_cuda_full","fastEmbedR openTSNE CUDA","cuda",0.767,0.954678663406683,12.193,0.942293985330073,15.897001303781,0.0123846780766099,"t-SNE: trustworthiness difference vs Rtsne","USPS","openTSNE CUDA"
"flow18","KlugerLab_FItSNE","FIt-SNE CPU (4 threads)","cpu",464.383,0.974468740515933,1925.527,0.77698406676783,4.14642008859067,0.197484673748103,"t-SNE: trustworthiness difference vs Rtsne","flow18","FIt-SNE CPU4"
"flow18","fastEmbedR_opentsne_cpu_full","fastEmbedR openTSNE CPU (4 threads)","cpu",356.27,0.975126740853145,1925.527,0.77698406676783,5.40468464928285,0.198142674085315,"t-SNE: trustworthiness difference vs Rtsne","flow18","openTSNE CPU4"
"flow18","fastEmbedR_opentsne_cuda_full","fastEmbedR openTSNE CUDA","cuda",5.471,0.977266885853988,1925.527,0.77698406676783,351.951562785597,0.200282819086158,"t-SNE: trustworthiness difference vs Rtsne","flow18","openTSNE CUDA"
"mass41","KlugerLab_FItSNE","FIt-SNE CPU (4 threads)","cpu",403.201,0.970281891755185,2307.297,0.868080374304502,5.72244860503818,0.102201517450683,"t-SNE: trustworthiness difference vs Rtsne","mass41","FIt-SNE CPU4"
"mass41","fastEmbedR_opentsne_cpu_full","fastEmbedR openTSNE CPU (4 threads)","cpu",339.476,0.973045624683864,2307.297,0.868080374304502,6.79664247251647,0.104965250379362,"t-SNE: trustworthiness difference vs Rtsne","mass41","openTSNE CPU4"
"mass41","fastEmbedR_opentsne_cuda_full","fastEmbedR openTSNE CUDA","cuda",5.773,0.975007975046367,2307.297,0.868080374304502,399.67036203014,0.106927600741865,"t-SNE: trustworthiness difference vs Rtsne","mass41","openTSNE CUDA"
"COIL20","fastEmbedR_umap_cuda_binary_full","fastEmbedR binary UMAP CUDA","cuda",0.615,0.544017094017094,23.495,0.581623931623932,38.2032520325203,-0.037606837606838,"UMAP: Preserve@30 difference vs uwot fast SGD","COIL-20","binary UMAP CUDA"
"COIL20","fastEmbedR_umap_cuda_fuzzy_full","fastEmbedR fuzzy UMAP CUDA","cuda",0.602,0.514102564102564,23.495,0.581623931623932,39.0282392026578,-0.067521367521368,"UMAP: Preserve@30 difference vs uwot fast SGD","COIL-20","fuzzy UMAP CUDA"
"COIL20","fastEmbedR_umap_cpu_binary_full","fastEmbedR binary UMAP CPU (4 threads)","cpu",13.705,0.438034188034188,23.495,0.581623931623932,1.7143378329077,-0.143589743589744,"UMAP: Preserve@30 difference vs uwot fast SGD","COIL-20","binary UMAP CPU4"
"COIL20","fastEmbedR_umap_cpu_fuzzy_full","fastEmbedR fuzzy UMAP CPU (4 threads)","cpu",13.469,0.48482905982906,23.495,0.581623931623932,1.74437597445987,-0.096794871794872,"UMAP: Preserve@30 difference vs uwot fast SGD","COIL-20","fuzzy UMAP CPU4"
"FashionMNIST","fastEmbedR_umap_cuda_binary_full","fastEmbedR binary UMAP CUDA","cuda",1.04,0.58608776844071,61.679,0.545331465919701,59.3067307692308,0.0407563025210089,"UMAP: Preserve@30 difference vs uwot fast SGD","Fashion-MNIST","binary UMAP CUDA"
"FashionMNIST","fastEmbedR_umap_cpu_fuzzy_full","fastEmbedR fuzzy UMAP CPU (4 threads)","cpu",47.722,0.580999066293184,61.679,0.545331465919701,1.29246469133733,0.0356676003734829,"UMAP: Preserve@30 difference vs uwot fast SGD","Fashion-MNIST","fuzzy UMAP CPU4"
"FashionMNIST","fastEmbedR_umap_cuda_fuzzy_full","fastEmbedR fuzzy UMAP CUDA","cuda",0.972,0.574743230625584,61.679,0.545331465919701,63.4557613168724,0.0294117647058829,"UMAP: Preserve@30 difference vs uwot fast SGD","Fashion-MNIST","fuzzy UMAP CUDA"
"FashionMNIST","fastEmbedR_umap_cpu_binary_full","fastEmbedR binary UMAP CPU (4 threads)","cpu",121.761,0.593650793650794,61.679,0.545331465919701,0.506557929057744,0.0483193277310929,"UMAP: Preserve@30 difference vs uwot fast SGD","Fashion-MNIST","binary UMAP CPU4"
"MNIST","fastEmbedR_umap_cpu_binary_full","fastEmbedR binary UMAP CPU (4 threads)","cpu",113.974,0.496825396825397,65.338,0.491316526610644,0.573271096916841,0.00550887021475299,"UMAP: Preserve@30 difference vs uwot fast SGD","MNIST","binary UMAP CPU4"
"MNIST","fastEmbedR_umap_cuda_binary_full","fastEmbedR binary UMAP CUDA","cuda",1.047,0.494677871148459,65.338,0.491316526610644,62.4049665711557,0.003361344537815,"UMAP: Preserve@30 difference vs uwot fast SGD","MNIST","binary UMAP CUDA"
"MNIST","fastEmbedR_umap_cpu_fuzzy_full","fastEmbedR fuzzy UMAP CPU (4 threads)","cpu",50.042,0.490056022408964,65.338,0.491316526610644,1.30566324287598,-0.00126050420168,"UMAP: Preserve@30 difference vs uwot fast SGD","MNIST","fuzzy UMAP CPU4"
"MNIST","fastEmbedR_umap_cuda_fuzzy_full","fastEmbedR fuzzy UMAP CUDA","cuda",0.991,0.490429505135387,65.338,0.491316526610644,65.9313824419778,-0.000887021475256988,"UMAP: Preserve@30 difference vs uwot fast SGD","MNIST","fuzzy UMAP CUDA"
"Macosko2015_retina","fastEmbedR_umap_cpu_fuzzy_full","fastEmbedR fuzzy UMAP CPU (4 threads)","cpu",17.928,0.4069,20.831,0.40715,1.16192547969656,-0.000250000000000028,"UMAP: Preserve@30 difference vs uwot fast SGD","Retina","fuzzy UMAP CPU4"
"Macosko2015_retina","fastEmbedR_umap_cuda_fuzzy_full","fastEmbedR fuzzy UMAP CUDA","cuda",0.656,0.399033333333333,20.831,0.40715,31.7545731707317,-0.00811666666666699,"UMAP: Preserve@30 difference vs uwot fast SGD","Retina","fuzzy UMAP CUDA"
"Macosko2015_retina","fastEmbedR_umap_cpu_binary_full","fastEmbedR binary UMAP CPU (4 threads)","cpu",65.488,0.414833333333333,20.831,0.40715,0.318088810163694,0.00768333333333299,"UMAP: Preserve@30 difference vs uwot fast SGD","Retina","binary UMAP CPU4"
"Macosko2015_retina","fastEmbedR_umap_cuda_binary_full","fastEmbedR binary UMAP CUDA","cuda",0.698,0.41525,20.831,0.40715,29.8438395415473,0.0081,"UMAP: Preserve@30 difference vs uwot fast SGD","Retina","binary UMAP CUDA"
"MetRef","fastEmbedR_umap_cpu_fuzzy_full","fastEmbedR fuzzy UMAP CPU (4 threads)","cpu",0.669,0.414471172203131,1.578,0.422947689957999,2.35874439461883,-0.00847651775486796,"UMAP: Preserve@30 difference vs uwot fast SGD","MetRef","fuzzy UMAP CPU4"
"MetRef","fastEmbedR_umap_cuda_fuzzy_full","fastEmbedR fuzzy UMAP CUDA","cuda",0.58,0.42401680030546,1.578,0.422947689957999,2.72068965517241,0.00106911034746104,"UMAP: Preserve@30 difference vs uwot fast SGD","MetRef","fuzzy UMAP CUDA"
"MetRef","fastEmbedR_umap_cpu_binary_full","fastEmbedR binary UMAP CPU (4 threads)","cpu",0.955,0.347155402825506,1.578,0.422947689957999,1.65235602094241,-0.075792287132493,"UMAP: Preserve@30 difference vs uwot fast SGD","MetRef","binary UMAP CPU4"
"MetRef","fastEmbedR_umap_cuda_binary_full","fastEmbedR binary UMAP CUDA","cuda",0.578,0.363535700649103,1.578,0.422947689957999,2.73010380622837,-0.059411989308896,"UMAP: Preserve@30 difference vs uwot fast SGD","MetRef","binary UMAP CUDA"
"TabulaMuris","fastEmbedR_umap_cpu_fuzzy_full","fastEmbedR fuzzy UMAP CPU (4 threads)","cpu",33.012,0.6115,59.054,0.640133333333333,1.78886465527687,-0.028633333333333,"UMAP: Preserve@30 difference vs uwot fast SGD","Tabula Muris","fuzzy UMAP CPU4"
"TabulaMuris","fastEmbedR_umap_cuda_fuzzy_full","fastEmbedR fuzzy UMAP CUDA","cuda",0.891,0.603483333333333,59.054,0.640133333333333,66.2783389450056,-0.03665,"UMAP: Preserve@30 difference vs uwot fast SGD","Tabula Muris","fuzzy UMAP CUDA"
"TabulaMuris","fastEmbedR_umap_cpu_binary_full","fastEmbedR binary UMAP CPU (4 threads)","cpu",105.016,0.647966666666667,59.054,0.640133333333333,0.562333358726289,0.00783333333333402,"UMAP: Preserve@30 difference vs uwot fast SGD","Tabula Muris","binary UMAP CPU4"
"TabulaMuris","fastEmbedR_umap_cuda_binary_full","fastEmbedR binary UMAP CUDA","cuda",0.981,0.649883333333333,59.054,0.640133333333333,60.1977573904179,0.00975000000000004,"UMAP: Preserve@30 difference vs uwot fast SGD","Tabula Muris","binary UMAP CUDA"
"USPS","fastEmbedR_umap_cuda_binary_full","fastEmbedR binary UMAP CUDA","cuda",0.616,0.393946666666667,7.497,0.3724,12.1704545454545,0.021546666666667,"UMAP: Preserve@30 difference vs uwot fast SGD","USPS","binary UMAP CUDA"
"USPS","fastEmbedR_umap_cpu_fuzzy_full","fastEmbedR fuzzy UMAP CPU (4 threads)","cpu",5.857,0.366933333333333,7.497,0.3724,1.28000682943486,-0.00546666666666701,"UMAP: Preserve@30 difference vs uwot fast SGD","USPS","fuzzy UMAP CPU4"
"USPS","fastEmbedR_umap_cpu_binary_full","fastEmbedR binary UMAP CPU (4 threads)","cpu",15.192,0.4036,7.497,0.3724,0.493483412322275,0.0312,"UMAP: Preserve@30 difference vs uwot fast SGD","USPS","binary UMAP CPU4"
"USPS","fastEmbedR_umap_cuda_fuzzy_full","fastEmbedR fuzzy UMAP CUDA","cuda",0.628,0.36496,7.497,0.3724,11.937898089172,-0.00744,"UMAP: Preserve@30 difference vs uwot fast SGD","USPS","fuzzy UMAP CUDA"
"flow18","fastEmbedR_umap_cpu_binary_full","fastEmbedR binary UMAP CPU (4 threads)","cpu",878.961,0.433583333333333,789.126,0.429433333333333,0.897794100079526,0.00414999999999999,"UMAP: Preserve@30 difference vs uwot fast SGD","flow18","binary UMAP CPU4"
"flow18","fastEmbedR_umap_cuda_binary_full","fastEmbedR binary UMAP CUDA","cuda",2.562,0.4303,789.126,0.429433333333333,308.011709601874,0.000866666666667015,"UMAP: Preserve@30 difference vs uwot fast SGD","flow18","binary UMAP CUDA"
"flow18","fastEmbedR_umap_cpu_fuzzy_full","fastEmbedR fuzzy UMAP CPU (4 threads)","cpu",398.817,0.4298,789.126,0.429433333333333,1.97866690737857,0.000366666666667015,"UMAP: Preserve@30 difference vs uwot fast SGD","flow18","fuzzy UMAP CPU4"
"flow18","fastEmbedR_umap_cuda_fuzzy_full","fastEmbedR fuzzy UMAP CUDA","cuda",1.77,0.427016666666667,789.126,0.429433333333333,445.833898305085,-0.00241666666666601,"UMAP: Preserve@30 difference vs uwot fast SGD","flow18","fuzzy UMAP CUDA"
"mass41","fastEmbedR_umap_cpu_fuzzy_full","fastEmbedR fuzzy UMAP CPU (4 threads)","cpu",411.15,0.4102,407.708,0.41075,0.991628359479509,-0.000549999999999995,"UMAP: Preserve@30 difference vs uwot fast SGD","mass41","fuzzy UMAP CPU4"
"mass41","fastEmbedR_umap_cuda_fuzzy_full","fastEmbedR fuzzy UMAP CUDA","cuda",2.151,0.409,407.708,0.41075,189.543468154347,-0.00175000000000003,"UMAP: Preserve@30 difference vs uwot fast SGD","mass41","fuzzy UMAP CUDA"
"mass41","fastEmbedR_umap_cpu_binary_full","fastEmbedR binary UMAP CPU (4 threads)","cpu",844.689,0.413716666666667,407.708,0.41075,0.482672320818668,0.00296666666666701,"UMAP: Preserve@30 difference vs uwot fast SGD","mass41","binary UMAP CPU4"
"mass41","fastEmbedR_umap_cuda_binary_full","fastEmbedR binary UMAP CUDA","cuda",3.009,0.41075,407.708,0.41075,135.49617813227,0,"UMAP: Preserve@30 difference vs uwot fast SGD","mass41","binary UMAP CUDA"
