"dataset","reference","status","edge_jaccard","weight_pearson","weight_spearman","weight_l1_similarity","validation_sample_n","error","suite","profile","source_file"
"COIL20","Python openTSNE exact affinity","success",1,0.999999955513668,0.863173238233679,0.999960678882887,1440,,"standard","cpu1","/Users/stefano/Documents/fastEmbedR-results/COIL20/standard/cpu1/20260721_084502_1071167/tsne_affinity_agreement_vs_python_opentsne.csv"
"COIL20","Python openTSNE exact affinity","success",1,0.999999955513668,0.863173238233679,0.999960678882887,1440,,"standard","cpu4","/Users/stefano/Documents/fastEmbedR-results/COIL20/standard/cpu4/20260721_084502_1071178/tsne_affinity_agreement_vs_python_opentsne.csv"
"COIL20","Python openTSNE exact affinity","success",1,0.999999955513668,0.863173238233679,0.999960678882887,1440,,"standard","cuda","/Users/stefano/Documents/fastEmbedR-results/COIL20/standard/cuda/20260721_192838_1071189/tsne_affinity_agreement_vs_python_opentsne.csv"
"FashionMNIST","Python openTSNE exact affinity","success",1,0.999999962871636,0.834999618552442,0.999962048722001,2000,,"standard","cpu1","/Users/stefano/Documents/fastEmbedR-results/FashionMNIST/standard/cpu1/20260721_084502_1071168/tsne_affinity_agreement_vs_python_opentsne.csv"
"FashionMNIST","Python openTSNE exact affinity","success",1,0.999999962871636,0.834999618552442,0.999962048722001,2000,,"standard","cpu4","/Users/stefano/Documents/fastEmbedR-results/FashionMNIST/standard/cpu4/20260721_084502_1071179/tsne_affinity_agreement_vs_python_opentsne.csv"
"FashionMNIST","Python openTSNE exact affinity","success",1,0.999999962871636,0.834999618552442,0.999962048722001,2000,,"standard","cuda","/Users/stefano/Documents/fastEmbedR-results/FashionMNIST/standard/cuda/20260721_193104_1071190/tsne_affinity_agreement_vs_python_opentsne.csv"
"FlowRepository_FR-FCM-ZYRM_files","Python openTSNE exact affinity","success",1,0.999966203347147,0.998286928754553,0.998846681756493,2000,,"standard","cpu1","/Users/stefano/Documents/fastEmbedR-results/FlowRepository_FR-FCM-ZYRM_files/standard/cpu1/20260721_084502_1071170/tsne_affinity_agreement_vs_python_opentsne.csv"
"FlowRepository_FR-FCM-ZYRM_files","Python openTSNE exact affinity","success",1,0.999966203347147,0.998286928754553,0.998846681756493,2000,,"standard","cuda","/Users/stefano/Documents/fastEmbedR-results/FlowRepository_FR-FCM-ZYRM_files/standard/cuda/20260721_193418_1071192/tsne_affinity_agreement_vs_python_opentsne.csv"
"MNIST","Python openTSNE exact affinity","success",1,0.999999961669134,0.85203945506073,0.999961905957052,2000,,"standard","cpu1","/Users/stefano/Documents/fastEmbedR-results/MNIST/standard/cpu1/20260721_084502_1071175/tsne_affinity_agreement_vs_python_opentsne.csv"
"MNIST","Python openTSNE exact affinity","success",1,0.999999961669134,0.85203945506073,0.999961905957052,2000,,"standard","cpu4","/Users/stefano/Documents/fastEmbedR-results/MNIST/standard/cpu4/20260721_084502_1071186/tsne_affinity_agreement_vs_python_opentsne.csv"
"MNIST","Python openTSNE exact affinity","success",1,0.999999961669134,0.85203945506073,0.999961905957052,2000,,"standard","cuda","/Users/stefano/Documents/fastEmbedR-results/MNIST/standard/cuda/20260722_125640_1071197/tsne_affinity_agreement_vs_python_opentsne.csv"
"Macosko2015_retina","Python openTSNE exact affinity","success",1,0.999964313410694,0.991653059199226,0.998836302662543,2000,,"standard","cpu1","/Users/stefano/Documents/fastEmbedR-results/Macosko2015_retina/standard/cpu1/20260721_084502_1071172/tsne_affinity_agreement_vs_python_opentsne.csv"
"Macosko2015_retina","Python openTSNE exact affinity","success",1,0.999964313410694,0.991653059199226,0.998836302662543,2000,,"standard","cpu4","/Users/stefano/Documents/fastEmbedR-results/Macosko2015_retina/standard/cpu4/20260721_084502_1071183/tsne_affinity_agreement_vs_python_opentsne.csv"
"Macosko2015_retina","Python openTSNE exact affinity","success",1,0.999964313410694,0.991653059199226,0.998836302662543,2000,,"standard","cuda","/Users/stefano/Documents/fastEmbedR-results/Macosko2015_retina/standard/cuda/20260722_125341_1071194/tsne_affinity_agreement_vs_python_opentsne.csv"
"MetRef","Python openTSNE exact affinity","success",1,0.99996314166444,0.989500304798113,0.99886995975392,873,,"standard","cpu1","/Users/stefano/Documents/fastEmbedR-results/MetRef/standard/cpu1/20260721_084502_1071174/tsne_affinity_agreement_vs_python_opentsne.csv"
"MetRef","Python openTSNE exact affinity","success",1,0.99996314166444,0.989500304798113,0.99886995975392,873,,"standard","cpu4","/Users/stefano/Documents/fastEmbedR-results/MetRef/standard/cpu4/20260721_084502_1071185/tsne_affinity_agreement_vs_python_opentsne.csv"
"MetRef","Python openTSNE exact affinity","success",1,0.99996314166444,0.989500304798113,0.99886995975392,873,,"standard","cuda","/Users/stefano/Documents/fastEmbedR-results/MetRef/standard/cuda/20260722_125527_1071196/tsne_affinity_agreement_vs_python_opentsne.csv"
"TabulaMuris","Python openTSNE exact affinity","success",1,0.999961421584905,0.99921545366272,0.998783002178777,2000,,"standard","cpu1","/Users/stefano/Documents/fastEmbedR-results/TabulaMuris/standard/cpu1/20260721_084502_1071176/tsne_affinity_agreement_vs_python_opentsne.csv"
"TabulaMuris","Python openTSNE exact affinity","success",1,0.999961421584905,0.99921545366272,0.998783002178777,2000,,"standard","cpu4","/Users/stefano/Documents/fastEmbedR-results/TabulaMuris/standard/cpu4/20260721_084502_1071187/tsne_affinity_agreement_vs_python_opentsne.csv"
"TabulaMuris","Python openTSNE exact affinity","success",1,0.999961421584905,0.99921545366272,0.998783002178777,2000,,"standard","cuda","/Users/stefano/Documents/fastEmbedR-results/TabulaMuris/standard/cuda/20260722_155959_1071198/tsne_affinity_agreement_vs_python_opentsne.csv"
"USPS","Python openTSNE exact affinity","success",0.998878163928296,0.996517180090065,0.819941697082789,0.999275765811679,2000,,"standard","cpu1","/Users/stefano/Documents/fastEmbedR-results/USPS/standard/cpu1/20260721_084502_1071177/tsne_affinity_agreement_vs_python_opentsne.csv"
"USPS","Python openTSNE exact affinity","success",0.99901832460733,0.996320625011742,0.819774571697135,0.999242230179724,2000,,"standard","cpu4","/Users/stefano/Documents/fastEmbedR-results/USPS/standard/cpu4/20260721_084502_1071188/tsne_affinity_agreement_vs_python_opentsne.csv"
"USPS","Python openTSNE exact affinity","success",0.998878163928296,0.996517180090065,0.819941697082789,0.999275765811679,2000,,"standard","cuda","/Users/stefano/Documents/fastEmbedR-results/USPS/standard/cuda/20260722_160038_1071199/tsne_affinity_agreement_vs_python_opentsne.csv"
"flow18","Python openTSNE exact affinity","success",1,0.999964807264136,0.998379584792764,0.998805601108194,2000,,"standard","cpu1","/Users/stefano/Documents/fastEmbedR-results/flow18/standard/cpu1/20260721_084502_1071169/tsne_affinity_agreement_vs_python_opentsne.csv"
"flow18","Python openTSNE exact affinity","success",1,0.999964807264136,0.998379584792764,0.998805601108194,2000,,"standard","cpu4","/Users/stefano/Documents/fastEmbedR-results/flow18/standard/cpu4/20260721_084502_1071180/tsne_affinity_agreement_vs_python_opentsne.csv"
"flow18","Python openTSNE exact affinity","success",1,0.999964807264136,0.998379584792764,0.998805601108194,2000,,"standard","cuda","/Users/stefano/Documents/fastEmbedR-results/flow18/standard/cuda/20260721_193325_1071191/tsne_affinity_agreement_vs_python_opentsne.csv"
"imagenet","Python openTSNE exact affinity","not_available",,,,,,"validation cache is missing","standard","cpu1","/Users/stefano/Documents/fastEmbedR-results/imagenet/standard/cpu1/20260721_084502_1071171/tsne_affinity_agreement_vs_python_opentsne.csv"
"imagenet","Python openTSNE exact affinity","success",1,0.999992841146946,0.743759835256229,0.999845122889852,2000,,"standard","cpu4","/Users/stefano/Documents/fastEmbedR-results/imagenet/standard/cpu4/20260721_084502_1071182/tsne_affinity_agreement_vs_python_opentsne.csv"
"mass41","Python openTSNE exact affinity","success",1,0.999966070811677,0.998463380317083,0.998833644246059,2000,,"standard","cpu1","/Users/stefano/Documents/fastEmbedR-results/mass41/standard/cpu1/20260721_084502_1071173/tsne_affinity_agreement_vs_python_opentsne.csv"
"mass41","Python openTSNE exact affinity","success",1,0.999966070811677,0.998463380317083,0.998833644246059,2000,,"standard","cpu4","/Users/stefano/Documents/fastEmbedR-results/mass41/standard/cpu4/20260721_084502_1071184/tsne_affinity_agreement_vs_python_opentsne.csv"
"mass41","Python openTSNE exact affinity","success",1,0.999966070811677,0.998463380317083,0.998833644246059,2000,,"standard","cuda","/Users/stefano/Documents/fastEmbedR-results/mass41/standard/cuda/20260722_125342_1071195/tsne_affinity_agreement_vs_python_opentsne.csv"
